# Original EVEngine riverside cottage; Y up, front +Z, units=map units
mtllib cottage.mtl
o cottage_stone
usemtl stone
s off
v -88.000000 0.000000 42.000000
vt 0.005000 0.255000
vn 0.000000 0.000000 1.000000
v 88.000000 0.000000 42.000000
vt 0.245000 0.255000
vn 0.000000 0.000000 1.000000
v 88.000000 10.000000 42.000000
vt 0.245000 0.495000
vn 0.000000 0.000000 1.000000
v -88.000000 10.000000 42.000000
vt 0.005000 0.495000
vn 0.000000 0.000000 1.000000
f 1/1/1 2/2/2 3/3/3
f 1/1/1 3/3/3 4/4/4
v 88.000000 0.000000 -42.000000
vt 0.005000 0.255000
vn 0.000000 0.000000 -1.000000
v -88.000000 0.000000 -42.000000
vt 0.245000 0.255000
vn 0.000000 0.000000 -1.000000
v -88.000000 10.000000 -42.000000
vt 0.245000 0.495000
vn 0.000000 0.000000 -1.000000
v 88.000000 10.000000 -42.000000
vt 0.005000 0.495000
vn 0.000000 0.000000 -1.000000
f 5/5/5 6/6/6 7/7/7
f 5/5/5 7/7/7 8/8/8
v 88.000000 0.000000 42.000000
vt 0.005000 0.255000
vn 1.000000 0.000000 0.000000
v 88.000000 0.000000 -42.000000
vt 0.245000 0.255000
vn 1.000000 0.000000 0.000000
v 88.000000 10.000000 -42.000000
vt 0.245000 0.495000
vn 1.000000 0.000000 0.000000
v 88.000000 10.000000 42.000000
vt 0.005000 0.495000
vn 1.000000 0.000000 0.000000
f 9/9/9 10/10/10 11/11/11
f 9/9/9 11/11/11 12/12/12
v -88.000000 0.000000 -42.000000
vt 0.005000 0.255000
vn -1.000000 0.000000 0.000000
v -88.000000 0.000000 42.000000
vt 0.245000 0.255000
vn -1.000000 0.000000 0.000000
v -88.000000 10.000000 42.000000
vt 0.245000 0.495000
vn -1.000000 0.000000 0.000000
v -88.000000 10.000000 -42.000000
vt 0.005000 0.495000
vn -1.000000 0.000000 0.000000
f 13/13/13 14/14/14 15/15/15
f 13/13/13 15/15/15 16/16/16
v -88.000000 10.000000 42.000000
vt 0.005000 0.255000
vn 0.000000 1.000000 0.000000
v 88.000000 10.000000 42.000000
vt 0.245000 0.255000
vn 0.000000 1.000000 0.000000
v 88.000000 10.000000 -42.000000
vt 0.245000 0.495000
vn 0.000000 1.000000 0.000000
v -88.000000 10.000000 -42.000000
vt 0.005000 0.495000
vn 0.000000 1.000000 0.000000
f 17/17/17 18/18/18 19/19/19
f 17/17/17 19/19/19 20/20/20
v -88.000000 0.000000 -42.000000
vt 0.005000 0.255000
vn 0.000000 -1.000000 0.000000
v 88.000000 0.000000 -42.000000
vt 0.245000 0.255000
vn 0.000000 -1.000000 0.000000
v 88.000000 0.000000 42.000000
vt 0.245000 0.495000
vn 0.000000 -1.000000 0.000000
v -88.000000 0.000000 42.000000
vt 0.005000 0.495000
vn 0.000000 -1.000000 0.000000
f 21/21/21 22/22/22 23/23/23
f 21/21/21 23/23/23 24/24/24
v -73.000000 31.000000 48.000000
vt 0.005000 0.255000
vn 0.000000 0.000000 1.000000
v -37.000000 31.000000 48.000000
vt 0.245000 0.255000
vn 0.000000 0.000000 1.000000
v -37.000000 34.000000 48.000000
vt 0.245000 0.495000
vn 0.000000 0.000000 1.000000
v -73.000000 34.000000 48.000000
vt 0.005000 0.495000
vn 0.000000 0.000000 1.000000
f 25/25/25 26/26/26 27/27/27
f 25/25/25 27/27/27 28/28/28
v -37.000000 31.000000 40.000000
vt 0.005000 0.255000
vn 0.000000 0.000000 -1.000000
v -73.000000 31.000000 40.000000
vt 0.245000 0.255000
vn 0.000000 0.000000 -1.000000
v -73.000000 34.000000 40.000000
vt 0.245000 0.495000
vn 0.000000 0.000000 -1.000000
v -37.000000 34.000000 40.000000
vt 0.005000 0.495000
vn 0.000000 0.000000 -1.000000
f 29/29/29 30/30/30 31/31/31
f 29/29/29 31/31/31 32/32/32
v -37.000000 31.000000 48.000000
vt 0.005000 0.255000
vn 1.000000 0.000000 0.000000
v -37.000000 31.000000 40.000000
vt 0.245000 0.255000
vn 1.000000 0.000000 0.000000
v -37.000000 34.000000 40.000000
vt 0.245000 0.495000
vn 1.000000 0.000000 0.000000
v -37.000000 34.000000 48.000000
vt 0.005000 0.495000
vn 1.000000 0.000000 0.000000
f 33/33/33 34/34/34 35/35/35
f 33/33/33 35/35/35 36/36/36
v -73.000000 31.000000 40.000000
vt 0.005000 0.255000
vn -1.000000 0.000000 0.000000
v -73.000000 31.000000 48.000000
vt 0.245000 0.255000
vn -1.000000 0.000000 0.000000
v -73.000000 34.000000 48.000000
vt 0.245000 0.495000
vn -1.000000 0.000000 0.000000
v -73.000000 34.000000 40.000000
vt 0.005000 0.495000
vn -1.000000 0.000000 0.000000
f 37/37/37 38/38/38 39/39/39
f 37/37/37 39/39/39 40/40/40
v -73.000000 34.000000 48.000000
vt 0.005000 0.255000
vn 0.000000 1.000000 0.000000
v -37.000000 34.000000 48.000000
vt 0.245000 0.255000
vn 0.000000 1.000000 0.000000
v -37.000000 34.000000 40.000000
vt 0.245000 0.495000
vn 0.000000 1.000000 0.000000
v -73.000000 34.000000 40.000000
vt 0.005000 0.495000
vn 0.000000 1.000000 0.000000
f 41/41/41 42/42/42 43/43/43
f 41/41/41 43/43/43 44/44/44
v -73.000000 31.000000 40.000000
vt 0.005000 0.255000
vn 0.000000 -1.000000 0.000000
v -37.000000 31.000000 40.000000
vt 0.245000 0.255000
vn 0.000000 -1.000000 0.000000
v -37.000000 31.000000 48.000000
vt 0.245000 0.495000
vn 0.000000 -1.000000 0.000000
v -73.000000 31.000000 48.000000
vt 0.005000 0.495000
vn 0.000000 -1.000000 0.000000
f 45/45/45 46/46/46 47/47/47
f 45/45/45 47/47/47 48/48/48
v 37.000000 31.000000 48.000000
vt 0.005000 0.255000
vn 0.000000 0.000000 1.000000
v 73.000000 31.000000 48.000000
vt 0.245000 0.255000
vn 0.000000 0.000000 1.000000
v 73.000000 34.000000 48.000000
vt 0.245000 0.495000
vn 0.000000 0.000000 1.000000
v 37.000000 34.000000 48.000000
vt 0.005000 0.495000
vn 0.000000 0.000000 1.000000
f 49/49/49 50/50/50 51/51/51
f 49/49/49 51/51/51 52/52/52
v 73.000000 31.000000 40.000000
vt 0.005000 0.255000
vn 0.000000 0.000000 -1.000000
v 37.000000 31.000000 40.000000
vt 0.245000 0.255000
vn 0.000000 0.000000 -1.000000
v 37.000000 34.000000 40.000000
vt 0.245000 0.495000
vn 0.000000 0.000000 -1.000000
v 73.000000 34.000000 40.000000
vt 0.005000 0.495000
vn 0.000000 0.000000 -1.000000
f 53/53/53 54/54/54 55/55/55
f 53/53/53 55/55/55 56/56/56
v 73.000000 31.000000 48.000000
vt 0.005000 0.255000
vn 1.000000 0.000000 0.000000
v 73.000000 31.000000 40.000000
vt 0.245000 0.255000
vn 1.000000 0.000000 0.000000
v 73.000000 34.000000 40.000000
vt 0.245000 0.495000
vn 1.000000 0.000000 0.000000
v 73.000000 34.000000 48.000000
vt 0.005000 0.495000
vn 1.000000 0.000000 0.000000
f 57/57/57 58/58/58 59/59/59
f 57/57/57 59/59/59 60/60/60
v 37.000000 31.000000 40.000000
vt 0.005000 0.255000
vn -1.000000 0.000000 0.000000
v 37.000000 31.000000 48.000000
vt 0.245000 0.255000
vn -1.000000 0.000000 0.000000
v 37.000000 34.000000 48.000000
vt 0.245000 0.495000
vn -1.000000 0.000000 0.000000
v 37.000000 34.000000 40.000000
vt 0.005000 0.495000
vn -1.000000 0.000000 0.000000
f 61/61/61 62/62/62 63/63/63
f 61/61/61 63/63/63 64/64/64
v 37.000000 34.000000 48.000000
vt 0.005000 0.255000
vn 0.000000 1.000000 0.000000
v 73.000000 34.000000 48.000000
vt 0.245000 0.255000
vn 0.000000 1.000000 0.000000
v 73.000000 34.000000 40.000000
vt 0.245000 0.495000
vn 0.000000 1.000000 0.000000
v 37.000000 34.000000 40.000000
vt 0.005000 0.495000
vn 0.000000 1.000000 0.000000
f 65/65/65 66/66/66 67/67/67
f 65/65/65 67/67/67 68/68/68
v 37.000000 31.000000 40.000000
vt 0.005000 0.255000
vn 0.000000 -1.000000 0.000000
v 73.000000 31.000000 40.000000
vt 0.245000 0.255000
vn 0.000000 -1.000000 0.000000
v 73.000000 31.000000 48.000000
vt 0.245000 0.495000
vn 0.000000 -1.000000 0.000000
v 37.000000 31.000000 48.000000
vt 0.005000 0.495000
vn 0.000000 -1.000000 0.000000
f 69/69/69 70/70/70 71/71/71
f 69/69/69 71/71/71 72/72/72
v 39.000000 147.000000 -3.000000
vt 0.005000 0.255000
vn 0.000000 0.000000 1.000000
v 64.000000 147.000000 -3.000000
vt 0.245000 0.255000
vn 0.000000 0.000000 1.000000
v 64.000000 153.000000 -3.000000
vt 0.245000 0.495000
vn 0.000000 0.000000 1.000000
v 39.000000 153.000000 -3.000000
vt 0.005000 0.495000
vn 0.000000 0.000000 1.000000
f 73/73/73 74/74/74 75/75/75
f 73/73/73 75/75/75 76/76/76
v 64.000000 147.000000 -27.000000
vt 0.005000 0.255000
vn 0.000000 0.000000 -1.000000
v 39.000000 147.000000 -27.000000
vt 0.245000 0.255000
vn 0.000000 0.000000 -1.000000
v 39.000000 153.000000 -27.000000
vt 0.245000 0.495000
vn 0.000000 0.000000 -1.000000
v 64.000000 153.000000 -27.000000
vt 0.005000 0.495000
vn 0.000000 0.000000 -1.000000
f 77/77/77 78/78/78 79/79/79
f 77/77/77 79/79/79 80/80/80
v 64.000000 147.000000 -3.000000
vt 0.005000 0.255000
vn 1.000000 0.000000 0.000000
v 64.000000 147.000000 -27.000000
vt 0.245000 0.255000
vn 1.000000 0.000000 0.000000
v 64.000000 153.000000 -27.000000
vt 0.245000 0.495000
vn 1.000000 0.000000 0.000000
v 64.000000 153.000000 -3.000000
vt 0.005000 0.495000
vn 1.000000 0.000000 0.000000
f 81/81/81 82/82/82 83/83/83
f 81/81/81 83/83/83 84/84/84
v 39.000000 147.000000 -27.000000
vt 0.005000 0.255000
vn -1.000000 0.000000 0.000000
v 39.000000 147.000000 -3.000000
vt 0.245000 0.255000
vn -1.000000 0.000000 0.000000
v 39.000000 153.000000 -3.000000
vt 0.245000 0.495000
vn -1.000000 0.000000 0.000000
v 39.000000 153.000000 -27.000000
vt 0.005000 0.495000
vn -1.000000 0.000000 0.000000
f 85/85/85 86/86/86 87/87/87
f 85/85/85 87/87/87 88/88/88
v 39.000000 153.000000 -3.000000
vt 0.005000 0.255000
vn 0.000000 1.000000 0.000000
v 64.000000 153.000000 -3.000000
vt 0.245000 0.255000
vn 0.000000 1.000000 0.000000
v 64.000000 153.000000 -27.000000
vt 0.245000 0.495000
vn 0.000000 1.000000 0.000000
v 39.000000 153.000000 -27.000000
vt 0.005000 0.495000
vn 0.000000 1.000000 0.000000
f 89/89/89 90/90/90 91/91/91
f 89/89/89 91/91/91 92/92/92
v 39.000000 147.000000 -27.000000
vt 0.005000 0.255000
vn 0.000000 -1.000000 0.000000
v 64.000000 147.000000 -27.000000
vt 0.245000 0.255000
vn 0.000000 -1.000000 0.000000
v 64.000000 147.000000 -3.000000
vt 0.245000 0.495000
vn 0.000000 -1.000000 0.000000
v 39.000000 147.000000 -3.000000
vt 0.005000 0.495000
vn 0.000000 -1.000000 0.000000
f 93/93/93 94/94/94 95/95/95
f 93/93/93 95/95/95 96/96/96
o cottage_plaster
usemtl plaster
s off
v -86.000000 10.000000 40.000000
vt 0.000000 0.000000
vn 0.000000 0.000000 1.000000
v 86.000000 10.000000 40.000000
vt 1.000000 0.000000
vn 0.000000 0.000000 1.000000
v 86.000000 78.000000 40.000000
vt 1.000000 1.000000
vn 0.000000 0.000000 1.000000
v -86.000000 78.000000 40.000000
vt 0.000000 1.000000
vn 0.000000 0.000000 1.000000
f 97/97/97 98/98/98 99/99/99
f 97/97/97 99/99/99 100/100/100
v 86.000000 10.000000 -40.000000
vt 0.000000 0.000000
vn 0.000000 0.000000 -1.000000
v -86.000000 10.000000 -40.000000
vt 1.000000 0.000000
vn 0.000000 0.000000 -1.000000
v -86.000000 78.000000 -40.000000
vt 1.000000 1.000000
vn 0.000000 0.000000 -1.000000
v 86.000000 78.000000 -40.000000
vt 0.000000 1.000000
vn 0.000000 0.000000 -1.000000
f 101/101/101 102/102/102 103/103/103
f 101/101/101 103/103/103 104/104/104
v 86.000000 10.000000 40.000000
vt 0.000000 0.000000
vn 1.000000 0.000000 0.000000
v 86.000000 10.000000 -40.000000
vt 1.000000 0.000000
vn 1.000000 0.000000 0.000000
v 86.000000 78.000000 -40.000000
vt 1.000000 1.000000
vn 1.000000 0.000000 0.000000
v 86.000000 78.000000 40.000000
vt 0.000000 1.000000
vn 1.000000 0.000000 0.000000
f 105/105/105 106/106/106 107/107/107
f 105/105/105 107/107/107 108/108/108
v -86.000000 10.000000 -40.000000
vt 0.000000 0.000000
vn -1.000000 0.000000 0.000000
v -86.000000 10.000000 40.000000
vt 1.000000 0.000000
vn -1.000000 0.000000 0.000000
v -86.000000 78.000000 40.000000
vt 1.000000 1.000000
vn -1.000000 0.000000 0.000000
v -86.000000 78.000000 -40.000000
vt 0.000000 1.000000
vn -1.000000 0.000000 0.000000
f 109/109/109 110/110/110 111/111/111
f 109/109/109 111/111/111 112/112/112
v -86.000000 78.000000 40.000000
vt 0.000000 0.000000
vn 0.000000 1.000000 0.000000
v 86.000000 78.000000 40.000000
vt 1.000000 0.000000
vn 0.000000 1.000000 0.000000
v 86.000000 78.000000 -40.000000
vt 1.000000 1.000000
vn 0.000000 1.000000 0.000000
v -86.000000 78.000000 -40.000000
vt 0.000000 1.000000
vn 0.000000 1.000000 0.000000
f 113/113/113 114/114/114 115/115/115
f 113/113/113 115/115/115 116/116/116
v -86.000000 10.000000 -40.000000
vt 0.000000 0.000000
vn 0.000000 -1.000000 0.000000
v 86.000000 10.000000 -40.000000
vt 1.000000 0.000000
vn 0.000000 -1.000000 0.000000
v 86.000000 10.000000 40.000000
vt 1.000000 1.000000
vn 0.000000 -1.000000 0.000000
v -86.000000 10.000000 40.000000
vt 0.000000 1.000000
vn 0.000000 -1.000000 0.000000
f 117/117/117 118/118/118 119/119/119
f 117/117/117 119/119/119 120/120/120
v -86.000000 78.000000 -40.000000
vt 0.000000 0.000000
vn -1.000000 0.000000 0.000000
v -86.000000 78.000000 40.000000
vt 1.000000 0.000000
vn -1.000000 0.000000 0.000000
v -86.000000 126.000000 0.000000
vt 1.000000 1.000000
vn -1.000000 0.000000 0.000000
f 121/121/121 122/122/122 123/123/123
v 86.000000 126.000000 0.000000
vt 0.000000 0.000000
vn 1.000000 0.000000 0.000000
v 86.000000 78.000000 40.000000
vt 1.000000 0.000000
vn 1.000000 0.000000 0.000000
v 86.000000 78.000000 -40.000000
vt 1.000000 1.000000
vn 1.000000 0.000000 0.000000
f 124/124/124 125/125/125 126/126/126
o cottage_timber
usemtl timber
s off
v -88.000000 8.000000 42.000000
vt 0.755000 0.255000
vn 0.000000 0.000000 1.000000
v -84.000000 8.000000 42.000000
vt 0.995000 0.255000
vn 0.000000 0.000000 1.000000
v -84.000000 80.000000 42.000000
vt 0.995000 0.495000
vn 0.000000 0.000000 1.000000
v -88.000000 80.000000 42.000000
vt 0.755000 0.495000
vn 0.000000 0.000000 1.000000
f 127/127/127 128/128/128 129/129/129
f 127/127/127 129/129/129 130/130/130
v -84.000000 8.000000 -42.000000
vt 0.755000 0.255000
vn 0.000000 0.000000 -1.000000
v -88.000000 8.000000 -42.000000
vt 0.995000 0.255000
vn 0.000000 0.000000 -1.000000
v -88.000000 80.000000 -42.000000
vt 0.995000 0.495000
vn 0.000000 0.000000 -1.000000
v -84.000000 80.000000 -42.000000
vt 0.755000 0.495000
vn 0.000000 0.000000 -1.000000
f 131/131/131 132/132/132 133/133/133
f 131/131/131 133/133/133 134/134/134
v -84.000000 8.000000 42.000000
vt 0.755000 0.255000
vn 1.000000 0.000000 0.000000
v -84.000000 8.000000 -42.000000
vt 0.995000 0.255000
vn 1.000000 0.000000 0.000000
v -84.000000 80.000000 -42.000000
vt 0.995000 0.495000
vn 1.000000 0.000000 0.000000
v -84.000000 80.000000 42.000000
vt 0.755000 0.495000
vn 1.000000 0.000000 0.000000
f 135/135/135 136/136/136 137/137/137
f 135/135/135 137/137/137 138/138/138
v -88.000000 8.000000 -42.000000
vt 0.755000 0.255000
vn -1.000000 0.000000 0.000000
v -88.000000 8.000000 42.000000
vt 0.995000 0.255000
vn -1.000000 0.000000 0.000000
v -88.000000 80.000000 42.000000
vt 0.995000 0.495000
vn -1.000000 0.000000 0.000000
v -88.000000 80.000000 -42.000000
vt 0.755000 0.495000
vn -1.000000 0.000000 0.000000
f 139/139/139 140/140/140 141/141/141
f 139/139/139 141/141/141 142/142/142
v -88.000000 80.000000 42.000000
vt 0.755000 0.255000
vn 0.000000 1.000000 0.000000
v -84.000000 80.000000 42.000000
vt 0.995000 0.255000
vn 0.000000 1.000000 0.000000
v -84.000000 80.000000 -42.000000
vt 0.995000 0.495000
vn 0.000000 1.000000 0.000000
v -88.000000 80.000000 -42.000000
vt 0.755000 0.495000
vn 0.000000 1.000000 0.000000
f 143/143/143 144/144/144 145/145/145
f 143/143/143 145/145/145 146/146/146
v -88.000000 8.000000 -42.000000
vt 0.755000 0.255000
vn 0.000000 -1.000000 0.000000
v -84.000000 8.000000 -42.000000
vt 0.995000 0.255000
vn 0.000000 -1.000000 0.000000
v -84.000000 8.000000 42.000000
vt 0.995000 0.495000
vn 0.000000 -1.000000 0.000000
v -88.000000 8.000000 42.000000
vt 0.755000 0.495000
vn 0.000000 -1.000000 0.000000
f 147/147/147 148/148/148 149/149/149
f 147/147/147 149/149/149 150/150/150
v -32.000000 8.000000 42.000000
vt 0.755000 0.255000
vn 0.000000 0.000000 1.000000
v -28.000000 8.000000 42.000000
vt 0.995000 0.255000
vn 0.000000 0.000000 1.000000
v -28.000000 80.000000 42.000000
vt 0.995000 0.495000
vn 0.000000 0.000000 1.000000
v -32.000000 80.000000 42.000000
vt 0.755000 0.495000
vn 0.000000 0.000000 1.000000
f 151/151/151 152/152/152 153/153/153
f 151/151/151 153/153/153 154/154/154
v -28.000000 8.000000 -42.000000
vt 0.755000 0.255000
vn 0.000000 0.000000 -1.000000
v -32.000000 8.000000 -42.000000
vt 0.995000 0.255000
vn 0.000000 0.000000 -1.000000
v -32.000000 80.000000 -42.000000
vt 0.995000 0.495000
vn 0.000000 0.000000 -1.000000
v -28.000000 80.000000 -42.000000
vt 0.755000 0.495000
vn 0.000000 0.000000 -1.000000
f 155/155/155 156/156/156 157/157/157
f 155/155/155 157/157/157 158/158/158
v -28.000000 8.000000 42.000000
vt 0.755000 0.255000
vn 1.000000 0.000000 0.000000
v -28.000000 8.000000 -42.000000
vt 0.995000 0.255000
vn 1.000000 0.000000 0.000000
v -28.000000 80.000000 -42.000000
vt 0.995000 0.495000
vn 1.000000 0.000000 0.000000
v -28.000000 80.000000 42.000000
vt 0.755000 0.495000
vn 1.000000 0.000000 0.000000
f 159/159/159 160/160/160 161/161/161
f 159/159/159 161/161/161 162/162/162
v -32.000000 8.000000 -42.000000
vt 0.755000 0.255000
vn -1.000000 0.000000 0.000000
v -32.000000 8.000000 42.000000
vt 0.995000 0.255000
vn -1.000000 0.000000 0.000000
v -32.000000 80.000000 42.000000
vt 0.995000 0.495000
vn -1.000000 0.000000 0.000000
v -32.000000 80.000000 -42.000000
vt 0.755000 0.495000
vn -1.000000 0.000000 0.000000
f 163/163/163 164/164/164 165/165/165
f 163/163/163 165/165/165 166/166/166
v -32.000000 80.000000 42.000000
vt 0.755000 0.255000
vn 0.000000 1.000000 0.000000
v -28.000000 80.000000 42.000000
vt 0.995000 0.255000
vn 0.000000 1.000000 0.000000
v -28.000000 80.000000 -42.000000
vt 0.995000 0.495000
vn 0.000000 1.000000 0.000000
v -32.000000 80.000000 -42.000000
vt 0.755000 0.495000
vn 0.000000 1.000000 0.000000
f 167/167/167 168/168/168 169/169/169
f 167/167/167 169/169/169 170/170/170
v -32.000000 8.000000 -42.000000
vt 0.755000 0.255000
vn 0.000000 -1.000000 0.000000
v -28.000000 8.000000 -42.000000
vt 0.995000 0.255000
vn 0.000000 -1.000000 0.000000
v -28.000000 8.000000 42.000000
vt 0.995000 0.495000
vn 0.000000 -1.000000 0.000000
v -32.000000 8.000000 42.000000
vt 0.755000 0.495000
vn 0.000000 -1.000000 0.000000
f 171/171/171 172/172/172 173/173/173
f 171/171/171 173/173/173 174/174/174
v 28.000000 8.000000 42.000000
vt 0.755000 0.255000
vn 0.000000 0.000000 1.000000
v 32.000000 8.000000 42.000000
vt 0.995000 0.255000
vn 0.000000 0.000000 1.000000
v 32.000000 80.000000 42.000000
vt 0.995000 0.495000
vn 0.000000 0.000000 1.000000
v 28.000000 80.000000 42.000000
vt 0.755000 0.495000
vn 0.000000 0.000000 1.000000
f 175/175/175 176/176/176 177/177/177
f 175/175/175 177/177/177 178/178/178
v 32.000000 8.000000 -42.000000
vt 0.755000 0.255000
vn 0.000000 0.000000 -1.000000
v 28.000000 8.000000 -42.000000
vt 0.995000 0.255000
vn 0.000000 0.000000 -1.000000
v 28.000000 80.000000 -42.000000
vt 0.995000 0.495000
vn 0.000000 0.000000 -1.000000
v 32.000000 80.000000 -42.000000
vt 0.755000 0.495000
vn 0.000000 0.000000 -1.000000
f 179/179/179 180/180/180 181/181/181
f 179/179/179 181/181/181 182/182/182
v 32.000000 8.000000 42.000000
vt 0.755000 0.255000
vn 1.000000 0.000000 0.000000
v 32.000000 8.000000 -42.000000
vt 0.995000 0.255000
vn 1.000000 0.000000 0.000000
v 32.000000 80.000000 -42.000000
vt 0.995000 0.495000
vn 1.000000 0.000000 0.000000
v 32.000000 80.000000 42.000000
vt 0.755000 0.495000
vn 1.000000 0.000000 0.000000
f 183/183/183 184/184/184 185/185/185
f 183/183/183 185/185/185 186/186/186
v 28.000000 8.000000 -42.000000
vt 0.755000 0.255000
vn -1.000000 0.000000 0.000000
v 28.000000 8.000000 42.000000
vt 0.995000 0.255000
vn -1.000000 0.000000 0.000000
v 28.000000 80.000000 42.000000
vt 0.995000 0.495000
vn -1.000000 0.000000 0.000000
v 28.000000 80.000000 -42.000000
vt 0.755000 0.495000
vn -1.000000 0.000000 0.000000
f 187/187/187 188/188/188 189/189/189
f 187/187/187 189/189/189 190/190/190
v 28.000000 80.000000 42.000000
vt 0.755000 0.255000
vn 0.000000 1.000000 0.000000
v 32.000000 80.000000 42.000000
vt 0.995000 0.255000
vn 0.000000 1.000000 0.000000
v 32.000000 80.000000 -42.000000
vt 0.995000 0.495000
vn 0.000000 1.000000 0.000000
v 28.000000 80.000000 -42.000000
vt 0.755000 0.495000
vn 0.000000 1.000000 0.000000
f 191/191/191 192/192/192 193/193/193
f 191/191/191 193/193/193 194/194/194
v 28.000000 8.000000 -42.000000
vt 0.755000 0.255000
vn 0.000000 -1.000000 0.000000
v 32.000000 8.000000 -42.000000
vt 0.995000 0.255000
vn 0.000000 -1.000000 0.000000
v 32.000000 8.000000 42.000000
vt 0.995000 0.495000
vn 0.000000 -1.000000 0.000000
v 28.000000 8.000000 42.000000
vt 0.755000 0.495000
vn 0.000000 -1.000000 0.000000
f 195/195/195 196/196/196 197/197/197
f 195/195/195 197/197/197 198/198/198
v 84.000000 8.000000 42.000000
vt 0.755000 0.255000
vn 0.000000 0.000000 1.000000
v 88.000000 8.000000 42.000000
vt 0.995000 0.255000
vn 0.000000 0.000000 1.000000
v 88.000000 80.000000 42.000000
vt 0.995000 0.495000
vn 0.000000 0.000000 1.000000
v 84.000000 80.000000 42.000000
vt 0.755000 0.495000
vn 0.000000 0.000000 1.000000
f 199/199/199 200/200/200 201/201/201
f 199/199/199 201/201/201 202/202/202
v 88.000000 8.000000 -42.000000
vt 0.755000 0.255000
vn 0.000000 0.000000 -1.000000
v 84.000000 8.000000 -42.000000
vt 0.995000 0.255000
vn 0.000000 0.000000 -1.000000
v 84.000000 80.000000 -42.000000
vt 0.995000 0.495000
vn 0.000000 0.000000 -1.000000
v 88.000000 80.000000 -42.000000
vt 0.755000 0.495000
vn 0.000000 0.000000 -1.000000
f 203/203/203 204/204/204 205/205/205
f 203/203/203 205/205/205 206/206/206
v 88.000000 8.000000 42.000000
vt 0.755000 0.255000
vn 1.000000 0.000000 0.000000
v 88.000000 8.000000 -42.000000
vt 0.995000 0.255000
vn 1.000000 0.000000 0.000000
v 88.000000 80.000000 -42.000000
vt 0.995000 0.495000
vn 1.000000 0.000000 0.000000
v 88.000000 80.000000 42.000000
vt 0.755000 0.495000
vn 1.000000 0.000000 0.000000
f 207/207/207 208/208/208 209/209/209
f 207/207/207 209/209/209 210/210/210
v 84.000000 8.000000 -42.000000
vt 0.755000 0.255000
vn -1.000000 0.000000 0.000000
v 84.000000 8.000000 42.000000
vt 0.995000 0.255000
vn -1.000000 0.000000 0.000000
v 84.000000 80.000000 42.000000
vt 0.995000 0.495000
vn -1.000000 0.000000 0.000000
v 84.000000 80.000000 -42.000000
vt 0.755000 0.495000
vn -1.000000 0.000000 0.000000
f 211/211/211 212/212/212 213/213/213
f 211/211/211 213/213/213 214/214/214
v 84.000000 80.000000 42.000000
vt 0.755000 0.255000
vn 0.000000 1.000000 0.000000
v 88.000000 80.000000 42.000000
vt 0.995000 0.255000
vn 0.000000 1.000000 0.000000
v 88.000000 80.000000 -42.000000
vt 0.995000 0.495000
vn 0.000000 1.000000 0.000000
v 84.000000 80.000000 -42.000000
vt 0.755000 0.495000
vn 0.000000 1.000000 0.000000
f 215/215/215 216/216/216 217/217/217
f 215/215/215 217/217/217 218/218/218
v 84.000000 8.000000 -42.000000
vt 0.755000 0.255000
vn 0.000000 -1.000000 0.000000
v 88.000000 8.000000 -42.000000
vt 0.995000 0.255000
vn 0.000000 -1.000000 0.000000
v 88.000000 8.000000 42.000000
vt 0.995000 0.495000
vn 0.000000 -1.000000 0.000000
v 84.000000 8.000000 42.000000
vt 0.755000 0.495000
vn 0.000000 -1.000000 0.000000
f 219/219/219 220/220/220 221/221/221
f 219/219/219 221/221/221 222/222/222
v -89.000000 10.000000 43.000000
vt 0.755000 0.255000
vn 0.000000 0.000000 1.000000
v 89.000000 10.000000 43.000000
vt 0.995000 0.255000
vn 0.000000 0.000000 1.000000
v 89.000000 14.000000 43.000000
vt 0.995000 0.495000
vn 0.000000 0.000000 1.000000
v -89.000000 14.000000 43.000000
vt 0.755000 0.495000
vn 0.000000 0.000000 1.000000
f 223/223/223 224/224/224 225/225/225
f 223/223/223 225/225/225 226/226/226
v 89.000000 10.000000 -43.000000
vt 0.755000 0.255000
vn 0.000000 0.000000 -1.000000
v -89.000000 10.000000 -43.000000
vt 0.995000 0.255000
vn 0.000000 0.000000 -1.000000
v -89.000000 14.000000 -43.000000
vt 0.995000 0.495000
vn 0.000000 0.000000 -1.000000
v 89.000000 14.000000 -43.000000
vt 0.755000 0.495000
vn 0.000000 0.000000 -1.000000
f 227/227/227 228/228/228 229/229/229
f 227/227/227 229/229/229 230/230/230
v 89.000000 10.000000 43.000000
vt 0.755000 0.255000
vn 1.000000 0.000000 0.000000
v 89.000000 10.000000 -43.000000
vt 0.995000 0.255000
vn 1.000000 0.000000 0.000000
v 89.000000 14.000000 -43.000000
vt 0.995000 0.495000
vn 1.000000 0.000000 0.000000
v 89.000000 14.000000 43.000000
vt 0.755000 0.495000
vn 1.000000 0.000000 0.000000
f 231/231/231 232/232/232 233/233/233
f 231/231/231 233/233/233 234/234/234
v -89.000000 10.000000 -43.000000
vt 0.755000 0.255000
vn -1.000000 0.000000 0.000000
v -89.000000 10.000000 43.000000
vt 0.995000 0.255000
vn -1.000000 0.000000 0.000000
v -89.000000 14.000000 43.000000
vt 0.995000 0.495000
vn -1.000000 0.000000 0.000000
v -89.000000 14.000000 -43.000000
vt 0.755000 0.495000
vn -1.000000 0.000000 0.000000
f 235/235/235 236/236/236 237/237/237
f 235/235/235 237/237/237 238/238/238
v -89.000000 14.000000 43.000000
vt 0.755000 0.255000
vn 0.000000 1.000000 0.000000
v 89.000000 14.000000 43.000000
vt 0.995000 0.255000
vn 0.000000 1.000000 0.000000
v 89.000000 14.000000 -43.000000
vt 0.995000 0.495000
vn 0.000000 1.000000 0.000000
v -89.000000 14.000000 -43.000000
vt 0.755000 0.495000
vn 0.000000 1.000000 0.000000
f 239/239/239 240/240/240 241/241/241
f 239/239/239 241/241/241 242/242/242
v -89.000000 10.000000 -43.000000
vt 0.755000 0.255000
vn 0.000000 -1.000000 0.000000
v 89.000000 10.000000 -43.000000
vt 0.995000 0.255000
vn 0.000000 -1.000000 0.000000
v 89.000000 10.000000 43.000000
vt 0.995000 0.495000
vn 0.000000 -1.000000 0.000000
v -89.000000 10.000000 43.000000
vt 0.755000 0.495000
vn 0.000000 -1.000000 0.000000
f 243/243/243 244/244/244 245/245/245
f 243/243/243 245/245/245 246/246/246
v -89.000000 74.000000 43.000000
vt 0.755000 0.255000
vn 0.000000 0.000000 1.000000
v 89.000000 74.000000 43.000000
vt 0.995000 0.255000
vn 0.000000 0.000000 1.000000
v 89.000000 78.000000 43.000000
vt 0.995000 0.495000
vn 0.000000 0.000000 1.000000
v -89.000000 78.000000 43.000000
vt 0.755000 0.495000
vn 0.000000 0.000000 1.000000
f 247/247/247 248/248/248 249/249/249
f 247/247/247 249/249/249 250/250/250
v 89.000000 74.000000 -43.000000
vt 0.755000 0.255000
vn 0.000000 0.000000 -1.000000
v -89.000000 74.000000 -43.000000
vt 0.995000 0.255000
vn 0.000000 0.000000 -1.000000
v -89.000000 78.000000 -43.000000
vt 0.995000 0.495000
vn 0.000000 0.000000 -1.000000
v 89.000000 78.000000 -43.000000
vt 0.755000 0.495000
vn 0.000000 0.000000 -1.000000
f 251/251/251 252/252/252 253/253/253
f 251/251/251 253/253/253 254/254/254
v 89.000000 74.000000 43.000000
vt 0.755000 0.255000
vn 1.000000 0.000000 0.000000
v 89.000000 74.000000 -43.000000
vt 0.995000 0.255000
vn 1.000000 0.000000 0.000000
v 89.000000 78.000000 -43.000000
vt 0.995000 0.495000
vn 1.000000 0.000000 0.000000
v 89.000000 78.000000 43.000000
vt 0.755000 0.495000
vn 1.000000 0.000000 0.000000
f 255/255/255 256/256/256 257/257/257
f 255/255/255 257/257/257 258/258/258
v -89.000000 74.000000 -43.000000
vt 0.755000 0.255000
vn -1.000000 0.000000 0.000000
v -89.000000 74.000000 43.000000
vt 0.995000 0.255000
vn -1.000000 0.000000 0.000000
v -89.000000 78.000000 43.000000
vt 0.995000 0.495000
vn -1.000000 0.000000 0.000000
v -89.000000 78.000000 -43.000000
vt 0.755000 0.495000
vn -1.000000 0.000000 0.000000
f 259/259/259 260/260/260 261/261/261
f 259/259/259 261/261/261 262/262/262
v -89.000000 78.000000 43.000000
vt 0.755000 0.255000
vn 0.000000 1.000000 0.000000
v 89.000000 78.000000 43.000000
vt 0.995000 0.255000
vn 0.000000 1.000000 0.000000
v 89.000000 78.000000 -43.000000
vt 0.995000 0.495000
vn 0.000000 1.000000 0.000000
v -89.000000 78.000000 -43.000000
vt 0.755000 0.495000
vn 0.000000 1.000000 0.000000
f 263/263/263 264/264/264 265/265/265
f 263/263/263 265/265/265 266/266/266
v -89.000000 74.000000 -43.000000
vt 0.755000 0.255000
vn 0.000000 -1.000000 0.000000
v 89.000000 74.000000 -43.000000
vt 0.995000 0.255000
vn 0.000000 -1.000000 0.000000
v 89.000000 74.000000 43.000000
vt 0.995000 0.495000
vn 0.000000 -1.000000 0.000000
v -89.000000 74.000000 43.000000
vt 0.755000 0.495000
vn 0.000000 -1.000000 0.000000
f 267/267/267 268/268/268 269/269/269
f 267/267/267 269/269/269 270/270/270
v -88.400000 76.435106 -41.180356
vt 0.755000 0.255000
vn 0.000000 -0.652039 0.758185
v -83.600000 76.435106 -41.180356
vt 0.995000 0.255000
vn 0.000000 -0.652039 0.758185
v -83.600000 126.435106 1.819644
vt 0.995000 0.495000
vn 0.000000 -0.652039 0.758185
v -88.400000 126.435106 1.819644
vt 0.755000 0.495000
vn 0.000000 -0.652039 0.758185
f 271/271/271 272/272/272 273/273/273
f 271/271/271 273/273/273 274/274/274
v -83.600000 76.435106 -41.180356
vt 0.755000 0.255000
vn 1.000000 -0.000000 0.000000
v -83.600000 79.564894 -44.819644
vt 0.995000 0.255000
vn 1.000000 -0.000000 0.000000
v -83.600000 129.564894 -1.819644
vt 0.995000 0.495000
vn 1.000000 -0.000000 0.000000
v -83.600000 126.435106 1.819644
vt 0.755000 0.495000
vn 1.000000 -0.000000 0.000000
f 275/275/275 276/276/276 277/277/277
f 275/275/275 277/277/277 278/278/278
v -83.600000 79.564894 -44.819644
vt 0.755000 0.255000
vn 0.000000 0.652039 -0.758185
v -88.400000 79.564894 -44.819644
vt 0.995000 0.255000
vn 0.000000 0.652039 -0.758185
v -88.400000 129.564894 -1.819644
vt 0.995000 0.495000
vn 0.000000 0.652039 -0.758185
v -83.600000 129.564894 -1.819644
vt 0.755000 0.495000
vn 0.000000 0.652039 -0.758185
f 279/279/279 280/280/280 281/281/281
f 279/279/279 281/281/281 282/282/282
v -88.400000 79.564894 -44.819644
vt 0.755000 0.255000
vn -1.000000 0.000000 0.000000
v -88.400000 76.435106 -41.180356
vt 0.995000 0.255000
vn -1.000000 0.000000 0.000000
v -88.400000 126.435106 1.819644
vt 0.995000 0.495000
vn -1.000000 0.000000 0.000000
v -88.400000 129.564894 -1.819644
vt 0.755000 0.495000
vn -1.000000 0.000000 0.000000
f 283/283/283 284/284/284 285/285/285
f 283/283/283 285/285/285 286/286/286
v -88.400000 79.564894 -44.819644
vt 0.755000 0.255000
vn 0.000000 -0.758185 -0.652039
v -83.600000 79.564894 -44.819644
vt 0.995000 0.255000
vn 0.000000 -0.758185 -0.652039
v -83.600000 76.435106 -41.180356
vt 0.995000 0.495000
vn 0.000000 -0.758185 -0.652039
v -88.400000 76.435106 -41.180356
vt 0.755000 0.495000
vn 0.000000 -0.758185 -0.652039
f 287/287/287 288/288/288 289/289/289
f 287/287/287 289/289/289 290/290/290
v -88.400000 126.435106 1.819644
vt 0.755000 0.255000
vn -0.000000 0.758185 0.652039
v -83.600000 126.435106 1.819644
vt 0.995000 0.255000
vn -0.000000 0.758185 0.652039
v -83.600000 129.564894 -1.819644
vt 0.995000 0.495000
vn -0.000000 0.758185 0.652039
v -88.400000 129.564894 -1.819644
vt 0.755000 0.495000
vn -0.000000 0.758185 0.652039
f 291/291/291 292/292/292 293/293/293
f 291/291/291 293/293/293 294/294/294
v -83.600000 129.564894 1.819644
vt 0.755000 0.255000
vn 0.000000 0.652039 0.758185
v -88.400000 129.564894 1.819644
vt 0.995000 0.255000
vn 0.000000 0.652039 0.758185
v -88.400000 79.564894 44.819644
vt 0.995000 0.495000
vn 0.000000 0.652039 0.758185
v -83.600000 79.564894 44.819644
vt 0.755000 0.495000
vn 0.000000 0.652039 0.758185
f 295/295/295 296/296/296 297/297/297
f 295/295/295 297/297/297 298/298/298
v -88.400000 129.564894 1.819644
vt 0.755000 0.255000
vn -1.000000 -0.000000 0.000000
v -88.400000 126.435106 -1.819644
vt 0.995000 0.255000
vn -1.000000 -0.000000 0.000000
v -88.400000 76.435106 41.180356
vt 0.995000 0.495000
vn -1.000000 -0.000000 0.000000
v -88.400000 79.564894 44.819644
vt 0.755000 0.495000
vn -1.000000 -0.000000 0.000000
f 299/299/299 300/300/300 301/301/301
f 299/299/299 301/301/301 302/302/302
v -88.400000 126.435106 -1.819644
vt 0.755000 0.255000
vn 0.000000 -0.652039 -0.758185
v -83.600000 126.435106 -1.819644
vt 0.995000 0.255000
vn 0.000000 -0.652039 -0.758185
v -83.600000 76.435106 41.180356
vt 0.995000 0.495000
vn 0.000000 -0.652039 -0.758185
v -88.400000 76.435106 41.180356
vt 0.755000 0.495000
vn 0.000000 -0.652039 -0.758185
f 303/303/303 304/304/304 305/305/305
f 303/303/303 305/305/305 306/306/306
v -83.600000 126.435106 -1.819644
vt 0.755000 0.255000
vn 1.000000 0.000000 -0.000000
v -83.600000 129.564894 1.819644
vt 0.995000 0.255000
vn 1.000000 0.000000 -0.000000
v -83.600000 79.564894 44.819644
vt 0.995000 0.495000
vn 1.000000 0.000000 -0.000000
v -83.600000 76.435106 41.180356
vt 0.755000 0.495000
vn 1.000000 0.000000 -0.000000
f 307/307/307 308/308/308 309/309/309
f 307/307/307 309/309/309 310/310/310
v -83.600000 126.435106 -1.819644
vt 0.755000 0.255000
vn 0.000000 0.758185 -0.652039
v -88.400000 126.435106 -1.819644
vt 0.995000 0.255000
vn 0.000000 0.758185 -0.652039
v -88.400000 129.564894 1.819644
vt 0.995000 0.495000
vn 0.000000 0.758185 -0.652039
v -83.600000 129.564894 1.819644
vt 0.755000 0.495000
vn 0.000000 0.758185 -0.652039
f 311/311/311 312/312/312 313/313/313
f 311/311/311 313/313/313 314/314/314
v -83.600000 79.564894 44.819644
vt 0.755000 0.255000
vn 0.000000 -0.758185 0.652039
v -88.400000 79.564894 44.819644
vt 0.995000 0.255000
vn 0.000000 -0.758185 0.652039
v -88.400000 76.435106 41.180356
vt 0.995000 0.495000
vn 0.000000 -0.758185 0.652039
v -83.600000 76.435106 41.180356
vt 0.755000 0.495000
vn 0.000000 -0.758185 0.652039
f 315/315/315 316/316/316 317/317/317
f 315/315/315 317/317/317 318/318/318
v -88.100000 78.000000 2.100000
vt 0.755000 0.255000
vn 0.000000 0.000000 1.000000
v -83.900000 78.000000 2.100000
vt 0.995000 0.255000
vn 0.000000 0.000000 1.000000
v -83.900000 124.000000 2.100000
vt 0.995000 0.495000
vn 0.000000 0.000000 1.000000
v -88.100000 124.000000 2.100000
vt 0.755000 0.495000
vn 0.000000 0.000000 1.000000
f 319/319/319 320/320/320 321/321/321
f 319/319/319 321/321/321 322/322/322
v -83.900000 78.000000 2.100000
vt 0.755000 0.255000
vn 1.000000 0.000000 0.000000
v -83.900000 78.000000 -2.100000
vt 0.995000 0.255000
vn 1.000000 0.000000 0.000000
v -83.900000 124.000000 -2.100000
vt 0.995000 0.495000
vn 1.000000 0.000000 0.000000
v -83.900000 124.000000 2.100000
vt 0.755000 0.495000
vn 1.000000 0.000000 0.000000
f 323/323/323 324/324/324 325/325/325
f 323/323/323 325/325/325 326/326/326
v -83.900000 78.000000 -2.100000
vt 0.755000 0.255000
vn 0.000000 0.000000 -1.000000
v -88.100000 78.000000 -2.100000
vt 0.995000 0.255000
vn 0.000000 0.000000 -1.000000
v -88.100000 124.000000 -2.100000
vt 0.995000 0.495000
vn 0.000000 0.000000 -1.000000
v -83.900000 124.000000 -2.100000
vt 0.755000 0.495000
vn 0.000000 0.000000 -1.000000
f 327/327/327 328/328/328 329/329/329
f 327/327/327 329/329/329 330/330/330
v -88.100000 78.000000 -2.100000
vt 0.755000 0.255000
vn -1.000000 0.000000 0.000000
v -88.100000 78.000000 2.100000
vt 0.995000 0.255000
vn -1.000000 0.000000 0.000000
v -88.100000 124.000000 2.100000
vt 0.995000 0.495000
vn -1.000000 0.000000 0.000000
v -88.100000 124.000000 -2.100000
vt 0.755000 0.495000
vn -1.000000 0.000000 0.000000
f 331/331/331 332/332/332 333/333/333
f 331/331/331 333/333/333 334/334/334
v -88.100000 78.000000 -2.100000
vt 0.755000 0.255000
vn 0.000000 -1.000000 0.000000
v -83.900000 78.000000 -2.100000
vt 0.995000 0.255000
vn 0.000000 -1.000000 0.000000
v -83.900000 78.000000 2.100000
vt 0.995000 0.495000
vn 0.000000 -1.000000 0.000000
v -88.100000 78.000000 2.100000
vt 0.755000 0.495000
vn 0.000000 -1.000000 0.000000
f 335/335/335 336/336/336 337/337/337
f 335/335/335 337/337/337 338/338/338
v -88.100000 124.000000 2.100000
vt 0.755000 0.255000
vn -0.000000 1.000000 0.000000
v -83.900000 124.000000 2.100000
vt 0.995000 0.255000
vn -0.000000 1.000000 0.000000
v -83.900000 124.000000 -2.100000
vt 0.995000 0.495000
vn -0.000000 1.000000 0.000000
v -88.100000 124.000000 -2.100000
vt 0.755000 0.495000
vn -0.000000 1.000000 0.000000
f 339/339/339 340/340/340 341/341/341
f 339/339/339 341/341/341 342/342/342
v 83.600000 76.435106 -41.180356
vt 0.755000 0.255000
vn 0.000000 -0.652039 0.758185
v 88.400000 76.435106 -41.180356
vt 0.995000 0.255000
vn 0.000000 -0.652039 0.758185
v 88.400000 126.435106 1.819644
vt 0.995000 0.495000
vn 0.000000 -0.652039 0.758185
v 83.600000 126.435106 1.819644
vt 0.755000 0.495000
vn 0.000000 -0.652039 0.758185
f 343/343/343 344/344/344 345/345/345
f 343/343/343 345/345/345 346/346/346
v 88.400000 76.435106 -41.180356
vt 0.755000 0.255000
vn 1.000000 -0.000000 0.000000
v 88.400000 79.564894 -44.819644
vt 0.995000 0.255000
vn 1.000000 -0.000000 0.000000
v 88.400000 129.564894 -1.819644
vt 0.995000 0.495000
vn 1.000000 -0.000000 0.000000
v 88.400000 126.435106 1.819644
vt 0.755000 0.495000
vn 1.000000 -0.000000 0.000000
f 347/347/347 348/348/348 349/349/349
f 347/347/347 349/349/349 350/350/350
v 88.400000 79.564894 -44.819644
vt 0.755000 0.255000
vn 0.000000 0.652039 -0.758185
v 83.600000 79.564894 -44.819644
vt 0.995000 0.255000
vn 0.000000 0.652039 -0.758185
v 83.600000 129.564894 -1.819644
vt 0.995000 0.495000
vn 0.000000 0.652039 -0.758185
v 88.400000 129.564894 -1.819644
vt 0.755000 0.495000
vn 0.000000 0.652039 -0.758185
f 351/351/351 352/352/352 353/353/353
f 351/351/351 353/353/353 354/354/354
v 83.600000 79.564894 -44.819644
vt 0.755000 0.255000
vn -1.000000 0.000000 0.000000
v 83.600000 76.435106 -41.180356
vt 0.995000 0.255000
vn -1.000000 0.000000 0.000000
v 83.600000 126.435106 1.819644
vt 0.995000 0.495000
vn -1.000000 0.000000 0.000000
v 83.600000 129.564894 -1.819644
vt 0.755000 0.495000
vn -1.000000 0.000000 0.000000
f 355/355/355 356/356/356 357/357/357
f 355/355/355 357/357/357 358/358/358
v 83.600000 79.564894 -44.819644
vt 0.755000 0.255000
vn 0.000000 -0.758185 -0.652039
v 88.400000 79.564894 -44.819644
vt 0.995000 0.255000
vn 0.000000 -0.758185 -0.652039
v 88.400000 76.435106 -41.180356
vt 0.995000 0.495000
vn 0.000000 -0.758185 -0.652039
v 83.600000 76.435106 -41.180356
vt 0.755000 0.495000
vn 0.000000 -0.758185 -0.652039
f 359/359/359 360/360/360 361/361/361
f 359/359/359 361/361/361 362/362/362
v 83.600000 126.435106 1.819644
vt 0.755000 0.255000
vn -0.000000 0.758185 0.652039
v 88.400000 126.435106 1.819644
vt 0.995000 0.255000
vn -0.000000 0.758185 0.652039
v 88.400000 129.564894 -1.819644
vt 0.995000 0.495000
vn -0.000000 0.758185 0.652039
v 83.600000 129.564894 -1.819644
vt 0.755000 0.495000
vn -0.000000 0.758185 0.652039
f 363/363/363 364/364/364 365/365/365
f 363/363/363 365/365/365 366/366/366
v 88.400000 129.564894 1.819644
vt 0.755000 0.255000
vn 0.000000 0.652039 0.758185
v 83.600000 129.564894 1.819644
vt 0.995000 0.255000
vn 0.000000 0.652039 0.758185
v 83.600000 79.564894 44.819644
vt 0.995000 0.495000
vn 0.000000 0.652039 0.758185
v 88.400000 79.564894 44.819644
vt 0.755000 0.495000
vn 0.000000 0.652039 0.758185
f 367/367/367 368/368/368 369/369/369
f 367/367/367 369/369/369 370/370/370
v 83.600000 129.564894 1.819644
vt 0.755000 0.255000
vn -1.000000 -0.000000 0.000000
v 83.600000 126.435106 -1.819644
vt 0.995000 0.255000
vn -1.000000 -0.000000 0.000000
v 83.600000 76.435106 41.180356
vt 0.995000 0.495000
vn -1.000000 -0.000000 0.000000
v 83.600000 79.564894 44.819644
vt 0.755000 0.495000
vn -1.000000 -0.000000 0.000000
f 371/371/371 372/372/372 373/373/373
f 371/371/371 373/373/373 374/374/374
v 83.600000 126.435106 -1.819644
vt 0.755000 0.255000
vn 0.000000 -0.652039 -0.758185
v 88.400000 126.435106 -1.819644
vt 0.995000 0.255000
vn 0.000000 -0.652039 -0.758185
v 88.400000 76.435106 41.180356
vt 0.995000 0.495000
vn 0.000000 -0.652039 -0.758185
v 83.600000 76.435106 41.180356
vt 0.755000 0.495000
vn 0.000000 -0.652039 -0.758185
f 375/375/375 376/376/376 377/377/377
f 375/375/375 377/377/377 378/378/378
v 88.400000 126.435106 -1.819644
vt 0.755000 0.255000
vn 1.000000 0.000000 -0.000000
v 88.400000 129.564894 1.819644
vt 0.995000 0.255000
vn 1.000000 0.000000 -0.000000
v 88.400000 79.564894 44.819644
vt 0.995000 0.495000
vn 1.000000 0.000000 -0.000000
v 88.400000 76.435106 41.180356
vt 0.755000 0.495000
vn 1.000000 0.000000 -0.000000
f 379/379/379 380/380/380 381/381/381
f 379/379/379 381/381/381 382/382/382
v 88.400000 126.435106 -1.819644
vt 0.755000 0.255000
vn 0.000000 0.758185 -0.652039
v 83.600000 126.435106 -1.819644
vt 0.995000 0.255000
vn 0.000000 0.758185 -0.652039
v 83.600000 129.564894 1.819644
vt 0.995000 0.495000
vn 0.000000 0.758185 -0.652039
v 88.400000 129.564894 1.819644
vt 0.755000 0.495000
vn 0.000000 0.758185 -0.652039
f 383/383/383 384/384/384 385/385/385
f 383/383/383 385/385/385 386/386/386
v 88.400000 79.564894 44.819644
vt 0.755000 0.255000
vn 0.000000 -0.758185 0.652039
v 83.600000 79.564894 44.819644
vt 0.995000 0.255000
vn 0.000000 -0.758185 0.652039
v 83.600000 76.435106 41.180356
vt 0.995000 0.495000
vn 0.000000 -0.758185 0.652039
v 88.400000 76.435106 41.180356
vt 0.755000 0.495000
vn 0.000000 -0.758185 0.652039
f 387/387/387 388/388/388 389/389/389
f 387/387/387 389/389/389 390/390/390
v 83.900000 78.000000 2.100000
vt 0.755000 0.255000
vn 0.000000 0.000000 1.000000
v 88.100000 78.000000 2.100000
vt 0.995000 0.255000
vn 0.000000 0.000000 1.000000
v 88.100000 124.000000 2.100000
vt 0.995000 0.495000
vn 0.000000 0.000000 1.000000
v 83.900000 124.000000 2.100000
vt 0.755000 0.495000
vn 0.000000 0.000000 1.000000
f 391/391/391 392/392/392 393/393/393
f 391/391/391 393/393/393 394/394/394
v 88.100000 78.000000 2.100000
vt 0.755000 0.255000
vn 1.000000 0.000000 0.000000
v 88.100000 78.000000 -2.100000
vt 0.995000 0.255000
vn 1.000000 0.000000 0.000000
v 88.100000 124.000000 -2.100000
vt 0.995000 0.495000
vn 1.000000 0.000000 0.000000
v 88.100000 124.000000 2.100000
vt 0.755000 0.495000
vn 1.000000 0.000000 0.000000
f 395/395/395 396/396/396 397/397/397
f 395/395/395 397/397/397 398/398/398
v 88.100000 78.000000 -2.100000
vt 0.755000 0.255000
vn 0.000000 0.000000 -1.000000
v 83.900000 78.000000 -2.100000
vt 0.995000 0.255000
vn 0.000000 0.000000 -1.000000
v 83.900000 124.000000 -2.100000
vt 0.995000 0.495000
vn 0.000000 0.000000 -1.000000
v 88.100000 124.000000 -2.100000
vt 0.755000 0.495000
vn 0.000000 0.000000 -1.000000
f 399/399/399 400/400/400 401/401/401
f 399/399/399 401/401/401 402/402/402
v 83.900000 78.000000 -2.100000
vt 0.755000 0.255000
vn -1.000000 0.000000 0.000000
v 83.900000 78.000000 2.100000
vt 0.995000 0.255000
vn -1.000000 0.000000 0.000000
v 83.900000 124.000000 2.100000
vt 0.995000 0.495000
vn -1.000000 0.000000 0.000000
v 83.900000 124.000000 -2.100000
vt 0.755000 0.495000
vn -1.000000 0.000000 0.000000
f 403/403/403 404/404/404 405/405/405
f 403/403/403 405/405/405 406/406/406
v 83.900000 78.000000 -2.100000
vt 0.755000 0.255000
vn 0.000000 -1.000000 0.000000
v 88.100000 78.000000 -2.100000
vt 0.995000 0.255000
vn 0.000000 -1.000000 0.000000
v 88.100000 78.000000 2.100000
vt 0.995000 0.495000
vn 0.000000 -1.000000 0.000000
v 83.900000 78.000000 2.100000
vt 0.755000 0.495000
vn 0.000000 -1.000000 0.000000
f 407/407/407 408/408/408 409/409/409
f 407/407/407 409/409/409 410/410/410
v 83.900000 124.000000 2.100000
vt 0.755000 0.255000
vn -0.000000 1.000000 0.000000
v 88.100000 124.000000 2.100000
vt 0.995000 0.255000
vn -0.000000 1.000000 0.000000
v 88.100000 124.000000 -2.100000
vt 0.995000 0.495000
vn -0.000000 1.000000 0.000000
v 83.900000 124.000000 -2.100000
vt 0.755000 0.495000
vn -0.000000 1.000000 0.000000
f 411/411/411 412/412/412 413/413/413
f 411/411/411 413/413/413 414/414/414
v -99.000000 84.200000 -50.000000
vt 0.755000 0.255000
vn 0.000000 0.000000 1.000000
v -99.000000 79.200000 -50.000000
vt 0.995000 0.255000
vn 0.000000 0.000000 1.000000
v 99.000000 79.200000 -50.000000
vt 0.995000 0.495000
vn 0.000000 0.000000 1.000000
v 99.000000 84.200000 -50.000000
vt 0.755000 0.495000
vn 0.000000 0.000000 1.000000
f 415/415/415 416/416/416 417/417/417
f 415/415/415 417/417/417 418/418/418
v -99.000000 79.200000 -50.000000
vt 0.755000 0.255000
vn 0.000000 -1.000000 0.000000
v -99.000000 79.200000 -55.000000
vt 0.995000 0.255000
vn 0.000000 -1.000000 0.000000
v 99.000000 79.200000 -55.000000
vt 0.995000 0.495000
vn 0.000000 -1.000000 0.000000
v 99.000000 79.200000 -50.000000
vt 0.755000 0.495000
vn 0.000000 -1.000000 0.000000
f 419/419/419 420/420/420 421/421/421
f 419/419/419 421/421/421 422/422/422
v -99.000000 79.200000 -55.000000
vt 0.755000 0.255000
vn 0.000000 0.000000 -1.000000
v -99.000000 84.200000 -55.000000
vt 0.995000 0.255000
vn 0.000000 0.000000 -1.000000
v 99.000000 84.200000 -55.000000
vt 0.995000 0.495000
vn 0.000000 0.000000 -1.000000
v 99.000000 79.200000 -55.000000
vt 0.755000 0.495000
vn 0.000000 0.000000 -1.000000
f 423/423/423 424/424/424 425/425/425
f 423/423/423 425/425/425 426/426/426
v -99.000000 84.200000 -55.000000
vt 0.755000 0.255000
vn 0.000000 1.000000 0.000000
v -99.000000 84.200000 -50.000000
vt 0.995000 0.255000
vn 0.000000 1.000000 0.000000
v 99.000000 84.200000 -50.000000
vt 0.995000 0.495000
vn 0.000000 1.000000 0.000000
v 99.000000 84.200000 -55.000000
vt 0.755000 0.495000
vn 0.000000 1.000000 0.000000
f 427/427/427 428/428/428 429/429/429
f 427/427/427 429/429/429 430/430/430
v -99.000000 84.200000 -55.000000
vt 0.755000 0.255000
vn -1.000000 0.000000 0.000000
v -99.000000 79.200000 -55.000000
vt 0.995000 0.255000
vn -1.000000 0.000000 0.000000
v -99.000000 79.200000 -50.000000
vt 0.995000 0.495000
vn -1.000000 0.000000 0.000000
v -99.000000 84.200000 -50.000000
vt 0.755000 0.495000
vn -1.000000 0.000000 0.000000
f 431/431/431 432/432/432 433/433/433
f 431/431/431 433/433/433 434/434/434
v 99.000000 84.200000 -50.000000
vt 0.755000 0.255000
vn 1.000000 0.000000 0.000000
v 99.000000 79.200000 -50.000000
vt 0.995000 0.255000
vn 1.000000 0.000000 0.000000
v 99.000000 79.200000 -55.000000
vt 0.995000 0.495000
vn 1.000000 0.000000 0.000000
v 99.000000 84.200000 -55.000000
vt 0.755000 0.495000
vn 1.000000 0.000000 0.000000
f 435/435/435 436/436/436 437/437/437
f 435/435/435 437/437/437 438/438/438
v -99.000000 84.200000 55.000000
vt 0.755000 0.255000
vn 0.000000 0.000000 1.000000
v -99.000000 79.200000 55.000000
vt 0.995000 0.255000
vn 0.000000 0.000000 1.000000
v 99.000000 79.200000 55.000000
vt 0.995000 0.495000
vn 0.000000 0.000000 1.000000
v 99.000000 84.200000 55.000000
vt 0.755000 0.495000
vn 0.000000 0.000000 1.000000
f 439/439/439 440/440/440 441/441/441
f 439/439/439 441/441/441 442/442/442
v -99.000000 79.200000 55.000000
vt 0.755000 0.255000
vn 0.000000 -1.000000 0.000000
v -99.000000 79.200000 50.000000
vt 0.995000 0.255000
vn 0.000000 -1.000000 0.000000
v 99.000000 79.200000 50.000000
vt 0.995000 0.495000
vn 0.000000 -1.000000 0.000000
v 99.000000 79.200000 55.000000
vt 0.755000 0.495000
vn 0.000000 -1.000000 0.000000
f 443/443/443 444/444/444 445/445/445
f 443/443/443 445/445/445 446/446/446
v -99.000000 79.200000 50.000000
vt 0.755000 0.255000
vn 0.000000 0.000000 -1.000000
v -99.000000 84.200000 50.000000
vt 0.995000 0.255000
vn 0.000000 0.000000 -1.000000
v 99.000000 84.200000 50.000000
vt 0.995000 0.495000
vn 0.000000 0.000000 -1.000000
v 99.000000 79.200000 50.000000
vt 0.755000 0.495000
vn 0.000000 0.000000 -1.000000
f 447/447/447 448/448/448 449/449/449
f 447/447/447 449/449/449 450/450/450
v -99.000000 84.200000 50.000000
vt 0.755000 0.255000
vn 0.000000 1.000000 0.000000
v -99.000000 84.200000 55.000000
vt 0.995000 0.255000
vn 0.000000 1.000000 0.000000
v 99.000000 84.200000 55.000000
vt 0.995000 0.495000
vn 0.000000 1.000000 0.000000
v 99.000000 84.200000 50.000000
vt 0.755000 0.495000
vn 0.000000 1.000000 0.000000
f 451/451/451 452/452/452 453/453/453
f 451/451/451 453/453/453 454/454/454
v -99.000000 84.200000 50.000000
vt 0.755000 0.255000
vn -1.000000 0.000000 0.000000
v -99.000000 79.200000 50.000000
vt 0.995000 0.255000
vn -1.000000 0.000000 0.000000
v -99.000000 79.200000 55.000000
vt 0.995000 0.495000
vn -1.000000 0.000000 0.000000
v -99.000000 84.200000 55.000000
vt 0.755000 0.495000
vn -1.000000 0.000000 0.000000
f 455/455/455 456/456/456 457/457/457
f 455/455/455 457/457/457 458/458/458
v 99.000000 84.200000 55.000000
vt 0.755000 0.255000
vn 1.000000 0.000000 0.000000
v 99.000000 79.200000 55.000000
vt 0.995000 0.255000
vn 1.000000 0.000000 0.000000
v 99.000000 79.200000 50.000000
vt 0.995000 0.495000
vn 1.000000 0.000000 0.000000
v 99.000000 84.200000 50.000000
vt 0.755000 0.495000
vn 1.000000 0.000000 0.000000
f 459/459/459 460/460/460 461/461/461
f 459/459/459 461/461/461 462/462/462
v -19.000000 8.000000 46.000000
vt 0.755000 0.255000
vn 0.000000 0.000000 1.000000
v -15.000000 8.000000 46.000000
vt 0.995000 0.255000
vn 0.000000 0.000000 1.000000
v -15.000000 63.000000 46.000000
vt 0.995000 0.495000
vn 0.000000 0.000000 1.000000
v -19.000000 63.000000 46.000000
vt 0.755000 0.495000
vn 0.000000 0.000000 1.000000
f 463/463/463 464/464/464 465/465/465
f 463/463/463 465/465/465 466/466/466
v -15.000000 8.000000 40.000000
vt 0.755000 0.255000
vn 0.000000 0.000000 -1.000000
v -19.000000 8.000000 40.000000
vt 0.995000 0.255000
vn 0.000000 0.000000 -1.000000
v -19.000000 63.000000 40.000000
vt 0.995000 0.495000
vn 0.000000 0.000000 -1.000000
v -15.000000 63.000000 40.000000
vt 0.755000 0.495000
vn 0.000000 0.000000 -1.000000
f 467/467/467 468/468/468 469/469/469
f 467/467/467 469/469/469 470/470/470
v -15.000000 8.000000 46.000000
vt 0.755000 0.255000
vn 1.000000 0.000000 0.000000
v -15.000000 8.000000 40.000000
vt 0.995000 0.255000
vn 1.000000 0.000000 0.000000
v -15.000000 63.000000 40.000000
vt 0.995000 0.495000
vn 1.000000 0.000000 0.000000
v -15.000000 63.000000 46.000000
vt 0.755000 0.495000
vn 1.000000 0.000000 0.000000
f 471/471/471 472/472/472 473/473/473
f 471/471/471 473/473/473 474/474/474
v -19.000000 8.000000 40.000000
vt 0.755000 0.255000
vn -1.000000 0.000000 0.000000
v -19.000000 8.000000 46.000000
vt 0.995000 0.255000
vn -1.000000 0.000000 0.000000
v -19.000000 63.000000 46.000000
vt 0.995000 0.495000
vn -1.000000 0.000000 0.000000
v -19.000000 63.000000 40.000000
vt 0.755000 0.495000
vn -1.000000 0.000000 0.000000
f 475/475/475 476/476/476 477/477/477
f 475/475/475 477/477/477 478/478/478
v -19.000000 63.000000 46.000000
vt 0.755000 0.255000
vn 0.000000 1.000000 0.000000
v -15.000000 63.000000 46.000000
vt 0.995000 0.255000
vn 0.000000 1.000000 0.000000
v -15.000000 63.000000 40.000000
vt 0.995000 0.495000
vn 0.000000 1.000000 0.000000
v -19.000000 63.000000 40.000000
vt 0.755000 0.495000
vn 0.000000 1.000000 0.000000
f 479/479/479 480/480/480 481/481/481
f 479/479/479 481/481/481 482/482/482
v -19.000000 8.000000 40.000000
vt 0.755000 0.255000
vn 0.000000 -1.000000 0.000000
v -15.000000 8.000000 40.000000
vt 0.995000 0.255000
vn 0.000000 -1.000000 0.000000
v -15.000000 8.000000 46.000000
vt 0.995000 0.495000
vn 0.000000 -1.000000 0.000000
v -19.000000 8.000000 46.000000
vt 0.755000 0.495000
vn 0.000000 -1.000000 0.000000
f 483/483/483 484/484/484 485/485/485
f 483/483/483 485/485/485 486/486/486
v 15.000000 8.000000 46.000000
vt 0.755000 0.255000
vn 0.000000 0.000000 1.000000
v 19.000000 8.000000 46.000000
vt 0.995000 0.255000
vn 0.000000 0.000000 1.000000
v 19.000000 63.000000 46.000000
vt 0.995000 0.495000
vn 0.000000 0.000000 1.000000
v 15.000000 63.000000 46.000000
vt 0.755000 0.495000
vn 0.000000 0.000000 1.000000
f 487/487/487 488/488/488 489/489/489
f 487/487/487 489/489/489 490/490/490
v 19.000000 8.000000 40.000000
vt 0.755000 0.255000
vn 0.000000 0.000000 -1.000000
v 15.000000 8.000000 40.000000
vt 0.995000 0.255000
vn 0.000000 0.000000 -1.000000
v 15.000000 63.000000 40.000000
vt 0.995000 0.495000
vn 0.000000 0.000000 -1.000000
v 19.000000 63.000000 40.000000
vt 0.755000 0.495000
vn 0.000000 0.000000 -1.000000
f 491/491/491 492/492/492 493/493/493
f 491/491/491 493/493/493 494/494/494
v 19.000000 8.000000 46.000000
vt 0.755000 0.255000
vn 1.000000 0.000000 0.000000
v 19.000000 8.000000 40.000000
vt 0.995000 0.255000
vn 1.000000 0.000000 0.000000
v 19.000000 63.000000 40.000000
vt 0.995000 0.495000
vn 1.000000 0.000000 0.000000
v 19.000000 63.000000 46.000000
vt 0.755000 0.495000
vn 1.000000 0.000000 0.000000
f 495/495/495 496/496/496 497/497/497
f 495/495/495 497/497/497 498/498/498
v 15.000000 8.000000 40.000000
vt 0.755000 0.255000
vn -1.000000 0.000000 0.000000
v 15.000000 8.000000 46.000000
vt 0.995000 0.255000
vn -1.000000 0.000000 0.000000
v 15.000000 63.000000 46.000000
vt 0.995000 0.495000
vn -1.000000 0.000000 0.000000
v 15.000000 63.000000 40.000000
vt 0.755000 0.495000
vn -1.000000 0.000000 0.000000
f 499/499/499 500/500/500 501/501/501
f 499/499/499 501/501/501 502/502/502
v 15.000000 63.000000 46.000000
vt 0.755000 0.255000
vn 0.000000 1.000000 0.000000
v 19.000000 63.000000 46.000000
vt 0.995000 0.255000
vn 0.000000 1.000000 0.000000
v 19.000000 63.000000 40.000000
vt 0.995000 0.495000
vn 0.000000 1.000000 0.000000
v 15.000000 63.000000 40.000000
vt 0.755000 0.495000
vn 0.000000 1.000000 0.000000
f 503/503/503 504/504/504 505/505/505
f 503/503/503 505/505/505 506/506/506
v 15.000000 8.000000 40.000000
vt 0.755000 0.255000
vn 0.000000 -1.000000 0.000000
v 19.000000 8.000000 40.000000
vt 0.995000 0.255000
vn 0.000000 -1.000000 0.000000
v 19.000000 8.000000 46.000000
vt 0.995000 0.495000
vn 0.000000 -1.000000 0.000000
v 15.000000 8.000000 46.000000
vt 0.755000 0.495000
vn 0.000000 -1.000000 0.000000
f 507/507/507 508/508/508 509/509/509
f 507/507/507 509/509/509 510/510/510
v -19.000000 60.000000 46.000000
vt 0.755000 0.255000
vn 0.000000 0.000000 1.000000
v 19.000000 60.000000 46.000000
vt 0.995000 0.255000
vn 0.000000 0.000000 1.000000
v 19.000000 64.000000 46.000000
vt 0.995000 0.495000
vn 0.000000 0.000000 1.000000
v -19.000000 64.000000 46.000000
vt 0.755000 0.495000
vn 0.000000 0.000000 1.000000
f 511/511/511 512/512/512 513/513/513
f 511/511/511 513/513/513 514/514/514
v 19.000000 60.000000 40.000000
vt 0.755000 0.255000
vn 0.000000 0.000000 -1.000000
v -19.000000 60.000000 40.000000
vt 0.995000 0.255000
vn 0.000000 0.000000 -1.000000
v -19.000000 64.000000 40.000000
vt 0.995000 0.495000
vn 0.000000 0.000000 -1.000000
v 19.000000 64.000000 40.000000
vt 0.755000 0.495000
vn 0.000000 0.000000 -1.000000
f 515/515/515 516/516/516 517/517/517
f 515/515/515 517/517/517 518/518/518
v 19.000000 60.000000 46.000000
vt 0.755000 0.255000
vn 1.000000 0.000000 0.000000
v 19.000000 60.000000 40.000000
vt 0.995000 0.255000
vn 1.000000 0.000000 0.000000
v 19.000000 64.000000 40.000000
vt 0.995000 0.495000
vn 1.000000 0.000000 0.000000
v 19.000000 64.000000 46.000000
vt 0.755000 0.495000
vn 1.000000 0.000000 0.000000
f 519/519/519 520/520/520 521/521/521
f 519/519/519 521/521/521 522/522/522
v -19.000000 60.000000 40.000000
vt 0.755000 0.255000
vn -1.000000 0.000000 0.000000
v -19.000000 60.000000 46.000000
vt 0.995000 0.255000
vn -1.000000 0.000000 0.000000
v -19.000000 64.000000 46.000000
vt 0.995000 0.495000
vn -1.000000 0.000000 0.000000
v -19.000000 64.000000 40.000000
vt 0.755000 0.495000
vn -1.000000 0.000000 0.000000
f 523/523/523 524/524/524 525/525/525
f 523/523/523 525/525/525 526/526/526
v -19.000000 64.000000 46.000000
vt 0.755000 0.255000
vn 0.000000 1.000000 0.000000
v 19.000000 64.000000 46.000000
vt 0.995000 0.255000
vn 0.000000 1.000000 0.000000
v 19.000000 64.000000 40.000000
vt 0.995000 0.495000
vn 0.000000 1.000000 0.000000
v -19.000000 64.000000 40.000000
vt 0.755000 0.495000
vn 0.000000 1.000000 0.000000
f 527/527/527 528/528/528 529/529/529
f 527/527/527 529/529/529 530/530/530
v -19.000000 60.000000 40.000000
vt 0.755000 0.255000
vn 0.000000 -1.000000 0.000000
v 19.000000 60.000000 40.000000
vt 0.995000 0.255000
vn 0.000000 -1.000000 0.000000
v 19.000000 60.000000 46.000000
vt 0.995000 0.495000
vn 0.000000 -1.000000 0.000000
v -19.000000 60.000000 46.000000
vt 0.755000 0.495000
vn 0.000000 -1.000000 0.000000
f 531/531/531 532/532/532 533/533/533
f 531/531/531 533/533/533 534/534/534
v -70.500000 34.000000 46.000000
vt 0.755000 0.255000
vn 0.000000 0.000000 1.000000
v -67.500000 34.000000 46.000000
vt 0.995000 0.255000
vn 0.000000 0.000000 1.000000
v -67.500000 64.000000 46.000000
vt 0.995000 0.495000
vn 0.000000 0.000000 1.000000
v -70.500000 64.000000 46.000000
vt 0.755000 0.495000
vn 0.000000 0.000000 1.000000
f 535/535/535 536/536/536 537/537/537
f 535/535/535 537/537/537 538/538/538
v -67.500000 34.000000 42.000000
vt 0.755000 0.255000
vn 0.000000 0.000000 -1.000000
v -70.500000 34.000000 42.000000
vt 0.995000 0.255000
vn 0.000000 0.000000 -1.000000
v -70.500000 64.000000 42.000000
vt 0.995000 0.495000
vn 0.000000 0.000000 -1.000000
v -67.500000 64.000000 42.000000
vt 0.755000 0.495000
vn 0.000000 0.000000 -1.000000
f 539/539/539 540/540/540 541/541/541
f 539/539/539 541/541/541 542/542/542
v -67.500000 34.000000 46.000000
vt 0.755000 0.255000
vn 1.000000 0.000000 0.000000
v -67.500000 34.000000 42.000000
vt 0.995000 0.255000
vn 1.000000 0.000000 0.000000
v -67.500000 64.000000 42.000000
vt 0.995000 0.495000
vn 1.000000 0.000000 0.000000
v -67.500000 64.000000 46.000000
vt 0.755000 0.495000
vn 1.000000 0.000000 0.000000
f 543/543/543 544/544/544 545/545/545
f 543/543/543 545/545/545 546/546/546
v -70.500000 34.000000 42.000000
vt 0.755000 0.255000
vn -1.000000 0.000000 0.000000
v -70.500000 34.000000 46.000000
vt 0.995000 0.255000
vn -1.000000 0.000000 0.000000
v -70.500000 64.000000 46.000000
vt 0.995000 0.495000
vn -1.000000 0.000000 0.000000
v -70.500000 64.000000 42.000000
vt 0.755000 0.495000
vn -1.000000 0.000000 0.000000
f 547/547/547 548/548/548 549/549/549
f 547/547/547 549/549/549 550/550/550
v -70.500000 64.000000 46.000000
vt 0.755000 0.255000
vn 0.000000 1.000000 0.000000
v -67.500000 64.000000 46.000000
vt 0.995000 0.255000
vn 0.000000 1.000000 0.000000
v -67.500000 64.000000 42.000000
vt 0.995000 0.495000
vn 0.000000 1.000000 0.000000
v -70.500000 64.000000 42.000000
vt 0.755000 0.495000
vn 0.000000 1.000000 0.000000
f 551/551/551 552/552/552 553/553/553
f 551/551/551 553/553/553 554/554/554
v -70.500000 34.000000 42.000000
vt 0.755000 0.255000
vn 0.000000 -1.000000 0.000000
v -67.500000 34.000000 42.000000
vt 0.995000 0.255000
vn 0.000000 -1.000000 0.000000
v -67.500000 34.000000 46.000000
vt 0.995000 0.495000
vn 0.000000 -1.000000 0.000000
v -70.500000 34.000000 46.000000
vt 0.755000 0.495000
vn 0.000000 -1.000000 0.000000
f 555/555/555 556/556/556 557/557/557
f 555/555/555 557/557/557 558/558/558
v -42.500000 34.000000 46.000000
vt 0.755000 0.255000
vn 0.000000 0.000000 1.000000
v -39.500000 34.000000 46.000000
vt 0.995000 0.255000
vn 0.000000 0.000000 1.000000
v -39.500000 64.000000 46.000000
vt 0.995000 0.495000
vn 0.000000 0.000000 1.000000
v -42.500000 64.000000 46.000000
vt 0.755000 0.495000
vn 0.000000 0.000000 1.000000
f 559/559/559 560/560/560 561/561/561
f 559/559/559 561/561/561 562/562/562
v -39.500000 34.000000 42.000000
vt 0.755000 0.255000
vn 0.000000 0.000000 -1.000000
v -42.500000 34.000000 42.000000
vt 0.995000 0.255000
vn 0.000000 0.000000 -1.000000
v -42.500000 64.000000 42.000000
vt 0.995000 0.495000
vn 0.000000 0.000000 -1.000000
v -39.500000 64.000000 42.000000
vt 0.755000 0.495000
vn 0.000000 0.000000 -1.000000
f 563/563/563 564/564/564 565/565/565
f 563/563/563 565/565/565 566/566/566
v -39.500000 34.000000 46.000000
vt 0.755000 0.255000
vn 1.000000 0.000000 0.000000
v -39.500000 34.000000 42.000000
vt 0.995000 0.255000
vn 1.000000 0.000000 0.000000
v -39.500000 64.000000 42.000000
vt 0.995000 0.495000
vn 1.000000 0.000000 0.000000
v -39.500000 64.000000 46.000000
vt 0.755000 0.495000
vn 1.000000 0.000000 0.000000
f 567/567/567 568/568/568 569/569/569
f 567/567/567 569/569/569 570/570/570
v -42.500000 34.000000 42.000000
vt 0.755000 0.255000
vn -1.000000 0.000000 0.000000
v -42.500000 34.000000 46.000000
vt 0.995000 0.255000
vn -1.000000 0.000000 0.000000
v -42.500000 64.000000 46.000000
vt 0.995000 0.495000
vn -1.000000 0.000000 0.000000
v -42.500000 64.000000 42.000000
vt 0.755000 0.495000
vn -1.000000 0.000000 0.000000
f 571/571/571 572/572/572 573/573/573
f 571/571/571 573/573/573 574/574/574
v -42.500000 64.000000 46.000000
vt 0.755000 0.255000
vn 0.000000 1.000000 0.000000
v -39.500000 64.000000 46.000000
vt 0.995000 0.255000
vn 0.000000 1.000000 0.000000
v -39.500000 64.000000 42.000000
vt 0.995000 0.495000
vn 0.000000 1.000000 0.000000
v -42.500000 64.000000 42.000000
vt 0.755000 0.495000
vn 0.000000 1.000000 0.000000
f 575/575/575 576/576/576 577/577/577
f 575/575/575 577/577/577 578/578/578
v -42.500000 34.000000 42.000000
vt 0.755000 0.255000
vn 0.000000 -1.000000 0.000000
v -39.500000 34.000000 42.000000
vt 0.995000 0.255000
vn 0.000000 -1.000000 0.000000
v -39.500000 34.000000 46.000000
vt 0.995000 0.495000
vn 0.000000 -1.000000 0.000000
v -42.500000 34.000000 46.000000
vt 0.755000 0.495000
vn 0.000000 -1.000000 0.000000
f 579/579/579 580/580/580 581/581/581
f 579/579/579 581/581/581 582/582/582
v -71.000000 33.000000 46.000000
vt 0.755000 0.255000
vn 0.000000 0.000000 1.000000
v -39.000000 33.000000 46.000000
vt 0.995000 0.255000
vn 0.000000 0.000000 1.000000
v -39.000000 35.000000 46.000000
vt 0.995000 0.495000
vn 0.000000 0.000000 1.000000
v -71.000000 35.000000 46.000000
vt 0.755000 0.495000
vn 0.000000 0.000000 1.000000
f 583/583/583 584/584/584 585/585/585
f 583/583/583 585/585/585 586/586/586
v -39.000000 33.000000 43.000000
vt 0.755000 0.255000
vn 0.000000 0.000000 -1.000000
v -71.000000 33.000000 43.000000
vt 0.995000 0.255000
vn 0.000000 0.000000 -1.000000
v -71.000000 35.000000 43.000000
vt 0.995000 0.495000
vn 0.000000 0.000000 -1.000000
v -39.000000 35.000000 43.000000
vt 0.755000 0.495000
vn 0.000000 0.000000 -1.000000
f 587/587/587 588/588/588 589/589/589
f 587/587/587 589/589/589 590/590/590
v -39.000000 33.000000 46.000000
vt 0.755000 0.255000
vn 1.000000 0.000000 0.000000
v -39.000000 33.000000 43.000000
vt 0.995000 0.255000
vn 1.000000 0.000000 0.000000
v -39.000000 35.000000 43.000000
vt 0.995000 0.495000
vn 1.000000 0.000000 0.000000
v -39.000000 35.000000 46.000000
vt 0.755000 0.495000
vn 1.000000 0.000000 0.000000
f 591/591/591 592/592/592 593/593/593
f 591/591/591 593/593/593 594/594/594
v -71.000000 33.000000 43.000000
vt 0.755000 0.255000
vn -1.000000 0.000000 0.000000
v -71.000000 33.000000 46.000000
vt 0.995000 0.255000
vn -1.000000 0.000000 0.000000
v -71.000000 35.000000 46.000000
vt 0.995000 0.495000
vn -1.000000 0.000000 0.000000
v -71.000000 35.000000 43.000000
vt 0.755000 0.495000
vn -1.000000 0.000000 0.000000
f 595/595/595 596/596/596 597/597/597
f 595/595/595 597/597/597 598/598/598
v -71.000000 35.000000 46.000000
vt 0.755000 0.255000
vn 0.000000 1.000000 0.000000
v -39.000000 35.000000 46.000000
vt 0.995000 0.255000
vn 0.000000 1.000000 0.000000
v -39.000000 35.000000 43.000000
vt 0.995000 0.495000
vn 0.000000 1.000000 0.000000
v -71.000000 35.000000 43.000000
vt 0.755000 0.495000
vn 0.000000 1.000000 0.000000
f 599/599/599 600/600/600 601/601/601
f 599/599/599 601/601/601 602/602/602
v -71.000000 33.000000 43.000000
vt 0.755000 0.255000
vn 0.000000 -1.000000 0.000000
v -39.000000 33.000000 43.000000
vt 0.995000 0.255000
vn 0.000000 -1.000000 0.000000
v -39.000000 33.000000 46.000000
vt 0.995000 0.495000
vn 0.000000 -1.000000 0.000000
v -71.000000 33.000000 46.000000
vt 0.755000 0.495000
vn 0.000000 -1.000000 0.000000
f 603/603/603 604/604/604 605/605/605
f 603/603/603 605/605/605 606/606/606
v -71.000000 48.000000 46.000000
vt 0.755000 0.255000
vn 0.000000 0.000000 1.000000
v -39.000000 48.000000 46.000000
vt 0.995000 0.255000
vn 0.000000 0.000000 1.000000
v -39.000000 50.000000 46.000000
vt 0.995000 0.495000
vn 0.000000 0.000000 1.000000
v -71.000000 50.000000 46.000000
vt 0.755000 0.495000
vn 0.000000 0.000000 1.000000
f 607/607/607 608/608/608 609/609/609
f 607/607/607 609/609/609 610/610/610
v -39.000000 48.000000 43.000000
vt 0.755000 0.255000
vn 0.000000 0.000000 -1.000000
v -71.000000 48.000000 43.000000
vt 0.995000 0.255000
vn 0.000000 0.000000 -1.000000
v -71.000000 50.000000 43.000000
vt 0.995000 0.495000
vn 0.000000 0.000000 -1.000000
v -39.000000 50.000000 43.000000
vt 0.755000 0.495000
vn 0.000000 0.000000 -1.000000
f 611/611/611 612/612/612 613/613/613
f 611/611/611 613/613/613 614/614/614
v -39.000000 48.000000 46.000000
vt 0.755000 0.255000
vn 1.000000 0.000000 0.000000
v -39.000000 48.000000 43.000000
vt 0.995000 0.255000
vn 1.000000 0.000000 0.000000
v -39.000000 50.000000 43.000000
vt 0.995000 0.495000
vn 1.000000 0.000000 0.000000
v -39.000000 50.000000 46.000000
vt 0.755000 0.495000
vn 1.000000 0.000000 0.000000
f 615/615/615 616/616/616 617/617/617
f 615/615/615 617/617/617 618/618/618
v -71.000000 48.000000 43.000000
vt 0.755000 0.255000
vn -1.000000 0.000000 0.000000
v -71.000000 48.000000 46.000000
vt 0.995000 0.255000
vn -1.000000 0.000000 0.000000
v -71.000000 50.000000 46.000000
vt 0.995000 0.495000
vn -1.000000 0.000000 0.000000
v -71.000000 50.000000 43.000000
vt 0.755000 0.495000
vn -1.000000 0.000000 0.000000
f 619/619/619 620/620/620 621/621/621
f 619/619/619 621/621/621 622/622/622
v -71.000000 50.000000 46.000000
vt 0.755000 0.255000
vn 0.000000 1.000000 0.000000
v -39.000000 50.000000 46.000000
vt 0.995000 0.255000
vn 0.000000 1.000000 0.000000
v -39.000000 50.000000 43.000000
vt 0.995000 0.495000
vn 0.000000 1.000000 0.000000
v -71.000000 50.000000 43.000000
vt 0.755000 0.495000
vn 0.000000 1.000000 0.000000
f 623/623/623 624/624/624 625/625/625
f 623/623/623 625/625/625 626/626/626
v -71.000000 48.000000 43.000000
vt 0.755000 0.255000
vn 0.000000 -1.000000 0.000000
v -39.000000 48.000000 43.000000
vt 0.995000 0.255000
vn 0.000000 -1.000000 0.000000
v -39.000000 48.000000 46.000000
vt 0.995000 0.495000
vn 0.000000 -1.000000 0.000000
v -71.000000 48.000000 46.000000
vt 0.755000 0.495000
vn 0.000000 -1.000000 0.000000
f 627/627/627 628/628/628 629/629/629
f 627/627/627 629/629/629 630/630/630
v -71.000000 62.000000 46.000000
vt 0.755000 0.255000
vn 0.000000 0.000000 1.000000
v -39.000000 62.000000 46.000000
vt 0.995000 0.255000
vn 0.000000 0.000000 1.000000
v -39.000000 64.000000 46.000000
vt 0.995000 0.495000
vn 0.000000 0.000000 1.000000
v -71.000000 64.000000 46.000000
vt 0.755000 0.495000
vn 0.000000 0.000000 1.000000
f 631/631/631 632/632/632 633/633/633
f 631/631/631 633/633/633 634/634/634
v -39.000000 62.000000 43.000000
vt 0.755000 0.255000
vn 0.000000 0.000000 -1.000000
v -71.000000 62.000000 43.000000
vt 0.995000 0.255000
vn 0.000000 0.000000 -1.000000
v -71.000000 64.000000 43.000000
vt 0.995000 0.495000
vn 0.000000 0.000000 -1.000000
v -39.000000 64.000000 43.000000
vt 0.755000 0.495000
vn 0.000000 0.000000 -1.000000
f 635/635/635 636/636/636 637/637/637
f 635/635/635 637/637/637 638/638/638
v -39.000000 62.000000 46.000000
vt 0.755000 0.255000
vn 1.000000 0.000000 0.000000
v -39.000000 62.000000 43.000000
vt 0.995000 0.255000
vn 1.000000 0.000000 0.000000
v -39.000000 64.000000 43.000000
vt 0.995000 0.495000
vn 1.000000 0.000000 0.000000
v -39.000000 64.000000 46.000000
vt 0.755000 0.495000
vn 1.000000 0.000000 0.000000
f 639/639/639 640/640/640 641/641/641
f 639/639/639 641/641/641 642/642/642
v -71.000000 62.000000 43.000000
vt 0.755000 0.255000
vn -1.000000 0.000000 0.000000
v -71.000000 62.000000 46.000000
vt 0.995000 0.255000
vn -1.000000 0.000000 0.000000
v -71.000000 64.000000 46.000000
vt 0.995000 0.495000
vn -1.000000 0.000000 0.000000
v -71.000000 64.000000 43.000000
vt 0.755000 0.495000
vn -1.000000 0.000000 0.000000
f 643/643/643 644/644/644 645/645/645
f 643/643/643 645/645/645 646/646/646
v -71.000000 64.000000 46.000000
vt 0.755000 0.255000
vn 0.000000 1.000000 0.000000
v -39.000000 64.000000 46.000000
vt 0.995000 0.255000
vn 0.000000 1.000000 0.000000
v -39.000000 64.000000 43.000000
vt 0.995000 0.495000
vn 0.000000 1.000000 0.000000
v -71.000000 64.000000 43.000000
vt 0.755000 0.495000
vn 0.000000 1.000000 0.000000
f 647/647/647 648/648/648 649/649/649
f 647/647/647 649/649/649 650/650/650
v -71.000000 62.000000 43.000000
vt 0.755000 0.255000
vn 0.000000 -1.000000 0.000000
v -39.000000 62.000000 43.000000
vt 0.995000 0.255000
vn 0.000000 -1.000000 0.000000
v -39.000000 62.000000 46.000000
vt 0.995000 0.495000
vn 0.000000 -1.000000 0.000000
v -71.000000 62.000000 46.000000
vt 0.755000 0.495000
vn 0.000000 -1.000000 0.000000
f 651/651/651 652/652/652 653/653/653
f 651/651/651 653/653/653 654/654/654
v -56.000000 34.000000 46.000000
vt 0.755000 0.255000
vn 0.000000 0.000000 1.000000
v -54.000000 34.000000 46.000000
vt 0.995000 0.255000
vn 0.000000 0.000000 1.000000
v -54.000000 64.000000 46.000000
vt 0.995000 0.495000
vn 0.000000 0.000000 1.000000
v -56.000000 64.000000 46.000000
vt 0.755000 0.495000
vn 0.000000 0.000000 1.000000
f 655/655/655 656/656/656 657/657/657
f 655/655/655 657/657/657 658/658/658
v -54.000000 34.000000 43.000000
vt 0.755000 0.255000
vn 0.000000 0.000000 -1.000000
v -56.000000 34.000000 43.000000
vt 0.995000 0.255000
vn 0.000000 0.000000 -1.000000
v -56.000000 64.000000 43.000000
vt 0.995000 0.495000
vn 0.000000 0.000000 -1.000000
v -54.000000 64.000000 43.000000
vt 0.755000 0.495000
vn 0.000000 0.000000 -1.000000
f 659/659/659 660/660/660 661/661/661
f 659/659/659 661/661/661 662/662/662
v -54.000000 34.000000 46.000000
vt 0.755000 0.255000
vn 1.000000 0.000000 0.000000
v -54.000000 34.000000 43.000000
vt 0.995000 0.255000
vn 1.000000 0.000000 0.000000
v -54.000000 64.000000 43.000000
vt 0.995000 0.495000
vn 1.000000 0.000000 0.000000
v -54.000000 64.000000 46.000000
vt 0.755000 0.495000
vn 1.000000 0.000000 0.000000
f 663/663/663 664/664/664 665/665/665
f 663/663/663 665/665/665 666/666/666
v -56.000000 34.000000 43.000000
vt 0.755000 0.255000
vn -1.000000 0.000000 0.000000
v -56.000000 34.000000 46.000000
vt 0.995000 0.255000
vn -1.000000 0.000000 0.000000
v -56.000000 64.000000 46.000000
vt 0.995000 0.495000
vn -1.000000 0.000000 0.000000
v -56.000000 64.000000 43.000000
vt 0.755000 0.495000
vn -1.000000 0.000000 0.000000
f 667/667/667 668/668/668 669/669/669
f 667/667/667 669/669/669 670/670/670
v -56.000000 64.000000 46.000000
vt 0.755000 0.255000
vn 0.000000 1.000000 0.000000
v -54.000000 64.000000 46.000000
vt 0.995000 0.255000
vn 0.000000 1.000000 0.000000
v -54.000000 64.000000 43.000000
vt 0.995000 0.495000
vn 0.000000 1.000000 0.000000
v -56.000000 64.000000 43.000000
vt 0.755000 0.495000
vn 0.000000 1.000000 0.000000
f 671/671/671 672/672/672 673/673/673
f 671/671/671 673/673/673 674/674/674
v -56.000000 34.000000 43.000000
vt 0.755000 0.255000
vn 0.000000 -1.000000 0.000000
v -54.000000 34.000000 43.000000
vt 0.995000 0.255000
vn 0.000000 -1.000000 0.000000
v -54.000000 34.000000 46.000000
vt 0.995000 0.495000
vn 0.000000 -1.000000 0.000000
v -56.000000 34.000000 46.000000
vt 0.755000 0.495000
vn 0.000000 -1.000000 0.000000
f 675/675/675 676/676/676 677/677/677
f 675/675/675 677/677/677 678/678/678
v 39.500000 34.000000 46.000000
vt 0.755000 0.255000
vn 0.000000 0.000000 1.000000
v 42.500000 34.000000 46.000000
vt 0.995000 0.255000
vn 0.000000 0.000000 1.000000
v 42.500000 64.000000 46.000000
vt 0.995000 0.495000
vn 0.000000 0.000000 1.000000
v 39.500000 64.000000 46.000000
vt 0.755000 0.495000
vn 0.000000 0.000000 1.000000
f 679/679/679 680/680/680 681/681/681
f 679/679/679 681/681/681 682/682/682
v 42.500000 34.000000 42.000000
vt 0.755000 0.255000
vn 0.000000 0.000000 -1.000000
v 39.500000 34.000000 42.000000
vt 0.995000 0.255000
vn 0.000000 0.000000 -1.000000
v 39.500000 64.000000 42.000000
vt 0.995000 0.495000
vn 0.000000 0.000000 -1.000000
v 42.500000 64.000000 42.000000
vt 0.755000 0.495000
vn 0.000000 0.000000 -1.000000
f 683/683/683 684/684/684 685/685/685
f 683/683/683 685/685/685 686/686/686
v 42.500000 34.000000 46.000000
vt 0.755000 0.255000
vn 1.000000 0.000000 0.000000
v 42.500000 34.000000 42.000000
vt 0.995000 0.255000
vn 1.000000 0.000000 0.000000
v 42.500000 64.000000 42.000000
vt 0.995000 0.495000
vn 1.000000 0.000000 0.000000
v 42.500000 64.000000 46.000000
vt 0.755000 0.495000
vn 1.000000 0.000000 0.000000
f 687/687/687 688/688/688 689/689/689
f 687/687/687 689/689/689 690/690/690
v 39.500000 34.000000 42.000000
vt 0.755000 0.255000
vn -1.000000 0.000000 0.000000
v 39.500000 34.000000 46.000000
vt 0.995000 0.255000
vn -1.000000 0.000000 0.000000
v 39.500000 64.000000 46.000000
vt 0.995000 0.495000
vn -1.000000 0.000000 0.000000
v 39.500000 64.000000 42.000000
vt 0.755000 0.495000
vn -1.000000 0.000000 0.000000
f 691/691/691 692/692/692 693/693/693
f 691/691/691 693/693/693 694/694/694
v 39.500000 64.000000 46.000000
vt 0.755000 0.255000
vn 0.000000 1.000000 0.000000
v 42.500000 64.000000 46.000000
vt 0.995000 0.255000
vn 0.000000 1.000000 0.000000
v 42.500000 64.000000 42.000000
vt 0.995000 0.495000
vn 0.000000 1.000000 0.000000
v 39.500000 64.000000 42.000000
vt 0.755000 0.495000
vn 0.000000 1.000000 0.000000
f 695/695/695 696/696/696 697/697/697
f 695/695/695 697/697/697 698/698/698
v 39.500000 34.000000 42.000000
vt 0.755000 0.255000
vn 0.000000 -1.000000 0.000000
v 42.500000 34.000000 42.000000
vt 0.995000 0.255000
vn 0.000000 -1.000000 0.000000
v 42.500000 34.000000 46.000000
vt 0.995000 0.495000
vn 0.000000 -1.000000 0.000000
v 39.500000 34.000000 46.000000
vt 0.755000 0.495000
vn 0.000000 -1.000000 0.000000
f 699/699/699 700/700/700 701/701/701
f 699/699/699 701/701/701 702/702/702
v 67.500000 34.000000 46.000000
vt 0.755000 0.255000
vn 0.000000 0.000000 1.000000
v 70.500000 34.000000 46.000000
vt 0.995000 0.255000
vn 0.000000 0.000000 1.000000
v 70.500000 64.000000 46.000000
vt 0.995000 0.495000
vn 0.000000 0.000000 1.000000
v 67.500000 64.000000 46.000000
vt 0.755000 0.495000
vn 0.000000 0.000000 1.000000
f 703/703/703 704/704/704 705/705/705
f 703/703/703 705/705/705 706/706/706
v 70.500000 34.000000 42.000000
vt 0.755000 0.255000
vn 0.000000 0.000000 -1.000000
v 67.500000 34.000000 42.000000
vt 0.995000 0.255000
vn 0.000000 0.000000 -1.000000
v 67.500000 64.000000 42.000000
vt 0.995000 0.495000
vn 0.000000 0.000000 -1.000000
v 70.500000 64.000000 42.000000
vt 0.755000 0.495000
vn 0.000000 0.000000 -1.000000
f 707/707/707 708/708/708 709/709/709
f 707/707/707 709/709/709 710/710/710
v 70.500000 34.000000 46.000000
vt 0.755000 0.255000
vn 1.000000 0.000000 0.000000
v 70.500000 34.000000 42.000000
vt 0.995000 0.255000
vn 1.000000 0.000000 0.000000
v 70.500000 64.000000 42.000000
vt 0.995000 0.495000
vn 1.000000 0.000000 0.000000
v 70.500000 64.000000 46.000000
vt 0.755000 0.495000
vn 1.000000 0.000000 0.000000
f 711/711/711 712/712/712 713/713/713
f 711/711/711 713/713/713 714/714/714
v 67.500000 34.000000 42.000000
vt 0.755000 0.255000
vn -1.000000 0.000000 0.000000
v 67.500000 34.000000 46.000000
vt 0.995000 0.255000
vn -1.000000 0.000000 0.000000
v 67.500000 64.000000 46.000000
vt 0.995000 0.495000
vn -1.000000 0.000000 0.000000
v 67.500000 64.000000 42.000000
vt 0.755000 0.495000
vn -1.000000 0.000000 0.000000
f 715/715/715 716/716/716 717/717/717
f 715/715/715 717/717/717 718/718/718
v 67.500000 64.000000 46.000000
vt 0.755000 0.255000
vn 0.000000 1.000000 0.000000
v 70.500000 64.000000 46.000000
vt 0.995000 0.255000
vn 0.000000 1.000000 0.000000
v 70.500000 64.000000 42.000000
vt 0.995000 0.495000
vn 0.000000 1.000000 0.000000
v 67.500000 64.000000 42.000000
vt 0.755000 0.495000
vn 0.000000 1.000000 0.000000
f 719/719/719 720/720/720 721/721/721
f 719/719/719 721/721/721 722/722/722
v 67.500000 34.000000 42.000000
vt 0.755000 0.255000
vn 0.000000 -1.000000 0.000000
v 70.500000 34.000000 42.000000
vt 0.995000 0.255000
vn 0.000000 -1.000000 0.000000
v 70.500000 34.000000 46.000000
vt 0.995000 0.495000
vn 0.000000 -1.000000 0.000000
v 67.500000 34.000000 46.000000
vt 0.755000 0.495000
vn 0.000000 -1.000000 0.000000
f 723/723/723 724/724/724 725/725/725
f 723/723/723 725/725/725 726/726/726
v 39.000000 33.000000 46.000000
vt 0.755000 0.255000
vn 0.000000 0.000000 1.000000
v 71.000000 33.000000 46.000000
vt 0.995000 0.255000
vn 0.000000 0.000000 1.000000
v 71.000000 35.000000 46.000000
vt 0.995000 0.495000
vn 0.000000 0.000000 1.000000
v 39.000000 35.000000 46.000000
vt 0.755000 0.495000
vn 0.000000 0.000000 1.000000
f 727/727/727 728/728/728 729/729/729
f 727/727/727 729/729/729 730/730/730
v 71.000000 33.000000 43.000000
vt 0.755000 0.255000
vn 0.000000 0.000000 -1.000000
v 39.000000 33.000000 43.000000
vt 0.995000 0.255000
vn 0.000000 0.000000 -1.000000
v 39.000000 35.000000 43.000000
vt 0.995000 0.495000
vn 0.000000 0.000000 -1.000000
v 71.000000 35.000000 43.000000
vt 0.755000 0.495000
vn 0.000000 0.000000 -1.000000
f 731/731/731 732/732/732 733/733/733
f 731/731/731 733/733/733 734/734/734
v 71.000000 33.000000 46.000000
vt 0.755000 0.255000
vn 1.000000 0.000000 0.000000
v 71.000000 33.000000 43.000000
vt 0.995000 0.255000
vn 1.000000 0.000000 0.000000
v 71.000000 35.000000 43.000000
vt 0.995000 0.495000
vn 1.000000 0.000000 0.000000
v 71.000000 35.000000 46.000000
vt 0.755000 0.495000
vn 1.000000 0.000000 0.000000
f 735/735/735 736/736/736 737/737/737
f 735/735/735 737/737/737 738/738/738
v 39.000000 33.000000 43.000000
vt 0.755000 0.255000
vn -1.000000 0.000000 0.000000
v 39.000000 33.000000 46.000000
vt 0.995000 0.255000
vn -1.000000 0.000000 0.000000
v 39.000000 35.000000 46.000000
vt 0.995000 0.495000
vn -1.000000 0.000000 0.000000
v 39.000000 35.000000 43.000000
vt 0.755000 0.495000
vn -1.000000 0.000000 0.000000
f 739/739/739 740/740/740 741/741/741
f 739/739/739 741/741/741 742/742/742
v 39.000000 35.000000 46.000000
vt 0.755000 0.255000
vn 0.000000 1.000000 0.000000
v 71.000000 35.000000 46.000000
vt 0.995000 0.255000
vn 0.000000 1.000000 0.000000
v 71.000000 35.000000 43.000000
vt 0.995000 0.495000
vn 0.000000 1.000000 0.000000
v 39.000000 35.000000 43.000000
vt 0.755000 0.495000
vn 0.000000 1.000000 0.000000
f 743/743/743 744/744/744 745/745/745
f 743/743/743 745/745/745 746/746/746
v 39.000000 33.000000 43.000000
vt 0.755000 0.255000
vn 0.000000 -1.000000 0.000000
v 71.000000 33.000000 43.000000
vt 0.995000 0.255000
vn 0.000000 -1.000000 0.000000
v 71.000000 33.000000 46.000000
vt 0.995000 0.495000
vn 0.000000 -1.000000 0.000000
v 39.000000 33.000000 46.000000
vt 0.755000 0.495000
vn 0.000000 -1.000000 0.000000
f 747/747/747 748/748/748 749/749/749
f 747/747/747 749/749/749 750/750/750
v 39.000000 48.000000 46.000000
vt 0.755000 0.255000
vn 0.000000 0.000000 1.000000
v 71.000000 48.000000 46.000000
vt 0.995000 0.255000
vn 0.000000 0.000000 1.000000
v 71.000000 50.000000 46.000000
vt 0.995000 0.495000
vn 0.000000 0.000000 1.000000
v 39.000000 50.000000 46.000000
vt 0.755000 0.495000
vn 0.000000 0.000000 1.000000
f 751/751/751 752/752/752 753/753/753
f 751/751/751 753/753/753 754/754/754
v 71.000000 48.000000 43.000000
vt 0.755000 0.255000
vn 0.000000 0.000000 -1.000000
v 39.000000 48.000000 43.000000
vt 0.995000 0.255000
vn 0.000000 0.000000 -1.000000
v 39.000000 50.000000 43.000000
vt 0.995000 0.495000
vn 0.000000 0.000000 -1.000000
v 71.000000 50.000000 43.000000
vt 0.755000 0.495000
vn 0.000000 0.000000 -1.000000
f 755/755/755 756/756/756 757/757/757
f 755/755/755 757/757/757 758/758/758
v 71.000000 48.000000 46.000000
vt 0.755000 0.255000
vn 1.000000 0.000000 0.000000
v 71.000000 48.000000 43.000000
vt 0.995000 0.255000
vn 1.000000 0.000000 0.000000
v 71.000000 50.000000 43.000000
vt 0.995000 0.495000
vn 1.000000 0.000000 0.000000
v 71.000000 50.000000 46.000000
vt 0.755000 0.495000
vn 1.000000 0.000000 0.000000
f 759/759/759 760/760/760 761/761/761
f 759/759/759 761/761/761 762/762/762
v 39.000000 48.000000 43.000000
vt 0.755000 0.255000
vn -1.000000 0.000000 0.000000
v 39.000000 48.000000 46.000000
vt 0.995000 0.255000
vn -1.000000 0.000000 0.000000
v 39.000000 50.000000 46.000000
vt 0.995000 0.495000
vn -1.000000 0.000000 0.000000
v 39.000000 50.000000 43.000000
vt 0.755000 0.495000
vn -1.000000 0.000000 0.000000
f 763/763/763 764/764/764 765/765/765
f 763/763/763 765/765/765 766/766/766
v 39.000000 50.000000 46.000000
vt 0.755000 0.255000
vn 0.000000 1.000000 0.000000
v 71.000000 50.000000 46.000000
vt 0.995000 0.255000
vn 0.000000 1.000000 0.000000
v 71.000000 50.000000 43.000000
vt 0.995000 0.495000
vn 0.000000 1.000000 0.000000
v 39.000000 50.000000 43.000000
vt 0.755000 0.495000
vn 0.000000 1.000000 0.000000
f 767/767/767 768/768/768 769/769/769
f 767/767/767 769/769/769 770/770/770
v 39.000000 48.000000 43.000000
vt 0.755000 0.255000
vn 0.000000 -1.000000 0.000000
v 71.000000 48.000000 43.000000
vt 0.995000 0.255000
vn 0.000000 -1.000000 0.000000
v 71.000000 48.000000 46.000000
vt 0.995000 0.495000
vn 0.000000 -1.000000 0.000000
v 39.000000 48.000000 46.000000
vt 0.755000 0.495000
vn 0.000000 -1.000000 0.000000
f 771/771/771 772/772/772 773/773/773
f 771/771/771 773/773/773 774/774/774
v 39.000000 62.000000 46.000000
vt 0.755000 0.255000
vn 0.000000 0.000000 1.000000
v 71.000000 62.000000 46.000000
vt 0.995000 0.255000
vn 0.000000 0.000000 1.000000
v 71.000000 64.000000 46.000000
vt 0.995000 0.495000
vn 0.000000 0.000000 1.000000
v 39.000000 64.000000 46.000000
vt 0.755000 0.495000
vn 0.000000 0.000000 1.000000
f 775/775/775 776/776/776 777/777/777
f 775/775/775 777/777/777 778/778/778
v 71.000000 62.000000 43.000000
vt 0.755000 0.255000
vn 0.000000 0.000000 -1.000000
v 39.000000 62.000000 43.000000
vt 0.995000 0.255000
vn 0.000000 0.000000 -1.000000
v 39.000000 64.000000 43.000000
vt 0.995000 0.495000
vn 0.000000 0.000000 -1.000000
v 71.000000 64.000000 43.000000
vt 0.755000 0.495000
vn 0.000000 0.000000 -1.000000
f 779/779/779 780/780/780 781/781/781
f 779/779/779 781/781/781 782/782/782
v 71.000000 62.000000 46.000000
vt 0.755000 0.255000
vn 1.000000 0.000000 0.000000
v 71.000000 62.000000 43.000000
vt 0.995000 0.255000
vn 1.000000 0.000000 0.000000
v 71.000000 64.000000 43.000000
vt 0.995000 0.495000
vn 1.000000 0.000000 0.000000
v 71.000000 64.000000 46.000000
vt 0.755000 0.495000
vn 1.000000 0.000000 0.000000
f 783/783/783 784/784/784 785/785/785
f 783/783/783 785/785/785 786/786/786
v 39.000000 62.000000 43.000000
vt 0.755000 0.255000
vn -1.000000 0.000000 0.000000
v 39.000000 62.000000 46.000000
vt 0.995000 0.255000
vn -1.000000 0.000000 0.000000
v 39.000000 64.000000 46.000000
vt 0.995000 0.495000
vn -1.000000 0.000000 0.000000
v 39.000000 64.000000 43.000000
vt 0.755000 0.495000
vn -1.000000 0.000000 0.000000
f 787/787/787 788/788/788 789/789/789
f 787/787/787 789/789/789 790/790/790
v 39.000000 64.000000 46.000000
vt 0.755000 0.255000
vn 0.000000 1.000000 0.000000
v 71.000000 64.000000 46.000000
vt 0.995000 0.255000
vn 0.000000 1.000000 0.000000
v 71.000000 64.000000 43.000000
vt 0.995000 0.495000
vn 0.000000 1.000000 0.000000
v 39.000000 64.000000 43.000000
vt 0.755000 0.495000
vn 0.000000 1.000000 0.000000
f 791/791/791 792/792/792 793/793/793
f 791/791/791 793/793/793 794/794/794
v 39.000000 62.000000 43.000000
vt 0.755000 0.255000
vn 0.000000 -1.000000 0.000000
v 71.000000 62.000000 43.000000
vt 0.995000 0.255000
vn 0.000000 -1.000000 0.000000
v 71.000000 62.000000 46.000000
vt 0.995000 0.495000
vn 0.000000 -1.000000 0.000000
v 39.000000 62.000000 46.000000
vt 0.755000 0.495000
vn 0.000000 -1.000000 0.000000
f 795/795/795 796/796/796 797/797/797
f 795/795/795 797/797/797 798/798/798
v 54.000000 34.000000 46.000000
vt 0.755000 0.255000
vn 0.000000 0.000000 1.000000
v 56.000000 34.000000 46.000000
vt 0.995000 0.255000
vn 0.000000 0.000000 1.000000
v 56.000000 64.000000 46.000000
vt 0.995000 0.495000
vn 0.000000 0.000000 1.000000
v 54.000000 64.000000 46.000000
vt 0.755000 0.495000
vn 0.000000 0.000000 1.000000
f 799/799/799 800/800/800 801/801/801
f 799/799/799 801/801/801 802/802/802
v 56.000000 34.000000 43.000000
vt 0.755000 0.255000
vn 0.000000 0.000000 -1.000000
v 54.000000 34.000000 43.000000
vt 0.995000 0.255000
vn 0.000000 0.000000 -1.000000
v 54.000000 64.000000 43.000000
vt 0.995000 0.495000
vn 0.000000 0.000000 -1.000000
v 56.000000 64.000000 43.000000
vt 0.755000 0.495000
vn 0.000000 0.000000 -1.000000
f 803/803/803 804/804/804 805/805/805
f 803/803/803 805/805/805 806/806/806
v 56.000000 34.000000 46.000000
vt 0.755000 0.255000
vn 1.000000 0.000000 0.000000
v 56.000000 34.000000 43.000000
vt 0.995000 0.255000
vn 1.000000 0.000000 0.000000
v 56.000000 64.000000 43.000000
vt 0.995000 0.495000
vn 1.000000 0.000000 0.000000
v 56.000000 64.000000 46.000000
vt 0.755000 0.495000
vn 1.000000 0.000000 0.000000
f 807/807/807 808/808/808 809/809/809
f 807/807/807 809/809/809 810/810/810
v 54.000000 34.000000 43.000000
vt 0.755000 0.255000
vn -1.000000 0.000000 0.000000
v 54.000000 34.000000 46.000000
vt 0.995000 0.255000
vn -1.000000 0.000000 0.000000
v 54.000000 64.000000 46.000000
vt 0.995000 0.495000
vn -1.000000 0.000000 0.000000
v 54.000000 64.000000 43.000000
vt 0.755000 0.495000
vn -1.000000 0.000000 0.000000
f 811/811/811 812/812/812 813/813/813
f 811/811/811 813/813/813 814/814/814
v 54.000000 64.000000 46.000000
vt 0.755000 0.255000
vn 0.000000 1.000000 0.000000
v 56.000000 64.000000 46.000000
vt 0.995000 0.255000
vn 0.000000 1.000000 0.000000
v 56.000000 64.000000 43.000000
vt 0.995000 0.495000
vn 0.000000 1.000000 0.000000
v 54.000000 64.000000 43.000000
vt 0.755000 0.495000
vn 0.000000 1.000000 0.000000
f 815/815/815 816/816/816 817/817/817
f 815/815/815 817/817/817 818/818/818
v 54.000000 34.000000 43.000000
vt 0.755000 0.255000
vn 0.000000 -1.000000 0.000000
v 56.000000 34.000000 43.000000
vt 0.995000 0.255000
vn 0.000000 -1.000000 0.000000
v 56.000000 34.000000 46.000000
vt 0.995000 0.495000
vn 0.000000 -1.000000 0.000000
v 54.000000 34.000000 46.000000
vt 0.755000 0.495000
vn 0.000000 -1.000000 0.000000
f 819/819/819 820/820/820 821/821/821
f 819/819/819 821/821/821 822/822/822
v -16.000000 34.000000 -40.000000
vt 0.755000 0.255000
vn 0.000000 0.000000 1.000000
v -14.000000 34.000000 -40.000000
vt 0.995000 0.255000
vn 0.000000 0.000000 1.000000
v -14.000000 62.000000 -40.000000
vt 0.995000 0.495000
vn 0.000000 0.000000 1.000000
v -16.000000 62.000000 -40.000000
vt 0.755000 0.495000
vn 0.000000 0.000000 1.000000
f 823/823/823 824/824/824 825/825/825
f 823/823/823 825/825/825 826/826/826
v -14.000000 34.000000 -44.000000
vt 0.755000 0.255000
vn 0.000000 0.000000 -1.000000
v -16.000000 34.000000 -44.000000
vt 0.995000 0.255000
vn 0.000000 0.000000 -1.000000
v -16.000000 62.000000 -44.000000
vt 0.995000 0.495000
vn 0.000000 0.000000 -1.000000
v -14.000000 62.000000 -44.000000
vt 0.755000 0.495000
vn 0.000000 0.000000 -1.000000
f 827/827/827 828/828/828 829/829/829
f 827/827/827 829/829/829 830/830/830
v -14.000000 34.000000 -40.000000
vt 0.755000 0.255000
vn 1.000000 0.000000 0.000000
v -14.000000 34.000000 -44.000000
vt 0.995000 0.255000
vn 1.000000 0.000000 0.000000
v -14.000000 62.000000 -44.000000
vt 0.995000 0.495000
vn 1.000000 0.000000 0.000000
v -14.000000 62.000000 -40.000000
vt 0.755000 0.495000
vn 1.000000 0.000000 0.000000
f 831/831/831 832/832/832 833/833/833
f 831/831/831 833/833/833 834/834/834
v -16.000000 34.000000 -44.000000
vt 0.755000 0.255000
vn -1.000000 0.000000 0.000000
v -16.000000 34.000000 -40.000000
vt 0.995000 0.255000
vn -1.000000 0.000000 0.000000
v -16.000000 62.000000 -40.000000
vt 0.995000 0.495000
vn -1.000000 0.000000 0.000000
v -16.000000 62.000000 -44.000000
vt 0.755000 0.495000
vn -1.000000 0.000000 0.000000
f 835/835/835 836/836/836 837/837/837
f 835/835/835 837/837/837 838/838/838
v -16.000000 62.000000 -40.000000
vt 0.755000 0.255000
vn 0.000000 1.000000 0.000000
v -14.000000 62.000000 -40.000000
vt 0.995000 0.255000
vn 0.000000 1.000000 0.000000
v -14.000000 62.000000 -44.000000
vt 0.995000 0.495000
vn 0.000000 1.000000 0.000000
v -16.000000 62.000000 -44.000000
vt 0.755000 0.495000
vn 0.000000 1.000000 0.000000
f 839/839/839 840/840/840 841/841/841
f 839/839/839 841/841/841 842/842/842
v -16.000000 34.000000 -44.000000
vt 0.755000 0.255000
vn 0.000000 -1.000000 0.000000
v -14.000000 34.000000 -44.000000
vt 0.995000 0.255000
vn 0.000000 -1.000000 0.000000
v -14.000000 34.000000 -40.000000
vt 0.995000 0.495000
vn 0.000000 -1.000000 0.000000
v -16.000000 34.000000 -40.000000
vt 0.755000 0.495000
vn 0.000000 -1.000000 0.000000
f 843/843/843 844/844/844 845/845/845
f 843/843/843 845/845/845 846/846/846
v -1.000000 34.000000 -40.000000
vt 0.755000 0.255000
vn 0.000000 0.000000 1.000000
v 1.000000 34.000000 -40.000000
vt 0.995000 0.255000
vn 0.000000 0.000000 1.000000
v 1.000000 62.000000 -40.000000
vt 0.995000 0.495000
vn 0.000000 0.000000 1.000000
v -1.000000 62.000000 -40.000000
vt 0.755000 0.495000
vn 0.000000 0.000000 1.000000
f 847/847/847 848/848/848 849/849/849
f 847/847/847 849/849/849 850/850/850
v 1.000000 34.000000 -44.000000
vt 0.755000 0.255000
vn 0.000000 0.000000 -1.000000
v -1.000000 34.000000 -44.000000
vt 0.995000 0.255000
vn 0.000000 0.000000 -1.000000
v -1.000000 62.000000 -44.000000
vt 0.995000 0.495000
vn 0.000000 0.000000 -1.000000
v 1.000000 62.000000 -44.000000
vt 0.755000 0.495000
vn 0.000000 0.000000 -1.000000
f 851/851/851 852/852/852 853/853/853
f 851/851/851 853/853/853 854/854/854
v 1.000000 34.000000 -40.000000
vt 0.755000 0.255000
vn 1.000000 0.000000 0.000000
v 1.000000 34.000000 -44.000000
vt 0.995000 0.255000
vn 1.000000 0.000000 0.000000
v 1.000000 62.000000 -44.000000
vt 0.995000 0.495000
vn 1.000000 0.000000 0.000000
v 1.000000 62.000000 -40.000000
vt 0.755000 0.495000
vn 1.000000 0.000000 0.000000
f 855/855/855 856/856/856 857/857/857
f 855/855/855 857/857/857 858/858/858
v -1.000000 34.000000 -44.000000
vt 0.755000 0.255000
vn -1.000000 0.000000 0.000000
v -1.000000 34.000000 -40.000000
vt 0.995000 0.255000
vn -1.000000 0.000000 0.000000
v -1.000000 62.000000 -40.000000
vt 0.995000 0.495000
vn -1.000000 0.000000 0.000000
v -1.000000 62.000000 -44.000000
vt 0.755000 0.495000
vn -1.000000 0.000000 0.000000
f 859/859/859 860/860/860 861/861/861
f 859/859/859 861/861/861 862/862/862
v -1.000000 62.000000 -40.000000
vt 0.755000 0.255000
vn 0.000000 1.000000 0.000000
v 1.000000 62.000000 -40.000000
vt 0.995000 0.255000
vn 0.000000 1.000000 0.000000
v 1.000000 62.000000 -44.000000
vt 0.995000 0.495000
vn 0.000000 1.000000 0.000000
v -1.000000 62.000000 -44.000000
vt 0.755000 0.495000
vn 0.000000 1.000000 0.000000
f 863/863/863 864/864/864 865/865/865
f 863/863/863 865/865/865 866/866/866
v -1.000000 34.000000 -44.000000
vt 0.755000 0.255000
vn 0.000000 -1.000000 0.000000
v 1.000000 34.000000 -44.000000
vt 0.995000 0.255000
vn 0.000000 -1.000000 0.000000
v 1.000000 34.000000 -40.000000
vt 0.995000 0.495000
vn 0.000000 -1.000000 0.000000
v -1.000000 34.000000 -40.000000
vt 0.755000 0.495000
vn 0.000000 -1.000000 0.000000
f 867/867/867 868/868/868 869/869/869
f 867/867/867 869/869/869 870/870/870
v 14.000000 34.000000 -40.000000
vt 0.755000 0.255000
vn 0.000000 0.000000 1.000000
v 16.000000 34.000000 -40.000000
vt 0.995000 0.255000
vn 0.000000 0.000000 1.000000
v 16.000000 62.000000 -40.000000
vt 0.995000 0.495000
vn 0.000000 0.000000 1.000000
v 14.000000 62.000000 -40.000000
vt 0.755000 0.495000
vn 0.000000 0.000000 1.000000
f 871/871/871 872/872/872 873/873/873
f 871/871/871 873/873/873 874/874/874
v 16.000000 34.000000 -44.000000
vt 0.755000 0.255000
vn 0.000000 0.000000 -1.000000
v 14.000000 34.000000 -44.000000
vt 0.995000 0.255000
vn 0.000000 0.000000 -1.000000
v 14.000000 62.000000 -44.000000
vt 0.995000 0.495000
vn 0.000000 0.000000 -1.000000
v 16.000000 62.000000 -44.000000
vt 0.755000 0.495000
vn 0.000000 0.000000 -1.000000
f 875/875/875 876/876/876 877/877/877
f 875/875/875 877/877/877 878/878/878
v 16.000000 34.000000 -40.000000
vt 0.755000 0.255000
vn 1.000000 0.000000 0.000000
v 16.000000 34.000000 -44.000000
vt 0.995000 0.255000
vn 1.000000 0.000000 0.000000
v 16.000000 62.000000 -44.000000
vt 0.995000 0.495000
vn 1.000000 0.000000 0.000000
v 16.000000 62.000000 -40.000000
vt 0.755000 0.495000
vn 1.000000 0.000000 0.000000
f 879/879/879 880/880/880 881/881/881
f 879/879/879 881/881/881 882/882/882
v 14.000000 34.000000 -44.000000
vt 0.755000 0.255000
vn -1.000000 0.000000 0.000000
v 14.000000 34.000000 -40.000000
vt 0.995000 0.255000
vn -1.000000 0.000000 0.000000
v 14.000000 62.000000 -40.000000
vt 0.995000 0.495000
vn -1.000000 0.000000 0.000000
v 14.000000 62.000000 -44.000000
vt 0.755000 0.495000
vn -1.000000 0.000000 0.000000
f 883/883/883 884/884/884 885/885/885
f 883/883/883 885/885/885 886/886/886
v 14.000000 62.000000 -40.000000
vt 0.755000 0.255000
vn 0.000000 1.000000 0.000000
v 16.000000 62.000000 -40.000000
vt 0.995000 0.255000
vn 0.000000 1.000000 0.000000
v 16.000000 62.000000 -44.000000
vt 0.995000 0.495000
vn 0.000000 1.000000 0.000000
v 14.000000 62.000000 -44.000000
vt 0.755000 0.495000
vn 0.000000 1.000000 0.000000
f 887/887/887 888/888/888 889/889/889
f 887/887/887 889/889/889 890/890/890
v 14.000000 34.000000 -44.000000
vt 0.755000 0.255000
vn 0.000000 -1.000000 0.000000
v 16.000000 34.000000 -44.000000
vt 0.995000 0.255000
vn 0.000000 -1.000000 0.000000
v 16.000000 34.000000 -40.000000
vt 0.995000 0.495000
vn 0.000000 -1.000000 0.000000
v 14.000000 34.000000 -40.000000
vt 0.755000 0.495000
vn 0.000000 -1.000000 0.000000
f 891/891/891 892/892/892 893/893/893
f 891/891/891 893/893/893 894/894/894
v -16.000000 33.000000 -40.000000
vt 0.755000 0.255000
vn 0.000000 0.000000 1.000000
v 16.000000 33.000000 -40.000000
vt 0.995000 0.255000
vn 0.000000 0.000000 1.000000
v 16.000000 35.000000 -40.000000
vt 0.995000 0.495000
vn 0.000000 0.000000 1.000000
v -16.000000 35.000000 -40.000000
vt 0.755000 0.495000
vn 0.000000 0.000000 1.000000
f 895/895/895 896/896/896 897/897/897
f 895/895/895 897/897/897 898/898/898
v 16.000000 33.000000 -44.000000
vt 0.755000 0.255000
vn 0.000000 0.000000 -1.000000
v -16.000000 33.000000 -44.000000
vt 0.995000 0.255000
vn 0.000000 0.000000 -1.000000
v -16.000000 35.000000 -44.000000
vt 0.995000 0.495000
vn 0.000000 0.000000 -1.000000
v 16.000000 35.000000 -44.000000
vt 0.755000 0.495000
vn 0.000000 0.000000 -1.000000
f 899/899/899 900/900/900 901/901/901
f 899/899/899 901/901/901 902/902/902
v 16.000000 33.000000 -40.000000
vt 0.755000 0.255000
vn 1.000000 0.000000 0.000000
v 16.000000 33.000000 -44.000000
vt 0.995000 0.255000
vn 1.000000 0.000000 0.000000
v 16.000000 35.000000 -44.000000
vt 0.995000 0.495000
vn 1.000000 0.000000 0.000000
v 16.000000 35.000000 -40.000000
vt 0.755000 0.495000
vn 1.000000 0.000000 0.000000
f 903/903/903 904/904/904 905/905/905
f 903/903/903 905/905/905 906/906/906
v -16.000000 33.000000 -44.000000
vt 0.755000 0.255000
vn -1.000000 0.000000 0.000000
v -16.000000 33.000000 -40.000000
vt 0.995000 0.255000
vn -1.000000 0.000000 0.000000
v -16.000000 35.000000 -40.000000
vt 0.995000 0.495000
vn -1.000000 0.000000 0.000000
v -16.000000 35.000000 -44.000000
vt 0.755000 0.495000
vn -1.000000 0.000000 0.000000
f 907/907/907 908/908/908 909/909/909
f 907/907/907 909/909/909 910/910/910
v -16.000000 35.000000 -40.000000
vt 0.755000 0.255000
vn 0.000000 1.000000 0.000000
v 16.000000 35.000000 -40.000000
vt 0.995000 0.255000
vn 0.000000 1.000000 0.000000
v 16.000000 35.000000 -44.000000
vt 0.995000 0.495000
vn 0.000000 1.000000 0.000000
v -16.000000 35.000000 -44.000000
vt 0.755000 0.495000
vn 0.000000 1.000000 0.000000
f 911/911/911 912/912/912 913/913/913
f 911/911/911 913/913/913 914/914/914
v -16.000000 33.000000 -44.000000
vt 0.755000 0.255000
vn 0.000000 -1.000000 0.000000
v 16.000000 33.000000 -44.000000
vt 0.995000 0.255000
vn 0.000000 -1.000000 0.000000
v 16.000000 33.000000 -40.000000
vt 0.995000 0.495000
vn 0.000000 -1.000000 0.000000
v -16.000000 33.000000 -40.000000
vt 0.755000 0.495000
vn 0.000000 -1.000000 0.000000
f 915/915/915 916/916/916 917/917/917
f 915/915/915 917/917/917 918/918/918
v -16.000000 47.000000 -40.000000
vt 0.755000 0.255000
vn 0.000000 0.000000 1.000000
v 16.000000 47.000000 -40.000000
vt 0.995000 0.255000
vn 0.000000 0.000000 1.000000
v 16.000000 49.000000 -40.000000
vt 0.995000 0.495000
vn 0.000000 0.000000 1.000000
v -16.000000 49.000000 -40.000000
vt 0.755000 0.495000
vn 0.000000 0.000000 1.000000
f 919/919/919 920/920/920 921/921/921
f 919/919/919 921/921/921 922/922/922
v 16.000000 47.000000 -44.000000
vt 0.755000 0.255000
vn 0.000000 0.000000 -1.000000
v -16.000000 47.000000 -44.000000
vt 0.995000 0.255000
vn 0.000000 0.000000 -1.000000
v -16.000000 49.000000 -44.000000
vt 0.995000 0.495000
vn 0.000000 0.000000 -1.000000
v 16.000000 49.000000 -44.000000
vt 0.755000 0.495000
vn 0.000000 0.000000 -1.000000
f 923/923/923 924/924/924 925/925/925
f 923/923/923 925/925/925 926/926/926
v 16.000000 47.000000 -40.000000
vt 0.755000 0.255000
vn 1.000000 0.000000 0.000000
v 16.000000 47.000000 -44.000000
vt 0.995000 0.255000
vn 1.000000 0.000000 0.000000
v 16.000000 49.000000 -44.000000
vt 0.995000 0.495000
vn 1.000000 0.000000 0.000000
v 16.000000 49.000000 -40.000000
vt 0.755000 0.495000
vn 1.000000 0.000000 0.000000
f 927/927/927 928/928/928 929/929/929
f 927/927/927 929/929/929 930/930/930
v -16.000000 47.000000 -44.000000
vt 0.755000 0.255000
vn -1.000000 0.000000 0.000000
v -16.000000 47.000000 -40.000000
vt 0.995000 0.255000
vn -1.000000 0.000000 0.000000
v -16.000000 49.000000 -40.000000
vt 0.995000 0.495000
vn -1.000000 0.000000 0.000000
v -16.000000 49.000000 -44.000000
vt 0.755000 0.495000
vn -1.000000 0.000000 0.000000
f 931/931/931 932/932/932 933/933/933
f 931/931/931 933/933/933 934/934/934
v -16.000000 49.000000 -40.000000
vt 0.755000 0.255000
vn 0.000000 1.000000 0.000000
v 16.000000 49.000000 -40.000000
vt 0.995000 0.255000
vn 0.000000 1.000000 0.000000
v 16.000000 49.000000 -44.000000
vt 0.995000 0.495000
vn 0.000000 1.000000 0.000000
v -16.000000 49.000000 -44.000000
vt 0.755000 0.495000
vn 0.000000 1.000000 0.000000
f 935/935/935 936/936/936 937/937/937
f 935/935/935 937/937/937 938/938/938
v -16.000000 47.000000 -44.000000
vt 0.755000 0.255000
vn 0.000000 -1.000000 0.000000
v 16.000000 47.000000 -44.000000
vt 0.995000 0.255000
vn 0.000000 -1.000000 0.000000
v 16.000000 47.000000 -40.000000
vt 0.995000 0.495000
vn 0.000000 -1.000000 0.000000
v -16.000000 47.000000 -40.000000
vt 0.755000 0.495000
vn 0.000000 -1.000000 0.000000
f 939/939/939 940/940/940 941/941/941
f 939/939/939 941/941/941 942/942/942
v -16.000000 61.000000 -40.000000
vt 0.755000 0.255000
vn 0.000000 0.000000 1.000000
v 16.000000 61.000000 -40.000000
vt 0.995000 0.255000
vn 0.000000 0.000000 1.000000
v 16.000000 63.000000 -40.000000
vt 0.995000 0.495000
vn 0.000000 0.000000 1.000000
v -16.000000 63.000000 -40.000000
vt 0.755000 0.495000
vn 0.000000 0.000000 1.000000
f 943/943/943 944/944/944 945/945/945
f 943/943/943 945/945/945 946/946/946
v 16.000000 61.000000 -44.000000
vt 0.755000 0.255000
vn 0.000000 0.000000 -1.000000
v -16.000000 61.000000 -44.000000
vt 0.995000 0.255000
vn 0.000000 0.000000 -1.000000
v -16.000000 63.000000 -44.000000
vt 0.995000 0.495000
vn 0.000000 0.000000 -1.000000
v 16.000000 63.000000 -44.000000
vt 0.755000 0.495000
vn 0.000000 0.000000 -1.000000
f 947/947/947 948/948/948 949/949/949
f 947/947/947 949/949/949 950/950/950
v 16.000000 61.000000 -40.000000
vt 0.755000 0.255000
vn 1.000000 0.000000 0.000000
v 16.000000 61.000000 -44.000000
vt 0.995000 0.255000
vn 1.000000 0.000000 0.000000
v 16.000000 63.000000 -44.000000
vt 0.995000 0.495000
vn 1.000000 0.000000 0.000000
v 16.000000 63.000000 -40.000000
vt 0.755000 0.495000
vn 1.000000 0.000000 0.000000
f 951/951/951 952/952/952 953/953/953
f 951/951/951 953/953/953 954/954/954
v -16.000000 61.000000 -44.000000
vt 0.755000 0.255000
vn -1.000000 0.000000 0.000000
v -16.000000 61.000000 -40.000000
vt 0.995000 0.255000
vn -1.000000 0.000000 0.000000
v -16.000000 63.000000 -40.000000
vt 0.995000 0.495000
vn -1.000000 0.000000 0.000000
v -16.000000 63.000000 -44.000000
vt 0.755000 0.495000
vn -1.000000 0.000000 0.000000
f 955/955/955 956/956/956 957/957/957
f 955/955/955 957/957/957 958/958/958
v -16.000000 63.000000 -40.000000
vt 0.755000 0.255000
vn 0.000000 1.000000 0.000000
v 16.000000 63.000000 -40.000000
vt 0.995000 0.255000
vn 0.000000 1.000000 0.000000
v 16.000000 63.000000 -44.000000
vt 0.995000 0.495000
vn 0.000000 1.000000 0.000000
v -16.000000 63.000000 -44.000000
vt 0.755000 0.495000
vn 0.000000 1.000000 0.000000
f 959/959/959 960/960/960 961/961/961
f 959/959/959 961/961/961 962/962/962
v -16.000000 61.000000 -44.000000
vt 0.755000 0.255000
vn 0.000000 -1.000000 0.000000
v 16.000000 61.000000 -44.000000
vt 0.995000 0.255000
vn 0.000000 -1.000000 0.000000
v 16.000000 61.000000 -40.000000
vt 0.995000 0.495000
vn 0.000000 -1.000000 0.000000
v -16.000000 61.000000 -40.000000
vt 0.755000 0.495000
vn 0.000000 -1.000000 0.000000
f 963/963/963 964/964/964 965/965/965
f 963/963/963 965/965/965 966/966/966
v -23.000000 63.000000 48.000000
vt 0.755000 0.255000
vn 0.000000 0.000000 1.000000
v 23.000000 63.000000 48.000000
vt 0.995000 0.255000
vn 0.000000 0.000000 1.000000
v 23.000000 67.000000 48.000000
vt 0.995000 0.495000
vn 0.000000 0.000000 1.000000
v -23.000000 67.000000 48.000000
vt 0.755000 0.495000
vn 0.000000 0.000000 1.000000
f 967/967/967 968/968/968 969/969/969
f 967/967/967 969/969/969 970/970/970
v 23.000000 63.000000 40.000000
vt 0.755000 0.255000
vn 0.000000 0.000000 -1.000000
v -23.000000 63.000000 40.000000
vt 0.995000 0.255000
vn 0.000000 0.000000 -1.000000
v -23.000000 67.000000 40.000000
vt 0.995000 0.495000
vn 0.000000 0.000000 -1.000000
v 23.000000 67.000000 40.000000
vt 0.755000 0.495000
vn 0.000000 0.000000 -1.000000
f 971/971/971 972/972/972 973/973/973
f 971/971/971 973/973/973 974/974/974
v 23.000000 63.000000 48.000000
vt 0.755000 0.255000
vn 1.000000 0.000000 0.000000
v 23.000000 63.000000 40.000000
vt 0.995000 0.255000
vn 1.000000 0.000000 0.000000
v 23.000000 67.000000 40.000000
vt 0.995000 0.495000
vn 1.000000 0.000000 0.000000
v 23.000000 67.000000 48.000000
vt 0.755000 0.495000
vn 1.000000 0.000000 0.000000
f 975/975/975 976/976/976 977/977/977
f 975/975/975 977/977/977 978/978/978
v -23.000000 63.000000 40.000000
vt 0.755000 0.255000
vn -1.000000 0.000000 0.000000
v -23.000000 63.000000 48.000000
vt 0.995000 0.255000
vn -1.000000 0.000000 0.000000
v -23.000000 67.000000 48.000000
vt 0.995000 0.495000
vn -1.000000 0.000000 0.000000
v -23.000000 67.000000 40.000000
vt 0.755000 0.495000
vn -1.000000 0.000000 0.000000
f 979/979/979 980/980/980 981/981/981
f 979/979/979 981/981/981 982/982/982
v -23.000000 67.000000 48.000000
vt 0.755000 0.255000
vn 0.000000 1.000000 0.000000
v 23.000000 67.000000 48.000000
vt 0.995000 0.255000
vn 0.000000 1.000000 0.000000
v 23.000000 67.000000 40.000000
vt 0.995000 0.495000
vn 0.000000 1.000000 0.000000
v -23.000000 67.000000 40.000000
vt 0.755000 0.495000
vn 0.000000 1.000000 0.000000
f 983/983/983 984/984/984 985/985/985
f 983/983/983 985/985/985 986/986/986
v -23.000000 63.000000 40.000000
vt 0.755000 0.255000
vn 0.000000 -1.000000 0.000000
v 23.000000 63.000000 40.000000
vt 0.995000 0.255000
vn 0.000000 -1.000000 0.000000
v 23.000000 63.000000 48.000000
vt 0.995000 0.495000
vn 0.000000 -1.000000 0.000000
v -23.000000 63.000000 48.000000
vt 0.755000 0.495000
vn 0.000000 -1.000000 0.000000
f 987/987/987 988/988/988 989/989/989
f 987/987/987 989/989/989 990/990/990
v -21.400000 42.660450 44.358200
vt 0.755000 0.255000
vn 0.000000 -0.242536 0.970143
v -18.600000 42.660450 44.358200
vt 0.995000 0.255000
vn 0.000000 -0.242536 0.970143
v -18.600000 62.660450 49.358200
vt 0.995000 0.495000
vn 0.000000 -0.242536 0.970143
v -21.400000 62.660450 49.358200
vt 0.755000 0.495000
vn 0.000000 -0.242536 0.970143
f 991/991/991 992/992/992 993/993/993
f 991/991/991 993/993/993 994/994/994
v -18.600000 42.660450 44.358200
vt 0.755000 0.255000
vn 1.000000 -0.000000 0.000000
v -18.600000 43.339550 41.641800
vt 0.995000 0.255000
vn 1.000000 -0.000000 0.000000
v -18.600000 63.339550 46.641800
vt 0.995000 0.495000
vn 1.000000 -0.000000 0.000000
v -18.600000 62.660450 49.358200
vt 0.755000 0.495000
vn 1.000000 -0.000000 0.000000
f 995/995/995 996/996/996 997/997/997
f 995/995/995 997/997/997 998/998/998
v -18.600000 43.339550 41.641800
vt 0.755000 0.255000
vn 0.000000 0.242536 -0.970143
v -21.400000 43.339550 41.641800
vt 0.995000 0.255000
vn 0.000000 0.242536 -0.970143
v -21.400000 63.339550 46.641800
vt 0.995000 0.495000
vn 0.000000 0.242536 -0.970143
v -18.600000 63.339550 46.641800
vt 0.755000 0.495000
vn 0.000000 0.242536 -0.970143
f 999/999/999 1000/1000/1000 1001/1001/1001
f 999/999/999 1001/1001/1001 1002/1002/1002
v -21.400000 43.339550 41.641800
vt 0.755000 0.255000
vn -1.000000 0.000000 0.000000
v -21.400000 42.660450 44.358200
vt 0.995000 0.255000
vn -1.000000 0.000000 0.000000
v -21.400000 62.660450 49.358200
vt 0.995000 0.495000
vn -1.000000 0.000000 0.000000
v -21.400000 63.339550 46.641800
vt 0.755000 0.495000
vn -1.000000 0.000000 0.000000
f 1003/1003/1003 1004/1004/1004 1005/1005/1005
f 1003/1003/1003 1005/1005/1005 1006/1006/1006
v -21.400000 43.339550 41.641800
vt 0.755000 0.255000
vn 0.000000 -0.970143 -0.242536
v -18.600000 43.339550 41.641800
vt 0.995000 0.255000
vn 0.000000 -0.970143 -0.242536
v -18.600000 42.660450 44.358200
vt 0.995000 0.495000
vn 0.000000 -0.970143 -0.242536
v -21.400000 42.660450 44.358200
vt 0.755000 0.495000
vn 0.000000 -0.970143 -0.242536
f 1007/1007/1007 1008/1008/1008 1009/1009/1009
f 1007/1007/1007 1009/1009/1009 1010/1010/1010
v -21.400000 62.660450 49.358200
vt 0.755000 0.255000
vn -0.000000 0.970143 0.242536
v -18.600000 62.660450 49.358200
vt 0.995000 0.255000
vn -0.000000 0.970143 0.242536
v -18.600000 63.339550 46.641800
vt 0.995000 0.495000
vn -0.000000 0.970143 0.242536
v -21.400000 63.339550 46.641800
vt 0.755000 0.495000
vn -0.000000 0.970143 0.242536
f 1011/1011/1011 1012/1012/1012 1013/1013/1013
f 1011/1011/1011 1013/1013/1013 1014/1014/1014
v 18.600000 42.660450 44.358200
vt 0.755000 0.255000
vn 0.000000 -0.242536 0.970143
v 21.400000 42.660450 44.358200
vt 0.995000 0.255000
vn 0.000000 -0.242536 0.970143
v 21.400000 62.660450 49.358200
vt 0.995000 0.495000
vn 0.000000 -0.242536 0.970143
v 18.600000 62.660450 49.358200
vt 0.755000 0.495000
vn 0.000000 -0.242536 0.970143
f 1015/1015/1015 1016/1016/1016 1017/1017/1017
f 1015/1015/1015 1017/1017/1017 1018/1018/1018
v 21.400000 42.660450 44.358200
vt 0.755000 0.255000
vn 1.000000 -0.000000 0.000000
v 21.400000 43.339550 41.641800
vt 0.995000 0.255000
vn 1.000000 -0.000000 0.000000
v 21.400000 63.339550 46.641800
vt 0.995000 0.495000
vn 1.000000 -0.000000 0.000000
v 21.400000 62.660450 49.358200
vt 0.755000 0.495000
vn 1.000000 -0.000000 0.000000
f 1019/1019/1019 1020/1020/1020 1021/1021/1021
f 1019/1019/1019 1021/1021/1021 1022/1022/1022
v 21.400000 43.339550 41.641800
vt 0.755000 0.255000
vn 0.000000 0.242536 -0.970143
v 18.600000 43.339550 41.641800
vt 0.995000 0.255000
vn 0.000000 0.242536 -0.970143
v 18.600000 63.339550 46.641800
vt 0.995000 0.495000
vn 0.000000 0.242536 -0.970143
v 21.400000 63.339550 46.641800
vt 0.755000 0.495000
vn 0.000000 0.242536 -0.970143
f 1023/1023/1023 1024/1024/1024 1025/1025/1025
f 1023/1023/1023 1025/1025/1025 1026/1026/1026
v 18.600000 43.339550 41.641800
vt 0.755000 0.255000
vn -1.000000 0.000000 0.000000
v 18.600000 42.660450 44.358200
vt 0.995000 0.255000
vn -1.000000 0.000000 0.000000
v 18.600000 62.660450 49.358200
vt 0.995000 0.495000
vn -1.000000 0.000000 0.000000
v 18.600000 63.339550 46.641800
vt 0.755000 0.495000
vn -1.000000 0.000000 0.000000
f 1027/1027/1027 1028/1028/1028 1029/1029/1029
f 1027/1027/1027 1029/1029/1029 1030/1030/1030
v 18.600000 43.339550 41.641800
vt 0.755000 0.255000
vn 0.000000 -0.970143 -0.242536
v 21.400000 43.339550 41.641800
vt 0.995000 0.255000
vn 0.000000 -0.970143 -0.242536
v 21.400000 42.660450 44.358200
vt 0.995000 0.495000
vn 0.000000 -0.970143 -0.242536
v 18.600000 42.660450 44.358200
vt 0.755000 0.495000
vn 0.000000 -0.970143 -0.242536
f 1031/1031/1031 1032/1032/1032 1033/1033/1033
f 1031/1031/1031 1033/1033/1033 1034/1034/1034
v 18.600000 62.660450 49.358200
vt 0.755000 0.255000
vn -0.000000 0.970143 0.242536
v 21.400000 62.660450 49.358200
vt 0.995000 0.255000
vn -0.000000 0.970143 0.242536
v 21.400000 63.339550 46.641800
vt 0.995000 0.495000
vn -0.000000 0.970143 0.242536
v 18.600000 63.339550 46.641800
vt 0.755000 0.495000
vn -0.000000 0.970143 0.242536
f 1035/1035/1035 1036/1036/1036 1037/1037/1037
f 1035/1035/1035 1037/1037/1037 1038/1038/1038
o cottage_roof_light
usemtl roof_light
s off
v -97.750000 131.500000 -0.000000
vt 0.000000 0.000000
vn 0.000000 0.735931 -0.677057
v -86.000000 131.500000 -0.000000
vt 1.000000 0.000000
vn 0.000000 0.735931 -0.677057
v -86.000000 124.600000 -7.500000
vt 1.000000 1.000000
vn 0.000000 0.735931 -0.677057
v -97.750000 124.600000 -7.500000
vt 0.000000 1.000000
vn 0.000000 0.735931 -0.677057
f 1039/1039/1039 1040/1040/1040 1041/1041/1041
f 1039/1039/1039 1041/1041/1041 1042/1042/1042
v -97.750000 122.600000 -7.500000
vt 0.000000 0.000000
vn 0.000000 -0.735931 0.677057
v -86.000000 122.600000 -7.500000
vt 1.000000 0.000000
vn 0.000000 -0.735931 0.677057
v -86.000000 129.500000 -0.000000
vt 1.000000 1.000000
vn 0.000000 -0.735931 0.677057
v -97.750000 129.500000 -0.000000
vt 0.000000 1.000000
vn 0.000000 -0.735931 0.677057
f 1043/1043/1043 1044/1044/1044 1045/1045/1045
f 1043/1043/1043 1045/1045/1045 1046/1046/1046
v -97.750000 131.500000 -0.000000
vt 0.000000 0.000000
vn 0.000000 0.000000 1.000000
v -97.750000 129.500000 -0.000000
vt 1.000000 0.000000
vn 0.000000 0.000000 1.000000
v -86.000000 129.500000 -0.000000
vt 1.000000 1.000000
vn 0.000000 0.000000 1.000000
v -86.000000 131.500000 -0.000000
vt 0.000000 1.000000
vn 0.000000 0.000000 1.000000
f 1047/1047/1047 1048/1048/1048 1049/1049/1049
f 1047/1047/1047 1049/1049/1049 1050/1050/1050
v -86.000000 131.500000 -0.000000
vt 0.000000 0.000000
vn 1.000000 0.000000 0.000000
v -86.000000 129.500000 -0.000000
vt 1.000000 0.000000
vn 1.000000 0.000000 0.000000
v -86.000000 122.600000 -7.500000
vt 1.000000 1.000000
vn 1.000000 0.000000 0.000000
v -86.000000 124.600000 -7.500000
vt 0.000000 1.000000
vn 1.000000 0.000000 0.000000
f 1051/1051/1051 1052/1052/1052 1053/1053/1053
f 1051/1051/1051 1053/1053/1053 1054/1054/1054
v -86.000000 124.600000 -7.500000
vt 0.000000 0.000000
vn 0.000000 -0.000000 -1.000000
v -86.000000 122.600000 -7.500000
vt 1.000000 0.000000
vn 0.000000 -0.000000 -1.000000
v -97.750000 122.600000 -7.500000
vt 1.000000 1.000000
vn 0.000000 -0.000000 -1.000000
v -97.750000 124.600000 -7.500000
vt 0.000000 1.000000
vn 0.000000 -0.000000 -1.000000
f 1055/1055/1055 1056/1056/1056 1057/1057/1057
f 1055/1055/1055 1057/1057/1057 1058/1058/1058
v -97.750000 124.600000 -7.500000
vt 0.000000 0.000000
vn -1.000000 0.000000 0.000000
v -97.750000 122.600000 -7.500000
vt 1.000000 0.000000
vn -1.000000 0.000000 0.000000
v -97.750000 129.500000 -0.000000
vt 1.000000 1.000000
vn -1.000000 0.000000 0.000000
v -97.750000 131.500000 -0.000000
vt 0.000000 1.000000
vn -1.000000 0.000000 0.000000
f 1059/1059/1059 1060/1060/1060 1061/1061/1061
f 1059/1059/1059 1061/1061/1061 1062/1062/1062
v -73.250000 131.500000 -0.000000
vt 0.000000 0.000000
vn 0.000000 0.735931 -0.677057
v -61.500000 131.500000 -0.000000
vt 1.000000 0.000000
vn 0.000000 0.735931 -0.677057
v -61.500000 124.600000 -7.500000
vt 1.000000 1.000000
vn 0.000000 0.735931 -0.677057
v -73.250000 124.600000 -7.500000
vt 0.000000 1.000000
vn 0.000000 0.735931 -0.677057
f 1063/1063/1063 1064/1064/1064 1065/1065/1065
f 1063/1063/1063 1065/1065/1065 1066/1066/1066
v -73.250000 122.600000 -7.500000
vt 0.000000 0.000000
vn 0.000000 -0.735931 0.677057
v -61.500000 122.600000 -7.500000
vt 1.000000 0.000000
vn 0.000000 -0.735931 0.677057
v -61.500000 129.500000 -0.000000
vt 1.000000 1.000000
vn 0.000000 -0.735931 0.677057
v -73.250000 129.500000 -0.000000
vt 0.000000 1.000000
vn 0.000000 -0.735931 0.677057
f 1067/1067/1067 1068/1068/1068 1069/1069/1069
f 1067/1067/1067 1069/1069/1069 1070/1070/1070
v -73.250000 131.500000 -0.000000
vt 0.000000 0.000000
vn 0.000000 0.000000 1.000000
v -73.250000 129.500000 -0.000000
vt 1.000000 0.000000
vn 0.000000 0.000000 1.000000
v -61.500000 129.500000 -0.000000
vt 1.000000 1.000000
vn 0.000000 0.000000 1.000000
v -61.500000 131.500000 -0.000000
vt 0.000000 1.000000
vn 0.000000 0.000000 1.000000
f 1071/1071/1071 1072/1072/1072 1073/1073/1073
f 1071/1071/1071 1073/1073/1073 1074/1074/1074
v -61.500000 131.500000 -0.000000
vt 0.000000 0.000000
vn 1.000000 0.000000 0.000000
v -61.500000 129.500000 -0.000000
vt 1.000000 0.000000
vn 1.000000 0.000000 0.000000
v -61.500000 122.600000 -7.500000
vt 1.000000 1.000000
vn 1.000000 0.000000 0.000000
v -61.500000 124.600000 -7.500000
vt 0.000000 1.000000
vn 1.000000 0.000000 0.000000
f 1075/1075/1075 1076/1076/1076 1077/1077/1077
f 1075/1075/1075 1077/1077/1077 1078/1078/1078
v -61.500000 124.600000 -7.500000
vt 0.000000 0.000000
vn 0.000000 -0.000000 -1.000000
v -61.500000 122.600000 -7.500000
vt 1.000000 0.000000
vn 0.000000 -0.000000 -1.000000
v -73.250000 122.600000 -7.500000
vt 1.000000 1.000000
vn 0.000000 -0.000000 -1.000000
v -73.250000 124.600000 -7.500000
vt 0.000000 1.000000
vn 0.000000 -0.000000 -1.000000
f 1079/1079/1079 1080/1080/1080 1081/1081/1081
f 1079/1079/1079 1081/1081/1081 1082/1082/1082
v -73.250000 124.600000 -7.500000
vt 0.000000 0.000000
vn -1.000000 0.000000 0.000000
v -73.250000 122.600000 -7.500000
vt 1.000000 0.000000
vn -1.000000 0.000000 0.000000
v -73.250000 129.500000 -0.000000
vt 1.000000 1.000000
vn -1.000000 0.000000 0.000000
v -73.250000 131.500000 -0.000000
vt 0.000000 1.000000
vn -1.000000 0.000000 0.000000
f 1083/1083/1083 1084/1084/1084 1085/1085/1085
f 1083/1083/1083 1085/1085/1085 1086/1086/1086
v 37.000000 131.500000 -0.000000
vt 0.000000 0.000000
vn 0.000000 0.735931 -0.677057
v 48.750000 131.500000 -0.000000
vt 1.000000 0.000000
vn 0.000000 0.735931 -0.677057
v 48.750000 124.600000 -7.500000
vt 1.000000 1.000000
vn 0.000000 0.735931 -0.677057
v 37.000000 124.600000 -7.500000
vt 0.000000 1.000000
vn 0.000000 0.735931 -0.677057
f 1087/1087/1087 1088/1088/1088 1089/1089/1089
f 1087/1087/1087 1089/1089/1089 1090/1090/1090
v 37.000000 122.600000 -7.500000
vt 0.000000 0.000000
vn 0.000000 -0.735931 0.677057
v 48.750000 122.600000 -7.500000
vt 1.000000 0.000000
vn 0.000000 -0.735931 0.677057
v 48.750000 129.500000 -0.000000
vt 1.000000 1.000000
vn 0.000000 -0.735931 0.677057
v 37.000000 129.500000 -0.000000
vt 0.000000 1.000000
vn 0.000000 -0.735931 0.677057
f 1091/1091/1091 1092/1092/1092 1093/1093/1093
f 1091/1091/1091 1093/1093/1093 1094/1094/1094
v 37.000000 131.500000 -0.000000
vt 0.000000 0.000000
vn 0.000000 0.000000 1.000000
v 37.000000 129.500000 -0.000000
vt 1.000000 0.000000
vn 0.000000 0.000000 1.000000
v 48.750000 129.500000 -0.000000
vt 1.000000 1.000000
vn 0.000000 0.000000 1.000000
v 48.750000 131.500000 -0.000000
vt 0.000000 1.000000
vn 0.000000 0.000000 1.000000
f 1095/1095/1095 1096/1096/1096 1097/1097/1097
f 1095/1095/1095 1097/1097/1097 1098/1098/1098
v 48.750000 131.500000 -0.000000
vt 0.000000 0.000000
vn 1.000000 0.000000 0.000000
v 48.750000 129.500000 -0.000000
vt 1.000000 0.000000
vn 1.000000 0.000000 0.000000
v 48.750000 122.600000 -7.500000
vt 1.000000 1.000000
vn 1.000000 0.000000 0.000000
v 48.750000 124.600000 -7.500000
vt 0.000000 1.000000
vn 1.000000 0.000000 0.000000
f 1099/1099/1099 1100/1100/1100 1101/1101/1101
f 1099/1099/1099 1101/1101/1101 1102/1102/1102
v 48.750000 124.600000 -7.500000
vt 0.000000 0.000000
vn 0.000000 -0.000000 -1.000000
v 48.750000 122.600000 -7.500000
vt 1.000000 0.000000
vn 0.000000 -0.000000 -1.000000
v 37.000000 122.600000 -7.500000
vt 1.000000 1.000000
vn 0.000000 -0.000000 -1.000000
v 37.000000 124.600000 -7.500000
vt 0.000000 1.000000
vn 0.000000 -0.000000 -1.000000
f 1103/1103/1103 1104/1104/1104 1105/1105/1105
f 1103/1103/1103 1105/1105/1105 1106/1106/1106
v 37.000000 124.600000 -7.500000
vt 0.000000 0.000000
vn -1.000000 0.000000 0.000000
v 37.000000 122.600000 -7.500000
vt 1.000000 0.000000
vn -1.000000 0.000000 0.000000
v 37.000000 129.500000 -0.000000
vt 1.000000 1.000000
vn -1.000000 0.000000 0.000000
v 37.000000 131.500000 -0.000000
vt 0.000000 1.000000
vn -1.000000 0.000000 0.000000
f 1107/1107/1107 1108/1108/1108 1109/1109/1109
f 1107/1107/1107 1109/1109/1109 1110/1110/1110
v 61.500000 131.500000 -0.000000
vt 0.000000 0.000000
vn 0.000000 0.735931 -0.677057
v 73.250000 131.500000 -0.000000
vt 1.000000 0.000000
vn 0.000000 0.735931 -0.677057
v 73.250000 124.600000 -7.500000
vt 1.000000 1.000000
vn 0.000000 0.735931 -0.677057
v 61.500000 124.600000 -7.500000
vt 0.000000 1.000000
vn 0.000000 0.735931 -0.677057
f 1111/1111/1111 1112/1112/1112 1113/1113/1113
f 1111/1111/1111 1113/1113/1113 1114/1114/1114
v 61.500000 122.600000 -7.500000
vt 0.000000 0.000000
vn 0.000000 -0.735931 0.677057
v 73.250000 122.600000 -7.500000
vt 1.000000 0.000000
vn 0.000000 -0.735931 0.677057
v 73.250000 129.500000 -0.000000
vt 1.000000 1.000000
vn 0.000000 -0.735931 0.677057
v 61.500000 129.500000 -0.000000
vt 0.000000 1.000000
vn 0.000000 -0.735931 0.677057
f 1115/1115/1115 1116/1116/1116 1117/1117/1117
f 1115/1115/1115 1117/1117/1117 1118/1118/1118
v 61.500000 131.500000 -0.000000
vt 0.000000 0.000000
vn 0.000000 0.000000 1.000000
v 61.500000 129.500000 -0.000000
vt 1.000000 0.000000
vn 0.000000 0.000000 1.000000
v 73.250000 129.500000 -0.000000
vt 1.000000 1.000000
vn 0.000000 0.000000 1.000000
v 73.250000 131.500000 -0.000000
vt 0.000000 1.000000
vn 0.000000 0.000000 1.000000
f 1119/1119/1119 1120/1120/1120 1121/1121/1121
f 1119/1119/1119 1121/1121/1121 1122/1122/1122
v 73.250000 131.500000 -0.000000
vt 0.000000 0.000000
vn 1.000000 0.000000 0.000000
v 73.250000 129.500000 -0.000000
vt 1.000000 0.000000
vn 1.000000 0.000000 0.000000
v 73.250000 122.600000 -7.500000
vt 1.000000 1.000000
vn 1.000000 0.000000 0.000000
v 73.250000 124.600000 -7.500000
vt 0.000000 1.000000
vn 1.000000 0.000000 0.000000
f 1123/1123/1123 1124/1124/1124 1125/1125/1125
f 1123/1123/1123 1125/1125/1125 1126/1126/1126
v 73.250000 124.600000 -7.500000
vt 0.000000 0.000000
vn 0.000000 -0.000000 -1.000000
v 73.250000 122.600000 -7.500000
vt 1.000000 0.000000
vn 0.000000 -0.000000 -1.000000
v 61.500000 122.600000 -7.500000
vt 1.000000 1.000000
vn 0.000000 -0.000000 -1.000000
v 61.500000 124.600000 -7.500000
vt 0.000000 1.000000
vn 0.000000 -0.000000 -1.000000
f 1127/1127/1127 1128/1128/1128 1129/1129/1129
f 1127/1127/1127 1129/1129/1129 1130/1130/1130
v 61.500000 124.600000 -7.500000
vt 0.000000 0.000000
vn -1.000000 0.000000 0.000000
v 61.500000 122.600000 -7.500000
vt 1.000000 0.000000
vn -1.000000 0.000000 0.000000
v 61.500000 129.500000 -0.000000
vt 1.000000 1.000000
vn -1.000000 0.000000 0.000000
v 61.500000 131.500000 -0.000000
vt 0.000000 1.000000
vn -1.000000 0.000000 0.000000
f 1131/1131/1131 1132/1132/1132 1133/1133/1133
f 1131/1131/1131 1133/1133/1133 1134/1134/1134
v -61.000000 124.600000 -7.500000
vt 0.000000 0.000000
vn 0.000000 0.735931 -0.677057
v -49.250000 124.600000 -7.500000
vt 1.000000 0.000000
vn 0.000000 0.735931 -0.677057
v -49.250000 117.700000 -15.000000
vt 1.000000 1.000000
vn 0.000000 0.735931 -0.677057
v -61.000000 117.700000 -15.000000
vt 0.000000 1.000000
vn 0.000000 0.735931 -0.677057
f 1135/1135/1135 1136/1136/1136 1137/1137/1137
f 1135/1135/1135 1137/1137/1137 1138/1138/1138
v -61.000000 115.700000 -15.000000
vt 0.000000 0.000000
vn 0.000000 -0.735931 0.677057
v -49.250000 115.700000 -15.000000
vt 1.000000 0.000000
vn 0.000000 -0.735931 0.677057
v -49.250000 122.600000 -7.500000
vt 1.000000 1.000000
vn 0.000000 -0.735931 0.677057
v -61.000000 122.600000 -7.500000
vt 0.000000 1.000000
vn 0.000000 -0.735931 0.677057
f 1139/1139/1139 1140/1140/1140 1141/1141/1141
f 1139/1139/1139 1141/1141/1141 1142/1142/1142
v -61.000000 124.600000 -7.500000
vt 0.000000 0.000000
vn 0.000000 0.000000 1.000000
v -61.000000 122.600000 -7.500000
vt 1.000000 0.000000
vn 0.000000 0.000000 1.000000
v -49.250000 122.600000 -7.500000
vt 1.000000 1.000000
vn 0.000000 0.000000 1.000000
v -49.250000 124.600000 -7.500000
vt 0.000000 1.000000
vn 0.000000 0.000000 1.000000
f 1143/1143/1143 1144/1144/1144 1145/1145/1145
f 1143/1143/1143 1145/1145/1145 1146/1146/1146
v -49.250000 124.600000 -7.500000
vt 0.000000 0.000000
vn 1.000000 0.000000 0.000000
v -49.250000 122.600000 -7.500000
vt 1.000000 0.000000
vn 1.000000 0.000000 0.000000
v -49.250000 115.700000 -15.000000
vt 1.000000 1.000000
vn 1.000000 0.000000 0.000000
v -49.250000 117.700000 -15.000000
vt 0.000000 1.000000
vn 1.000000 0.000000 0.000000
f 1147/1147/1147 1148/1148/1148 1149/1149/1149
f 1147/1147/1147 1149/1149/1149 1150/1150/1150
v -49.250000 117.700000 -15.000000
vt 0.000000 0.000000
vn 0.000000 -0.000000 -1.000000
v -49.250000 115.700000 -15.000000
vt 1.000000 0.000000
vn 0.000000 -0.000000 -1.000000
v -61.000000 115.700000 -15.000000
vt 1.000000 1.000000
vn 0.000000 -0.000000 -1.000000
v -61.000000 117.700000 -15.000000
vt 0.000000 1.000000
vn 0.000000 -0.000000 -1.000000
f 1151/1151/1151 1152/1152/1152 1153/1153/1153
f 1151/1151/1151 1153/1153/1153 1154/1154/1154
v -61.000000 117.700000 -15.000000
vt 0.000000 0.000000
vn -1.000000 0.000000 0.000000
v -61.000000 115.700000 -15.000000
vt 1.000000 0.000000
vn -1.000000 0.000000 0.000000
v -61.000000 122.600000 -7.500000
vt 1.000000 1.000000
vn -1.000000 0.000000 0.000000
v -61.000000 124.600000 -7.500000
vt 0.000000 1.000000
vn -1.000000 0.000000 0.000000
f 1155/1155/1155 1156/1156/1156 1157/1157/1157
f 1155/1155/1155 1157/1157/1157 1158/1158/1158
v 12.500000 124.600000 -7.500000
vt 0.000000 0.000000
vn 0.000000 0.735931 -0.677057
v 24.250000 124.600000 -7.500000
vt 1.000000 0.000000
vn 0.000000 0.735931 -0.677057
v 24.250000 117.700000 -15.000000
vt 1.000000 1.000000
vn 0.000000 0.735931 -0.677057
v 12.500000 117.700000 -15.000000
vt 0.000000 1.000000
vn 0.000000 0.735931 -0.677057
f 1159/1159/1159 1160/1160/1160 1161/1161/1161
f 1159/1159/1159 1161/1161/1161 1162/1162/1162
v 12.500000 115.700000 -15.000000
vt 0.000000 0.000000
vn 0.000000 -0.735931 0.677057
v 24.250000 115.700000 -15.000000
vt 1.000000 0.000000
vn 0.000000 -0.735931 0.677057
v 24.250000 122.600000 -7.500000
vt 1.000000 1.000000
vn 0.000000 -0.735931 0.677057
v 12.500000 122.600000 -7.500000
vt 0.000000 1.000000
vn 0.000000 -0.735931 0.677057
f 1163/1163/1163 1164/1164/1164 1165/1165/1165
f 1163/1163/1163 1165/1165/1165 1166/1166/1166
v 12.500000 124.600000 -7.500000
vt 0.000000 0.000000
vn 0.000000 0.000000 1.000000
v 12.500000 122.600000 -7.500000
vt 1.000000 0.000000
vn 0.000000 0.000000 1.000000
v 24.250000 122.600000 -7.500000
vt 1.000000 1.000000
vn 0.000000 0.000000 1.000000
v 24.250000 124.600000 -7.500000
vt 0.000000 1.000000
vn 0.000000 0.000000 1.000000
f 1167/1167/1167 1168/1168/1168 1169/1169/1169
f 1167/1167/1167 1169/1169/1169 1170/1170/1170
v 24.250000 124.600000 -7.500000
vt 0.000000 0.000000
vn 1.000000 0.000000 0.000000
v 24.250000 122.600000 -7.500000
vt 1.000000 0.000000
vn 1.000000 0.000000 0.000000
v 24.250000 115.700000 -15.000000
vt 1.000000 1.000000
vn 1.000000 0.000000 0.000000
v 24.250000 117.700000 -15.000000
vt 0.000000 1.000000
vn 1.000000 0.000000 0.000000
f 1171/1171/1171 1172/1172/1172 1173/1173/1173
f 1171/1171/1171 1173/1173/1173 1174/1174/1174
v 24.250000 117.700000 -15.000000
vt 0.000000 0.000000
vn 0.000000 -0.000000 -1.000000
v 24.250000 115.700000 -15.000000
vt 1.000000 0.000000
vn 0.000000 -0.000000 -1.000000
v 12.500000 115.700000 -15.000000
vt 1.000000 1.000000
vn 0.000000 -0.000000 -1.000000
v 12.500000 117.700000 -15.000000
vt 0.000000 1.000000
vn 0.000000 -0.000000 -1.000000
f 1175/1175/1175 1176/1176/1176 1177/1177/1177
f 1175/1175/1175 1177/1177/1177 1178/1178/1178
v 12.500000 117.700000 -15.000000
vt 0.000000 0.000000
vn -1.000000 0.000000 0.000000
v 12.500000 115.700000 -15.000000
vt 1.000000 0.000000
vn -1.000000 0.000000 0.000000
v 12.500000 122.600000 -7.500000
vt 1.000000 1.000000
vn -1.000000 0.000000 0.000000
v 12.500000 124.600000 -7.500000
vt 0.000000 1.000000
vn -1.000000 0.000000 0.000000
f 1179/1179/1179 1180/1180/1180 1181/1181/1181
f 1179/1179/1179 1181/1181/1181 1182/1182/1182
v 73.750000 124.600000 -7.500000
vt 0.000000 0.000000
vn 0.000000 0.735931 -0.677057
v 85.500000 124.600000 -7.500000
vt 1.000000 0.000000
vn 0.000000 0.735931 -0.677057
v 85.500000 117.700000 -15.000000
vt 1.000000 1.000000
vn 0.000000 0.735931 -0.677057
v 73.750000 117.700000 -15.000000
vt 0.000000 1.000000
vn 0.000000 0.735931 -0.677057
f 1183/1183/1183 1184/1184/1184 1185/1185/1185
f 1183/1183/1183 1185/1185/1185 1186/1186/1186
v 73.750000 115.700000 -15.000000
vt 0.000000 0.000000
vn 0.000000 -0.735931 0.677057
v 85.500000 115.700000 -15.000000
vt 1.000000 0.000000
vn 0.000000 -0.735931 0.677057
v 85.500000 122.600000 -7.500000
vt 1.000000 1.000000
vn 0.000000 -0.735931 0.677057
v 73.750000 122.600000 -7.500000
vt 0.000000 1.000000
vn 0.000000 -0.735931 0.677057
f 1187/1187/1187 1188/1188/1188 1189/1189/1189
f 1187/1187/1187 1189/1189/1189 1190/1190/1190
v 73.750000 124.600000 -7.500000
vt 0.000000 0.000000
vn 0.000000 0.000000 1.000000
v 73.750000 122.600000 -7.500000
vt 1.000000 0.000000
vn 0.000000 0.000000 1.000000
v 85.500000 122.600000 -7.500000
vt 1.000000 1.000000
vn 0.000000 0.000000 1.000000
v 85.500000 124.600000 -7.500000
vt 0.000000 1.000000
vn 0.000000 0.000000 1.000000
f 1191/1191/1191 1192/1192/1192 1193/1193/1193
f 1191/1191/1191 1193/1193/1193 1194/1194/1194
v 85.500000 124.600000 -7.500000
vt 0.000000 0.000000
vn 1.000000 0.000000 0.000000
v 85.500000 122.600000 -7.500000
vt 1.000000 0.000000
vn 1.000000 0.000000 0.000000
v 85.500000 115.700000 -15.000000
vt 1.000000 1.000000
vn 1.000000 0.000000 0.000000
v 85.500000 117.700000 -15.000000
vt 0.000000 1.000000
vn 1.000000 0.000000 0.000000
f 1195/1195/1195 1196/1196/1196 1197/1197/1197
f 1195/1195/1195 1197/1197/1197 1198/1198/1198
v 85.500000 117.700000 -15.000000
vt 0.000000 0.000000
vn 0.000000 -0.000000 -1.000000
v 85.500000 115.700000 -15.000000
vt 1.000000 0.000000
vn 0.000000 -0.000000 -1.000000
v 73.750000 115.700000 -15.000000
vt 1.000000 1.000000
vn 0.000000 -0.000000 -1.000000
v 73.750000 117.700000 -15.000000
vt 0.000000 1.000000
vn 0.000000 -0.000000 -1.000000
f 1199/1199/1199 1200/1200/1200 1201/1201/1201
f 1199/1199/1199 1201/1201/1201 1202/1202/1202
v 73.750000 117.700000 -15.000000
vt 0.000000 0.000000
vn -1.000000 0.000000 0.000000
v 73.750000 115.700000 -15.000000
vt 1.000000 0.000000
vn -1.000000 0.000000 0.000000
v 73.750000 122.600000 -7.500000
vt 1.000000 1.000000
vn -1.000000 0.000000 0.000000
v 73.750000 124.600000 -7.500000
vt 0.000000 1.000000
vn -1.000000 0.000000 0.000000
f 1203/1203/1203 1204/1204/1204 1205/1205/1205
f 1203/1203/1203 1205/1205/1205 1206/1206/1206
v 0.250000 117.700000 -15.000000
vt 0.000000 0.000000
vn 0.000000 0.735931 -0.677057
v 12.000000 117.700000 -15.000000
vt 1.000000 0.000000
vn 0.000000 0.735931 -0.677057
v 12.000000 110.800000 -22.500000
vt 1.000000 1.000000
vn 0.000000 0.735931 -0.677057
v 0.250000 110.800000 -22.500000
vt 0.000000 1.000000
vn 0.000000 0.735931 -0.677057
f 1207/1207/1207 1208/1208/1208 1209/1209/1209
f 1207/1207/1207 1209/1209/1209 1210/1210/1210
v 0.250000 108.800000 -22.500000
vt 0.000000 0.000000
vn 0.000000 -0.735931 0.677057
v 12.000000 108.800000 -22.500000
vt 1.000000 0.000000
vn 0.000000 -0.735931 0.677057
v 12.000000 115.700000 -15.000000
vt 1.000000 1.000000
vn 0.000000 -0.735931 0.677057
v 0.250000 115.700000 -15.000000
vt 0.000000 1.000000
vn 0.000000 -0.735931 0.677057
f 1211/1211/1211 1212/1212/1212 1213/1213/1213
f 1211/1211/1211 1213/1213/1213 1214/1214/1214
v 0.250000 117.700000 -15.000000
vt 0.000000 0.000000
vn 0.000000 0.000000 1.000000
v 0.250000 115.700000 -15.000000
vt 1.000000 0.000000
vn 0.000000 0.000000 1.000000
v 12.000000 115.700000 -15.000000
vt 1.000000 1.000000
vn 0.000000 0.000000 1.000000
v 12.000000 117.700000 -15.000000
vt 0.000000 1.000000
vn 0.000000 0.000000 1.000000
f 1215/1215/1215 1216/1216/1216 1217/1217/1217
f 1215/1215/1215 1217/1217/1217 1218/1218/1218
v 12.000000 117.700000 -15.000000
vt 0.000000 0.000000
vn 1.000000 0.000000 0.000000
v 12.000000 115.700000 -15.000000
vt 1.000000 0.000000
vn 1.000000 0.000000 0.000000
v 12.000000 108.800000 -22.500000
vt 1.000000 1.000000
vn 1.000000 0.000000 0.000000
v 12.000000 110.800000 -22.500000
vt 0.000000 1.000000
vn 1.000000 0.000000 0.000000
f 1219/1219/1219 1220/1220/1220 1221/1221/1221
f 1219/1219/1219 1221/1221/1221 1222/1222/1222
v 12.000000 110.800000 -22.500000
vt 0.000000 0.000000
vn 0.000000 -0.000000 -1.000000
v 12.000000 108.800000 -22.500000
vt 1.000000 0.000000
vn 0.000000 -0.000000 -1.000000
v 0.250000 108.800000 -22.500000
vt 1.000000 1.000000
vn 0.000000 -0.000000 -1.000000
v 0.250000 110.800000 -22.500000
vt 0.000000 1.000000
vn 0.000000 -0.000000 -1.000000
f 1223/1223/1223 1224/1224/1224 1225/1225/1225
f 1223/1223/1223 1225/1225/1225 1226/1226/1226
v 0.250000 110.800000 -22.500000
vt 0.000000 0.000000
vn -1.000000 0.000000 0.000000
v 0.250000 108.800000 -22.500000
vt 1.000000 0.000000
vn -1.000000 0.000000 0.000000
v 0.250000 115.700000 -15.000000
vt 1.000000 1.000000
vn -1.000000 0.000000 0.000000
v 0.250000 117.700000 -15.000000
vt 0.000000 1.000000
vn -1.000000 0.000000 0.000000
f 1227/1227/1227 1228/1228/1228 1229/1229/1229
f 1227/1227/1227 1229/1229/1229 1230/1230/1230
v 12.500000 117.700000 -15.000000
vt 0.000000 0.000000
vn 0.000000 0.735931 -0.677057
v 24.250000 117.700000 -15.000000
vt 1.000000 0.000000
vn 0.000000 0.735931 -0.677057
v 24.250000 110.800000 -22.500000
vt 1.000000 1.000000
vn 0.000000 0.735931 -0.677057
v 12.500000 110.800000 -22.500000
vt 0.000000 1.000000
vn 0.000000 0.735931 -0.677057
f 1231/1231/1231 1232/1232/1232 1233/1233/1233
f 1231/1231/1231 1233/1233/1233 1234/1234/1234
v 12.500000 108.800000 -22.500000
vt 0.000000 0.000000
vn 0.000000 -0.735931 0.677057
v 24.250000 108.800000 -22.500000
vt 1.000000 0.000000
vn 0.000000 -0.735931 0.677057
v 24.250000 115.700000 -15.000000
vt 1.000000 1.000000
vn 0.000000 -0.735931 0.677057
v 12.500000 115.700000 -15.000000
vt 0.000000 1.000000
vn 0.000000 -0.735931 0.677057
f 1235/1235/1235 1236/1236/1236 1237/1237/1237
f 1235/1235/1235 1237/1237/1237 1238/1238/1238
v 12.500000 117.700000 -15.000000
vt 0.000000 0.000000
vn 0.000000 0.000000 1.000000
v 12.500000 115.700000 -15.000000
vt 1.000000 0.000000
vn 0.000000 0.000000 1.000000
v 24.250000 115.700000 -15.000000
vt 1.000000 1.000000
vn 0.000000 0.000000 1.000000
v 24.250000 117.700000 -15.000000
vt 0.000000 1.000000
vn 0.000000 0.000000 1.000000
f 1239/1239/1239 1240/1240/1240 1241/1241/1241
f 1239/1239/1239 1241/1241/1241 1242/1242/1242
v 24.250000 117.700000 -15.000000
vt 0.000000 0.000000
vn 1.000000 0.000000 0.000000
v 24.250000 115.700000 -15.000000
vt 1.000000 0.000000
vn 1.000000 0.000000 0.000000
v 24.250000 108.800000 -22.500000
vt 1.000000 1.000000
vn 1.000000 0.000000 0.000000
v 24.250000 110.800000 -22.500000
vt 0.000000 1.000000
vn 1.000000 0.000000 0.000000
f 1243/1243/1243 1244/1244/1244 1245/1245/1245
f 1243/1243/1243 1245/1245/1245 1246/1246/1246
v 24.250000 110.800000 -22.500000
vt 0.000000 0.000000
vn 0.000000 -0.000000 -1.000000
v 24.250000 108.800000 -22.500000
vt 1.000000 0.000000
vn 0.000000 -0.000000 -1.000000
v 12.500000 108.800000 -22.500000
vt 1.000000 1.000000
vn 0.000000 -0.000000 -1.000000
v 12.500000 110.800000 -22.500000
vt 0.000000 1.000000
vn 0.000000 -0.000000 -1.000000
f 1247/1247/1247 1248/1248/1248 1249/1249/1249
f 1247/1247/1247 1249/1249/1249 1250/1250/1250
v 12.500000 110.800000 -22.500000
vt 0.000000 0.000000
vn -1.000000 0.000000 0.000000
v 12.500000 108.800000 -22.500000
vt 1.000000 0.000000
vn -1.000000 0.000000 0.000000
v 12.500000 115.700000 -15.000000
vt 1.000000 1.000000
vn -1.000000 0.000000 0.000000
v 12.500000 117.700000 -15.000000
vt 0.000000 1.000000
vn -1.000000 0.000000 0.000000
f 1251/1251/1251 1252/1252/1252 1253/1253/1253
f 1251/1251/1251 1253/1253/1253 1254/1254/1254
v -61.000000 110.800000 -22.500000
vt 0.000000 0.000000
vn 0.000000 0.735931 -0.677057
v -49.250000 110.800000 -22.500000
vt 1.000000 0.000000
vn 0.000000 0.735931 -0.677057
v -49.250000 103.900000 -30.000000
vt 1.000000 1.000000
vn 0.000000 0.735931 -0.677057
v -61.000000 103.900000 -30.000000
vt 0.000000 1.000000
vn 0.000000 0.735931 -0.677057
f 1255/1255/1255 1256/1256/1256 1257/1257/1257
f 1255/1255/1255 1257/1257/1257 1258/1258/1258
v -61.000000 101.900000 -30.000000
vt 0.000000 0.000000
vn 0.000000 -0.735931 0.677057
v -49.250000 101.900000 -30.000000
vt 1.000000 0.000000
vn 0.000000 -0.735931 0.677057
v -49.250000 108.800000 -22.500000
vt 1.000000 1.000000
vn 0.000000 -0.735931 0.677057
v -61.000000 108.800000 -22.500000
vt 0.000000 1.000000
vn 0.000000 -0.735931 0.677057
f 1259/1259/1259 1260/1260/1260 1261/1261/1261
f 1259/1259/1259 1261/1261/1261 1262/1262/1262
v -61.000000 110.800000 -22.500000
vt 0.000000 0.000000
vn 0.000000 0.000000 1.000000
v -61.000000 108.800000 -22.500000
vt 1.000000 0.000000
vn 0.000000 0.000000 1.000000
v -49.250000 108.800000 -22.500000
vt 1.000000 1.000000
vn 0.000000 0.000000 1.000000
v -49.250000 110.800000 -22.500000
vt 0.000000 1.000000
vn 0.000000 0.000000 1.000000
f 1263/1263/1263 1264/1264/1264 1265/1265/1265
f 1263/1263/1263 1265/1265/1265 1266/1266/1266
v -49.250000 110.800000 -22.500000
vt 0.000000 0.000000
vn 1.000000 0.000000 0.000000
v -49.250000 108.800000 -22.500000
vt 1.000000 0.000000
vn 1.000000 0.000000 0.000000
v -49.250000 101.900000 -30.000000
vt 1.000000 1.000000
vn 1.000000 0.000000 0.000000
v -49.250000 103.900000 -30.000000
vt 0.000000 1.000000
vn 1.000000 0.000000 0.000000
f 1267/1267/1267 1268/1268/1268 1269/1269/1269
f 1267/1267/1267 1269/1269/1269 1270/1270/1270
v -49.250000 103.900000 -30.000000
vt 0.000000 0.000000
vn 0.000000 -0.000000 -1.000000
v -49.250000 101.900000 -30.000000
vt 1.000000 0.000000
vn 0.000000 -0.000000 -1.000000
v -61.000000 101.900000 -30.000000
vt 1.000000 1.000000
vn 0.000000 -0.000000 -1.000000
v -61.000000 103.900000 -30.000000
vt 0.000000 1.000000
vn 0.000000 -0.000000 -1.000000
f 1271/1271/1271 1272/1272/1272 1273/1273/1273
f 1271/1271/1271 1273/1273/1273 1274/1274/1274
v -61.000000 103.900000 -30.000000
vt 0.000000 0.000000
vn -1.000000 0.000000 0.000000
v -61.000000 101.900000 -30.000000
vt 1.000000 0.000000
vn -1.000000 0.000000 0.000000
v -61.000000 108.800000 -22.500000
vt 1.000000 1.000000
vn -1.000000 0.000000 0.000000
v -61.000000 110.800000 -22.500000
vt 0.000000 1.000000
vn -1.000000 0.000000 0.000000
f 1275/1275/1275 1276/1276/1276 1277/1277/1277
f 1275/1275/1275 1277/1277/1277 1278/1278/1278
v -24.250000 110.800000 -22.500000
vt 0.000000 0.000000
vn 0.000000 0.735931 -0.677057
v -12.500000 110.800000 -22.500000
vt 1.000000 0.000000
vn 0.000000 0.735931 -0.677057
v -12.500000 103.900000 -30.000000
vt 1.000000 1.000000
vn 0.000000 0.735931 -0.677057
v -24.250000 103.900000 -30.000000
vt 0.000000 1.000000
vn 0.000000 0.735931 -0.677057
f 1279/1279/1279 1280/1280/1280 1281/1281/1281
f 1279/1279/1279 1281/1281/1281 1282/1282/1282
v -24.250000 101.900000 -30.000000
vt 0.000000 0.000000
vn 0.000000 -0.735931 0.677057
v -12.500000 101.900000 -30.000000
vt 1.000000 0.000000
vn 0.000000 -0.735931 0.677057
v -12.500000 108.800000 -22.500000
vt 1.000000 1.000000
vn 0.000000 -0.735931 0.677057
v -24.250000 108.800000 -22.500000
vt 0.000000 1.000000
vn 0.000000 -0.735931 0.677057
f 1283/1283/1283 1284/1284/1284 1285/1285/1285
f 1283/1283/1283 1285/1285/1285 1286/1286/1286
v -24.250000 110.800000 -22.500000
vt 0.000000 0.000000
vn 0.000000 0.000000 1.000000
v -24.250000 108.800000 -22.500000
vt 1.000000 0.000000
vn 0.000000 0.000000 1.000000
v -12.500000 108.800000 -22.500000
vt 1.000000 1.000000
vn 0.000000 0.000000 1.000000
v -12.500000 110.800000 -22.500000
vt 0.000000 1.000000
vn 0.000000 0.000000 1.000000
f 1287/1287/1287 1288/1288/1288 1289/1289/1289
f 1287/1287/1287 1289/1289/1289 1290/1290/1290
v -12.500000 110.800000 -22.500000
vt 0.000000 0.000000
vn 1.000000 0.000000 0.000000
v -12.500000 108.800000 -22.500000
vt 1.000000 0.000000
vn 1.000000 0.000000 0.000000
v -12.500000 101.900000 -30.000000
vt 1.000000 1.000000
vn 1.000000 0.000000 0.000000
v -12.500000 103.900000 -30.000000
vt 0.000000 1.000000
vn 1.000000 0.000000 0.000000
f 1291/1291/1291 1292/1292/1292 1293/1293/1293
f 1291/1291/1291 1293/1293/1293 1294/1294/1294
v -12.500000 103.900000 -30.000000
vt 0.000000 0.000000
vn 0.000000 -0.000000 -1.000000
v -12.500000 101.900000 -30.000000
vt 1.000000 0.000000
vn 0.000000 -0.000000 -1.000000
v -24.250000 101.900000 -30.000000
vt 1.000000 1.000000
vn 0.000000 -0.000000 -1.000000
v -24.250000 103.900000 -30.000000
vt 0.000000 1.000000
vn 0.000000 -0.000000 -1.000000
f 1295/1295/1295 1296/1296/1296 1297/1297/1297
f 1295/1295/1295 1297/1297/1297 1298/1298/1298
v -24.250000 103.900000 -30.000000
vt 0.000000 0.000000
vn -1.000000 0.000000 0.000000
v -24.250000 101.900000 -30.000000
vt 1.000000 0.000000
vn -1.000000 0.000000 0.000000
v -24.250000 108.800000 -22.500000
vt 1.000000 1.000000
vn -1.000000 0.000000 0.000000
v -24.250000 110.800000 -22.500000
vt 0.000000 1.000000
vn -1.000000 0.000000 0.000000
f 1299/1299/1299 1300/1300/1300 1301/1301/1301
f 1299/1299/1299 1301/1301/1301 1302/1302/1302
v 73.750000 110.800000 -22.500000
vt 0.000000 0.000000
vn 0.000000 0.735931 -0.677057
v 85.500000 110.800000 -22.500000
vt 1.000000 0.000000
vn 0.000000 0.735931 -0.677057
v 85.500000 103.900000 -30.000000
vt 1.000000 1.000000
vn 0.000000 0.735931 -0.677057
v 73.750000 103.900000 -30.000000
vt 0.000000 1.000000
vn 0.000000 0.735931 -0.677057
f 1303/1303/1303 1304/1304/1304 1305/1305/1305
f 1303/1303/1303 1305/1305/1305 1306/1306/1306
v 73.750000 101.900000 -30.000000
vt 0.000000 0.000000
vn 0.000000 -0.735931 0.677057
v 85.500000 101.900000 -30.000000
vt 1.000000 0.000000
vn 0.000000 -0.735931 0.677057
v 85.500000 108.800000 -22.500000
vt 1.000000 1.000000
vn 0.000000 -0.735931 0.677057
v 73.750000 108.800000 -22.500000
vt 0.000000 1.000000
vn 0.000000 -0.735931 0.677057
f 1307/1307/1307 1308/1308/1308 1309/1309/1309
f 1307/1307/1307 1309/1309/1309 1310/1310/1310
v 73.750000 110.800000 -22.500000
vt 0.000000 0.000000
vn 0.000000 0.000000 1.000000
v 73.750000 108.800000 -22.500000
vt 1.000000 0.000000
vn 0.000000 0.000000 1.000000
v 85.500000 108.800000 -22.500000
vt 1.000000 1.000000
vn 0.000000 0.000000 1.000000
v 85.500000 110.800000 -22.500000
vt 0.000000 1.000000
vn 0.000000 0.000000 1.000000
f 1311/1311/1311 1312/1312/1312 1313/1313/1313
f 1311/1311/1311 1313/1313/1313 1314/1314/1314
v 85.500000 110.800000 -22.500000
vt 0.000000 0.000000
vn 1.000000 0.000000 0.000000
v 85.500000 108.800000 -22.500000
vt 1.000000 0.000000
vn 1.000000 0.000000 0.000000
v 85.500000 101.900000 -30.000000
vt 1.000000 1.000000
vn 1.000000 0.000000 0.000000
v 85.500000 103.900000 -30.000000
vt 0.000000 1.000000
vn 1.000000 0.000000 0.000000
f 1315/1315/1315 1316/1316/1316 1317/1317/1317
f 1315/1315/1315 1317/1317/1317 1318/1318/1318
v 85.500000 103.900000 -30.000000
vt 0.000000 0.000000
vn 0.000000 -0.000000 -1.000000
v 85.500000 101.900000 -30.000000
vt 1.000000 0.000000
vn 0.000000 -0.000000 -1.000000
v 73.750000 101.900000 -30.000000
vt 1.000000 1.000000
vn 0.000000 -0.000000 -1.000000
v 73.750000 103.900000 -30.000000
vt 0.000000 1.000000
vn 0.000000 -0.000000 -1.000000
f 1319/1319/1319 1320/1320/1320 1321/1321/1321
f 1319/1319/1319 1321/1321/1321 1322/1322/1322
v 73.750000 103.900000 -30.000000
vt 0.000000 0.000000
vn -1.000000 0.000000 0.000000
v 73.750000 101.900000 -30.000000
vt 1.000000 0.000000
vn -1.000000 0.000000 0.000000
v 73.750000 108.800000 -22.500000
vt 1.000000 1.000000
vn -1.000000 0.000000 0.000000
v 73.750000 110.800000 -22.500000
vt 0.000000 1.000000
vn -1.000000 0.000000 0.000000
f 1323/1323/1323 1324/1324/1324 1325/1325/1325
f 1323/1323/1323 1325/1325/1325 1326/1326/1326
v -48.750000 103.900000 -30.000000
vt 0.000000 0.000000
vn 0.000000 0.735931 -0.677057
v -37.000000 103.900000 -30.000000
vt 1.000000 0.000000
vn 0.000000 0.735931 -0.677057
v -37.000000 97.000000 -37.500000
vt 1.000000 1.000000
vn 0.000000 0.735931 -0.677057
v -48.750000 97.000000 -37.500000
vt 0.000000 1.000000
vn 0.000000 0.735931 -0.677057
f 1327/1327/1327 1328/1328/1328 1329/1329/1329
f 1327/1327/1327 1329/1329/1329 1330/1330/1330
v -48.750000 95.000000 -37.500000
vt 0.000000 0.000000
vn 0.000000 -0.735931 0.677057
v -37.000000 95.000000 -37.500000
vt 1.000000 0.000000
vn 0.000000 -0.735931 0.677057
v -37.000000 101.900000 -30.000000
vt 1.000000 1.000000
vn 0.000000 -0.735931 0.677057
v -48.750000 101.900000 -30.000000
vt 0.000000 1.000000
vn 0.000000 -0.735931 0.677057
f 1331/1331/1331 1332/1332/1332 1333/1333/1333
f 1331/1331/1331 1333/1333/1333 1334/1334/1334
v -48.750000 103.900000 -30.000000
vt 0.000000 0.000000
vn 0.000000 0.000000 1.000000
v -48.750000 101.900000 -30.000000
vt 1.000000 0.000000
vn 0.000000 0.000000 1.000000
v -37.000000 101.900000 -30.000000
vt 1.000000 1.000000
vn 0.000000 0.000000 1.000000
v -37.000000 103.900000 -30.000000
vt 0.000000 1.000000
vn 0.000000 0.000000 1.000000
f 1335/1335/1335 1336/1336/1336 1337/1337/1337
f 1335/1335/1335 1337/1337/1337 1338/1338/1338
v -37.000000 103.900000 -30.000000
vt 0.000000 0.000000
vn 1.000000 0.000000 0.000000
v -37.000000 101.900000 -30.000000
vt 1.000000 0.000000
vn 1.000000 0.000000 0.000000
v -37.000000 95.000000 -37.500000
vt 1.000000 1.000000
vn 1.000000 0.000000 0.000000
v -37.000000 97.000000 -37.500000
vt 0.000000 1.000000
vn 1.000000 0.000000 0.000000
f 1339/1339/1339 1340/1340/1340 1341/1341/1341
f 1339/1339/1339 1341/1341/1341 1342/1342/1342
v -37.000000 97.000000 -37.500000
vt 0.000000 0.000000
vn 0.000000 -0.000000 -1.000000
v -37.000000 95.000000 -37.500000
vt 1.000000 0.000000
vn 0.000000 -0.000000 -1.000000
v -48.750000 95.000000 -37.500000
vt 1.000000 1.000000
vn 0.000000 -0.000000 -1.000000
v -48.750000 97.000000 -37.500000
vt 0.000000 1.000000
vn 0.000000 -0.000000 -1.000000
f 1343/1343/1343 1344/1344/1344 1345/1345/1345
f 1343/1343/1343 1345/1345/1345 1346/1346/1346
v -48.750000 97.000000 -37.500000
vt 0.000000 0.000000
vn -1.000000 0.000000 0.000000
v -48.750000 95.000000 -37.500000
vt 1.000000 0.000000
vn -1.000000 0.000000 0.000000
v -48.750000 101.900000 -30.000000
vt 1.000000 1.000000
vn -1.000000 0.000000 0.000000
v -48.750000 103.900000 -30.000000
vt 0.000000 1.000000
vn -1.000000 0.000000 0.000000
f 1347/1347/1347 1348/1348/1348 1349/1349/1349
f 1347/1347/1347 1349/1349/1349 1350/1350/1350
v -12.000000 103.900000 -30.000000
vt 0.000000 0.000000
vn 0.000000 0.735931 -0.677057
v -0.250000 103.900000 -30.000000
vt 1.000000 0.000000
vn 0.000000 0.735931 -0.677057
v -0.250000 97.000000 -37.500000
vt 1.000000 1.000000
vn 0.000000 0.735931 -0.677057
v -12.000000 97.000000 -37.500000
vt 0.000000 1.000000
vn 0.000000 0.735931 -0.677057
f 1351/1351/1351 1352/1352/1352 1353/1353/1353
f 1351/1351/1351 1353/1353/1353 1354/1354/1354
v -12.000000 95.000000 -37.500000
vt 0.000000 0.000000
vn 0.000000 -0.735931 0.677057
v -0.250000 95.000000 -37.500000
vt 1.000000 0.000000
vn 0.000000 -0.735931 0.677057
v -0.250000 101.900000 -30.000000
vt 1.000000 1.000000
vn 0.000000 -0.735931 0.677057
v -12.000000 101.900000 -30.000000
vt 0.000000 1.000000
vn 0.000000 -0.735931 0.677057
f 1355/1355/1355 1356/1356/1356 1357/1357/1357
f 1355/1355/1355 1357/1357/1357 1358/1358/1358
v -12.000000 103.900000 -30.000000
vt 0.000000 0.000000
vn 0.000000 0.000000 1.000000
v -12.000000 101.900000 -30.000000
vt 1.000000 0.000000
vn 0.000000 0.000000 1.000000
v -0.250000 101.900000 -30.000000
vt 1.000000 1.000000
vn 0.000000 0.000000 1.000000
v -0.250000 103.900000 -30.000000
vt 0.000000 1.000000
vn 0.000000 0.000000 1.000000
f 1359/1359/1359 1360/1360/1360 1361/1361/1361
f 1359/1359/1359 1361/1361/1361 1362/1362/1362
v -0.250000 103.900000 -30.000000
vt 0.000000 0.000000
vn 1.000000 0.000000 0.000000
v -0.250000 101.900000 -30.000000
vt 1.000000 0.000000
vn 1.000000 0.000000 0.000000
v -0.250000 95.000000 -37.500000
vt 1.000000 1.000000
vn 1.000000 0.000000 0.000000
v -0.250000 97.000000 -37.500000
vt 0.000000 1.000000
vn 1.000000 0.000000 0.000000
f 1363/1363/1363 1364/1364/1364 1365/1365/1365
f 1363/1363/1363 1365/1365/1365 1366/1366/1366
v -0.250000 97.000000 -37.500000
vt 0.000000 0.000000
vn 0.000000 -0.000000 -1.000000
v -0.250000 95.000000 -37.500000
vt 1.000000 0.000000
vn 0.000000 -0.000000 -1.000000
v -12.000000 95.000000 -37.500000
vt 1.000000 1.000000
vn 0.000000 -0.000000 -1.000000
v -12.000000 97.000000 -37.500000
vt 0.000000 1.000000
vn 0.000000 -0.000000 -1.000000
f 1367/1367/1367 1368/1368/1368 1369/1369/1369
f 1367/1367/1367 1369/1369/1369 1370/1370/1370
v -12.000000 97.000000 -37.500000
vt 0.000000 0.000000
vn -1.000000 0.000000 0.000000
v -12.000000 95.000000 -37.500000
vt 1.000000 0.000000
vn -1.000000 0.000000 0.000000
v -12.000000 101.900000 -30.000000
vt 1.000000 1.000000
vn -1.000000 0.000000 0.000000
v -12.000000 103.900000 -30.000000
vt 0.000000 1.000000
vn -1.000000 0.000000 0.000000
f 1371/1371/1371 1372/1372/1372 1373/1373/1373
f 1371/1371/1371 1373/1373/1373 1374/1374/1374
v 86.000000 103.900000 -30.000000
vt 0.000000 0.000000
vn 0.000000 0.735931 -0.677057
v 97.750000 103.900000 -30.000000
vt 1.000000 0.000000
vn 0.000000 0.735931 -0.677057
v 97.750000 97.000000 -37.500000
vt 1.000000 1.000000
vn 0.000000 0.735931 -0.677057
v 86.000000 97.000000 -37.500000
vt 0.000000 1.000000
vn 0.000000 0.735931 -0.677057
f 1375/1375/1375 1376/1376/1376 1377/1377/1377
f 1375/1375/1375 1377/1377/1377 1378/1378/1378
v 86.000000 95.000000 -37.500000
vt 0.000000 0.000000
vn 0.000000 -0.735931 0.677057
v 97.750000 95.000000 -37.500000
vt 1.000000 0.000000
vn 0.000000 -0.735931 0.677057
v 97.750000 101.900000 -30.000000
vt 1.000000 1.000000
vn 0.000000 -0.735931 0.677057
v 86.000000 101.900000 -30.000000
vt 0.000000 1.000000
vn 0.000000 -0.735931 0.677057
f 1379/1379/1379 1380/1380/1380 1381/1381/1381
f 1379/1379/1379 1381/1381/1381 1382/1382/1382
v 86.000000 103.900000 -30.000000
vt 0.000000 0.000000
vn 0.000000 0.000000 1.000000
v 86.000000 101.900000 -30.000000
vt 1.000000 0.000000
vn 0.000000 0.000000 1.000000
v 97.750000 101.900000 -30.000000
vt 1.000000 1.000000
vn 0.000000 0.000000 1.000000
v 97.750000 103.900000 -30.000000
vt 0.000000 1.000000
vn 0.000000 0.000000 1.000000
f 1383/1383/1383 1384/1384/1384 1385/1385/1385
f 1383/1383/1383 1385/1385/1385 1386/1386/1386
v 97.750000 103.900000 -30.000000
vt 0.000000 0.000000
vn 1.000000 0.000000 0.000000
v 97.750000 101.900000 -30.000000
vt 1.000000 0.000000
vn 1.000000 0.000000 0.000000
v 97.750000 95.000000 -37.500000
vt 1.000000 1.000000
vn 1.000000 0.000000 0.000000
v 97.750000 97.000000 -37.500000
vt 0.000000 1.000000
vn 1.000000 0.000000 0.000000
f 1387/1387/1387 1388/1388/1388 1389/1389/1389
f 1387/1387/1387 1389/1389/1389 1390/1390/1390
v 97.750000 97.000000 -37.500000
vt 0.000000 0.000000
vn 0.000000 -0.000000 -1.000000
v 97.750000 95.000000 -37.500000
vt 1.000000 0.000000
vn 0.000000 -0.000000 -1.000000
v 86.000000 95.000000 -37.500000
vt 1.000000 1.000000
vn 0.000000 -0.000000 -1.000000
v 86.000000 97.000000 -37.500000
vt 0.000000 1.000000
vn 0.000000 -0.000000 -1.000000
f 1391/1391/1391 1392/1392/1392 1393/1393/1393
f 1391/1391/1391 1393/1393/1393 1394/1394/1394
v 86.000000 97.000000 -37.500000
vt 0.000000 0.000000
vn -1.000000 0.000000 0.000000
v 86.000000 95.000000 -37.500000
vt 1.000000 0.000000
vn -1.000000 0.000000 0.000000
v 86.000000 101.900000 -30.000000
vt 1.000000 1.000000
vn -1.000000 0.000000 0.000000
v 86.000000 103.900000 -30.000000
vt 0.000000 1.000000
vn -1.000000 0.000000 0.000000
f 1395/1395/1395 1396/1396/1396 1397/1397/1397
f 1395/1395/1395 1397/1397/1397 1398/1398/1398
v -85.500000 97.000000 -37.500000
vt 0.000000 0.000000
vn 0.000000 0.735931 -0.677057
v -73.750000 97.000000 -37.500000
vt 1.000000 0.000000
vn 0.000000 0.735931 -0.677057
v -73.750000 90.100000 -45.000000
vt 1.000000 1.000000
vn 0.000000 0.735931 -0.677057
v -85.500000 90.100000 -45.000000
vt 0.000000 1.000000
vn 0.000000 0.735931 -0.677057
f 1399/1399/1399 1400/1400/1400 1401/1401/1401
f 1399/1399/1399 1401/1401/1401 1402/1402/1402
v -85.500000 88.100000 -45.000000
vt 0.000000 0.000000
vn 0.000000 -0.735931 0.677057
v -73.750000 88.100000 -45.000000
vt 1.000000 0.000000
vn 0.000000 -0.735931 0.677057
v -73.750000 95.000000 -37.500000
vt 1.000000 1.000000
vn 0.000000 -0.735931 0.677057
v -85.500000 95.000000 -37.500000
vt 0.000000 1.000000
vn 0.000000 -0.735931 0.677057
f 1403/1403/1403 1404/1404/1404 1405/1405/1405
f 1403/1403/1403 1405/1405/1405 1406/1406/1406
v -85.500000 97.000000 -37.500000
vt 0.000000 0.000000
vn 0.000000 0.000000 1.000000
v -85.500000 95.000000 -37.500000
vt 1.000000 0.000000
vn 0.000000 0.000000 1.000000
v -73.750000 95.000000 -37.500000
vt 1.000000 1.000000
vn 0.000000 0.000000 1.000000
v -73.750000 97.000000 -37.500000
vt 0.000000 1.000000
vn 0.000000 0.000000 1.000000
f 1407/1407/1407 1408/1408/1408 1409/1409/1409
f 1407/1407/1407 1409/1409/1409 1410/1410/1410
v -73.750000 97.000000 -37.500000
vt 0.000000 0.000000
vn 1.000000 0.000000 0.000000
v -73.750000 95.000000 -37.500000
vt 1.000000 0.000000
vn 1.000000 0.000000 0.000000
v -73.750000 88.100000 -45.000000
vt 1.000000 1.000000
vn 1.000000 0.000000 0.000000
v -73.750000 90.100000 -45.000000
vt 0.000000 1.000000
vn 1.000000 0.000000 0.000000
f 1411/1411/1411 1412/1412/1412 1413/1413/1413
f 1411/1411/1411 1413/1413/1413 1414/1414/1414
v -73.750000 90.100000 -45.000000
vt 0.000000 0.000000
vn 0.000000 -0.000000 -1.000000
v -73.750000 88.100000 -45.000000
vt 1.000000 0.000000
vn 0.000000 -0.000000 -1.000000
v -85.500000 88.100000 -45.000000
vt 1.000000 1.000000
vn 0.000000 -0.000000 -1.000000
v -85.500000 90.100000 -45.000000
vt 0.000000 1.000000
vn 0.000000 -0.000000 -1.000000
f 1415/1415/1415 1416/1416/1416 1417/1417/1417
f 1415/1415/1415 1417/1417/1417 1418/1418/1418
v -85.500000 90.100000 -45.000000
vt 0.000000 0.000000
vn -1.000000 0.000000 0.000000
v -85.500000 88.100000 -45.000000
vt 1.000000 0.000000
vn -1.000000 0.000000 0.000000
v -85.500000 95.000000 -37.500000
vt 1.000000 1.000000
vn -1.000000 0.000000 0.000000
v -85.500000 97.000000 -37.500000
vt 0.000000 1.000000
vn -1.000000 0.000000 0.000000
f 1419/1419/1419 1420/1420/1420 1421/1421/1421
f 1419/1419/1419 1421/1421/1421 1422/1422/1422
v -73.250000 97.000000 -37.500000
vt 0.000000 0.000000
vn 0.000000 0.735931 -0.677057
v -61.500000 97.000000 -37.500000
vt 1.000000 0.000000
vn 0.000000 0.735931 -0.677057
v -61.500000 90.100000 -45.000000
vt 1.000000 1.000000
vn 0.000000 0.735931 -0.677057
v -73.250000 90.100000 -45.000000
vt 0.000000 1.000000
vn 0.000000 0.735931 -0.677057
f 1423/1423/1423 1424/1424/1424 1425/1425/1425
f 1423/1423/1423 1425/1425/1425 1426/1426/1426
v -73.250000 88.100000 -45.000000
vt 0.000000 0.000000
vn 0.000000 -0.735931 0.677057
v -61.500000 88.100000 -45.000000
vt 1.000000 0.000000
vn 0.000000 -0.735931 0.677057
v -61.500000 95.000000 -37.500000
vt 1.000000 1.000000
vn 0.000000 -0.735931 0.677057
v -73.250000 95.000000 -37.500000
vt 0.000000 1.000000
vn 0.000000 -0.735931 0.677057
f 1427/1427/1427 1428/1428/1428 1429/1429/1429
f 1427/1427/1427 1429/1429/1429 1430/1430/1430
v -73.250000 97.000000 -37.500000
vt 0.000000 0.000000
vn 0.000000 0.000000 1.000000
v -73.250000 95.000000 -37.500000
vt 1.000000 0.000000
vn 0.000000 0.000000 1.000000
v -61.500000 95.000000 -37.500000
vt 1.000000 1.000000
vn 0.000000 0.000000 1.000000
v -61.500000 97.000000 -37.500000
vt 0.000000 1.000000
vn 0.000000 0.000000 1.000000
f 1431/1431/1431 1432/1432/1432 1433/1433/1433
f 1431/1431/1431 1433/1433/1433 1434/1434/1434
v -61.500000 97.000000 -37.500000
vt 0.000000 0.000000
vn 1.000000 0.000000 0.000000
v -61.500000 95.000000 -37.500000
vt 1.000000 0.000000
vn 1.000000 0.000000 0.000000
v -61.500000 88.100000 -45.000000
vt 1.000000 1.000000
vn 1.000000 0.000000 0.000000
v -61.500000 90.100000 -45.000000
vt 0.000000 1.000000
vn 1.000000 0.000000 0.000000
f 1435/1435/1435 1436/1436/1436 1437/1437/1437
f 1435/1435/1435 1437/1437/1437 1438/1438/1438
v -61.500000 90.100000 -45.000000
vt 0.000000 0.000000
vn 0.000000 -0.000000 -1.000000
v -61.500000 88.100000 -45.000000
vt 1.000000 0.000000
vn 0.000000 -0.000000 -1.000000
v -73.250000 88.100000 -45.000000
vt 1.000000 1.000000
vn 0.000000 -0.000000 -1.000000
v -73.250000 90.100000 -45.000000
vt 0.000000 1.000000
vn 0.000000 -0.000000 -1.000000
f 1439/1439/1439 1440/1440/1440 1441/1441/1441
f 1439/1439/1439 1441/1441/1441 1442/1442/1442
v -73.250000 90.100000 -45.000000
vt 0.000000 0.000000
vn -1.000000 0.000000 0.000000
v -73.250000 88.100000 -45.000000
vt 1.000000 0.000000
vn -1.000000 0.000000 0.000000
v -73.250000 95.000000 -37.500000
vt 1.000000 1.000000
vn -1.000000 0.000000 0.000000
v -73.250000 97.000000 -37.500000
vt 0.000000 1.000000
vn -1.000000 0.000000 0.000000
f 1443/1443/1443 1444/1444/1444 1445/1445/1445
f 1443/1443/1443 1445/1445/1445 1446/1446/1446
v 49.250000 97.000000 -37.500000
vt 0.000000 0.000000
vn 0.000000 0.735931 -0.677057
v 61.000000 97.000000 -37.500000
vt 1.000000 0.000000
vn 0.000000 0.735931 -0.677057
v 61.000000 90.100000 -45.000000
vt 1.000000 1.000000
vn 0.000000 0.735931 -0.677057
v 49.250000 90.100000 -45.000000
vt 0.000000 1.000000
vn 0.000000 0.735931 -0.677057
f 1447/1447/1447 1448/1448/1448 1449/1449/1449
f 1447/1447/1447 1449/1449/1449 1450/1450/1450
v 49.250000 88.100000 -45.000000
vt 0.000000 0.000000
vn 0.000000 -0.735931 0.677057
v 61.000000 88.100000 -45.000000
vt 1.000000 0.000000
vn 0.000000 -0.735931 0.677057
v 61.000000 95.000000 -37.500000
vt 1.000000 1.000000
vn 0.000000 -0.735931 0.677057
v 49.250000 95.000000 -37.500000
vt 0.000000 1.000000
vn 0.000000 -0.735931 0.677057
f 1451/1451/1451 1452/1452/1452 1453/1453/1453
f 1451/1451/1451 1453/1453/1453 1454/1454/1454
v 49.250000 97.000000 -37.500000
vt 0.000000 0.000000
vn 0.000000 0.000000 1.000000
v 49.250000 95.000000 -37.500000
vt 1.000000 0.000000
vn 0.000000 0.000000 1.000000
v 61.000000 95.000000 -37.500000
vt 1.000000 1.000000
vn 0.000000 0.000000 1.000000
v 61.000000 97.000000 -37.500000
vt 0.000000 1.000000
vn 0.000000 0.000000 1.000000
f 1455/1455/1455 1456/1456/1456 1457/1457/1457
f 1455/1455/1455 1457/1457/1457 1458/1458/1458
v 61.000000 97.000000 -37.500000
vt 0.000000 0.000000
vn 1.000000 0.000000 0.000000
v 61.000000 95.000000 -37.500000
vt 1.000000 0.000000
vn 1.000000 0.000000 0.000000
v 61.000000 88.100000 -45.000000
vt 1.000000 1.000000
vn 1.000000 0.000000 0.000000
v 61.000000 90.100000 -45.000000
vt 0.000000 1.000000
vn 1.000000 0.000000 0.000000
f 1459/1459/1459 1460/1460/1460 1461/1461/1461
f 1459/1459/1459 1461/1461/1461 1462/1462/1462
v 61.000000 90.100000 -45.000000
vt 0.000000 0.000000
vn 0.000000 -0.000000 -1.000000
v 61.000000 88.100000 -45.000000
vt 1.000000 0.000000
vn 0.000000 -0.000000 -1.000000
v 49.250000 88.100000 -45.000000
vt 1.000000 1.000000
vn 0.000000 -0.000000 -1.000000
v 49.250000 90.100000 -45.000000
vt 0.000000 1.000000
vn 0.000000 -0.000000 -1.000000
f 1463/1463/1463 1464/1464/1464 1465/1465/1465
f 1463/1463/1463 1465/1465/1465 1466/1466/1466
v 49.250000 90.100000 -45.000000
vt 0.000000 0.000000
vn -1.000000 0.000000 0.000000
v 49.250000 88.100000 -45.000000
vt 1.000000 0.000000
vn -1.000000 0.000000 0.000000
v 49.250000 95.000000 -37.500000
vt 1.000000 1.000000
vn -1.000000 0.000000 0.000000
v 49.250000 97.000000 -37.500000
vt 0.000000 1.000000
vn -1.000000 0.000000 0.000000
f 1467/1467/1467 1468/1468/1468 1469/1469/1469
f 1467/1467/1467 1469/1469/1469 1470/1470/1470
v 61.500000 97.000000 -37.500000
vt 0.000000 0.000000
vn 0.000000 0.735931 -0.677057
v 73.250000 97.000000 -37.500000
vt 1.000000 0.000000
vn 0.000000 0.735931 -0.677057
v 73.250000 90.100000 -45.000000
vt 1.000000 1.000000
vn 0.000000 0.735931 -0.677057
v 61.500000 90.100000 -45.000000
vt 0.000000 1.000000
vn 0.000000 0.735931 -0.677057
f 1471/1471/1471 1472/1472/1472 1473/1473/1473
f 1471/1471/1471 1473/1473/1473 1474/1474/1474
v 61.500000 88.100000 -45.000000
vt 0.000000 0.000000
vn 0.000000 -0.735931 0.677057
v 73.250000 88.100000 -45.000000
vt 1.000000 0.000000
vn 0.000000 -0.735931 0.677057
v 73.250000 95.000000 -37.500000
vt 1.000000 1.000000
vn 0.000000 -0.735931 0.677057
v 61.500000 95.000000 -37.500000
vt 0.000000 1.000000
vn 0.000000 -0.735931 0.677057
f 1475/1475/1475 1476/1476/1476 1477/1477/1477
f 1475/1475/1475 1477/1477/1477 1478/1478/1478
v 61.500000 97.000000 -37.500000
vt 0.000000 0.000000
vn 0.000000 0.000000 1.000000
v 61.500000 95.000000 -37.500000
vt 1.000000 0.000000
vn 0.000000 0.000000 1.000000
v 73.250000 95.000000 -37.500000
vt 1.000000 1.000000
vn 0.000000 0.000000 1.000000
v 73.250000 97.000000 -37.500000
vt 0.000000 1.000000
vn 0.000000 0.000000 1.000000
f 1479/1479/1479 1480/1480/1480 1481/1481/1481
f 1479/1479/1479 1481/1481/1481 1482/1482/1482
v 73.250000 97.000000 -37.500000
vt 0.000000 0.000000
vn 1.000000 0.000000 0.000000
v 73.250000 95.000000 -37.500000
vt 1.000000 0.000000
vn 1.000000 0.000000 0.000000
v 73.250000 88.100000 -45.000000
vt 1.000000 1.000000
vn 1.000000 0.000000 0.000000
v 73.250000 90.100000 -45.000000
vt 0.000000 1.000000
vn 1.000000 0.000000 0.000000
f 1483/1483/1483 1484/1484/1484 1485/1485/1485
f 1483/1483/1483 1485/1485/1485 1486/1486/1486
v 73.250000 90.100000 -45.000000
vt 0.000000 0.000000
vn 0.000000 -0.000000 -1.000000
v 73.250000 88.100000 -45.000000
vt 1.000000 0.000000
vn 0.000000 -0.000000 -1.000000
v 61.500000 88.100000 -45.000000
vt 1.000000 1.000000
vn 0.000000 -0.000000 -1.000000
v 61.500000 90.100000 -45.000000
vt 0.000000 1.000000
vn 0.000000 -0.000000 -1.000000
f 1487/1487/1487 1488/1488/1488 1489/1489/1489
f 1487/1487/1487 1489/1489/1489 1490/1490/1490
v 61.500000 90.100000 -45.000000
vt 0.000000 0.000000
vn -1.000000 0.000000 0.000000
v 61.500000 88.100000 -45.000000
vt 1.000000 0.000000
vn -1.000000 0.000000 0.000000
v 61.500000 95.000000 -37.500000
vt 1.000000 1.000000
vn -1.000000 0.000000 0.000000
v 61.500000 97.000000 -37.500000
vt 0.000000 1.000000
vn -1.000000 0.000000 0.000000
f 1491/1491/1491 1492/1492/1492 1493/1493/1493
f 1491/1491/1491 1493/1493/1493 1494/1494/1494
v -85.500000 90.100000 -45.000000
vt 0.000000 0.000000
vn 0.000000 0.735931 -0.677057
v -73.750000 90.100000 -45.000000
vt 1.000000 0.000000
vn 0.000000 0.735931 -0.677057
v -73.750000 83.200000 -52.500000
vt 1.000000 1.000000
vn 0.000000 0.735931 -0.677057
v -85.500000 83.200000 -52.500000
vt 0.000000 1.000000
vn 0.000000 0.735931 -0.677057
f 1495/1495/1495 1496/1496/1496 1497/1497/1497
f 1495/1495/1495 1497/1497/1497 1498/1498/1498
v -85.500000 81.200000 -52.500000
vt 0.000000 0.000000
vn 0.000000 -0.735931 0.677057
v -73.750000 81.200000 -52.500000
vt 1.000000 0.000000
vn 0.000000 -0.735931 0.677057
v -73.750000 88.100000 -45.000000
vt 1.000000 1.000000
vn 0.000000 -0.735931 0.677057
v -85.500000 88.100000 -45.000000
vt 0.000000 1.000000
vn 0.000000 -0.735931 0.677057
f 1499/1499/1499 1500/1500/1500 1501/1501/1501
f 1499/1499/1499 1501/1501/1501 1502/1502/1502
v -85.500000 90.100000 -45.000000
vt 0.000000 0.000000
vn 0.000000 0.000000 1.000000
v -85.500000 88.100000 -45.000000
vt 1.000000 0.000000
vn 0.000000 0.000000 1.000000
v -73.750000 88.100000 -45.000000
vt 1.000000 1.000000
vn 0.000000 0.000000 1.000000
v -73.750000 90.100000 -45.000000
vt 0.000000 1.000000
vn 0.000000 0.000000 1.000000
f 1503/1503/1503 1504/1504/1504 1505/1505/1505
f 1503/1503/1503 1505/1505/1505 1506/1506/1506
v -73.750000 90.100000 -45.000000
vt 0.000000 0.000000
vn 1.000000 0.000000 0.000000
v -73.750000 88.100000 -45.000000
vt 1.000000 0.000000
vn 1.000000 0.000000 0.000000
v -73.750000 81.200000 -52.500000
vt 1.000000 1.000000
vn 1.000000 0.000000 0.000000
v -73.750000 83.200000 -52.500000
vt 0.000000 1.000000
vn 1.000000 0.000000 0.000000
f 1507/1507/1507 1508/1508/1508 1509/1509/1509
f 1507/1507/1507 1509/1509/1509 1510/1510/1510
v -73.750000 83.200000 -52.500000
vt 0.000000 0.000000
vn 0.000000 -0.000000 -1.000000
v -73.750000 81.200000 -52.500000
vt 1.000000 0.000000
vn 0.000000 -0.000000 -1.000000
v -85.500000 81.200000 -52.500000
vt 1.000000 1.000000
vn 0.000000 -0.000000 -1.000000
v -85.500000 83.200000 -52.500000
vt 0.000000 1.000000
vn 0.000000 -0.000000 -1.000000
f 1511/1511/1511 1512/1512/1512 1513/1513/1513
f 1511/1511/1511 1513/1513/1513 1514/1514/1514
v -85.500000 83.200000 -52.500000
vt 0.000000 0.000000
vn -1.000000 0.000000 0.000000
v -85.500000 81.200000 -52.500000
vt 1.000000 0.000000
vn -1.000000 0.000000 0.000000
v -85.500000 88.100000 -45.000000
vt 1.000000 1.000000
vn -1.000000 0.000000 0.000000
v -85.500000 90.100000 -45.000000
vt 0.000000 1.000000
vn -1.000000 0.000000 0.000000
f 1515/1515/1515 1516/1516/1516 1517/1517/1517
f 1515/1515/1515 1517/1517/1517 1518/1518/1518
v -12.000000 90.100000 -45.000000
vt 0.000000 0.000000
vn 0.000000 0.735931 -0.677057
v -0.250000 90.100000 -45.000000
vt 1.000000 0.000000
vn 0.000000 0.735931 -0.677057
v -0.250000 83.200000 -52.500000
vt 1.000000 1.000000
vn 0.000000 0.735931 -0.677057
v -12.000000 83.200000 -52.500000
vt 0.000000 1.000000
vn 0.000000 0.735931 -0.677057
f 1519/1519/1519 1520/1520/1520 1521/1521/1521
f 1519/1519/1519 1521/1521/1521 1522/1522/1522
v -12.000000 81.200000 -52.500000
vt 0.000000 0.000000
vn 0.000000 -0.735931 0.677057
v -0.250000 81.200000 -52.500000
vt 1.000000 0.000000
vn 0.000000 -0.735931 0.677057
v -0.250000 88.100000 -45.000000
vt 1.000000 1.000000
vn 0.000000 -0.735931 0.677057
v -12.000000 88.100000 -45.000000
vt 0.000000 1.000000
vn 0.000000 -0.735931 0.677057
f 1523/1523/1523 1524/1524/1524 1525/1525/1525
f 1523/1523/1523 1525/1525/1525 1526/1526/1526
v -12.000000 90.100000 -45.000000
vt 0.000000 0.000000
vn 0.000000 0.000000 1.000000
v -12.000000 88.100000 -45.000000
vt 1.000000 0.000000
vn 0.000000 0.000000 1.000000
v -0.250000 88.100000 -45.000000
vt 1.000000 1.000000
vn 0.000000 0.000000 1.000000
v -0.250000 90.100000 -45.000000
vt 0.000000 1.000000
vn 0.000000 0.000000 1.000000
f 1527/1527/1527 1528/1528/1528 1529/1529/1529
f 1527/1527/1527 1529/1529/1529 1530/1530/1530
v -0.250000 90.100000 -45.000000
vt 0.000000 0.000000
vn 1.000000 0.000000 0.000000
v -0.250000 88.100000 -45.000000
vt 1.000000 0.000000
vn 1.000000 0.000000 0.000000
v -0.250000 81.200000 -52.500000
vt 1.000000 1.000000
vn 1.000000 0.000000 0.000000
v -0.250000 83.200000 -52.500000
vt 0.000000 1.000000
vn 1.000000 0.000000 0.000000
f 1531/1531/1531 1532/1532/1532 1533/1533/1533
f 1531/1531/1531 1533/1533/1533 1534/1534/1534
v -0.250000 83.200000 -52.500000
vt 0.000000 0.000000
vn 0.000000 -0.000000 -1.000000
v -0.250000 81.200000 -52.500000
vt 1.000000 0.000000
vn 0.000000 -0.000000 -1.000000
v -12.000000 81.200000 -52.500000
vt 1.000000 1.000000
vn 0.000000 -0.000000 -1.000000
v -12.000000 83.200000 -52.500000
vt 0.000000 1.000000
vn 0.000000 -0.000000 -1.000000
f 1535/1535/1535 1536/1536/1536 1537/1537/1537
f 1535/1535/1535 1537/1537/1537 1538/1538/1538
v -12.000000 83.200000 -52.500000
vt 0.000000 0.000000
vn -1.000000 0.000000 0.000000
v -12.000000 81.200000 -52.500000
vt 1.000000 0.000000
vn -1.000000 0.000000 0.000000
v -12.000000 88.100000 -45.000000
vt 1.000000 1.000000
vn -1.000000 0.000000 0.000000
v -12.000000 90.100000 -45.000000
vt 0.000000 1.000000
vn -1.000000 0.000000 0.000000
f 1539/1539/1539 1540/1540/1540 1541/1541/1541
f 1539/1539/1539 1541/1541/1541 1542/1542/1542
v 49.250000 90.100000 -45.000000
vt 0.000000 0.000000
vn 0.000000 0.735931 -0.677057
v 61.000000 90.100000 -45.000000
vt 1.000000 0.000000
vn 0.000000 0.735931 -0.677057
v 61.000000 83.200000 -52.500000
vt 1.000000 1.000000
vn 0.000000 0.735931 -0.677057
v 49.250000 83.200000 -52.500000
vt 0.000000 1.000000
vn 0.000000 0.735931 -0.677057
f 1543/1543/1543 1544/1544/1544 1545/1545/1545
f 1543/1543/1543 1545/1545/1545 1546/1546/1546
v 49.250000 81.200000 -52.500000
vt 0.000000 0.000000
vn 0.000000 -0.735931 0.677057
v 61.000000 81.200000 -52.500000
vt 1.000000 0.000000
vn 0.000000 -0.735931 0.677057
v 61.000000 88.100000 -45.000000
vt 1.000000 1.000000
vn 0.000000 -0.735931 0.677057
v 49.250000 88.100000 -45.000000
vt 0.000000 1.000000
vn 0.000000 -0.735931 0.677057
f 1547/1547/1547 1548/1548/1548 1549/1549/1549
f 1547/1547/1547 1549/1549/1549 1550/1550/1550
v 49.250000 90.100000 -45.000000
vt 0.000000 0.000000
vn 0.000000 0.000000 1.000000
v 49.250000 88.100000 -45.000000
vt 1.000000 0.000000
vn 0.000000 0.000000 1.000000
v 61.000000 88.100000 -45.000000
vt 1.000000 1.000000
vn 0.000000 0.000000 1.000000
v 61.000000 90.100000 -45.000000
vt 0.000000 1.000000
vn 0.000000 0.000000 1.000000
f 1551/1551/1551 1552/1552/1552 1553/1553/1553
f 1551/1551/1551 1553/1553/1553 1554/1554/1554
v 61.000000 90.100000 -45.000000
vt 0.000000 0.000000
vn 1.000000 0.000000 0.000000
v 61.000000 88.100000 -45.000000
vt 1.000000 0.000000
vn 1.000000 0.000000 0.000000
v 61.000000 81.200000 -52.500000
vt 1.000000 1.000000
vn 1.000000 0.000000 0.000000
v 61.000000 83.200000 -52.500000
vt 0.000000 1.000000
vn 1.000000 0.000000 0.000000
f 1555/1555/1555 1556/1556/1556 1557/1557/1557
f 1555/1555/1555 1557/1557/1557 1558/1558/1558
v 61.000000 83.200000 -52.500000
vt 0.000000 0.000000
vn 0.000000 -0.000000 -1.000000
v 61.000000 81.200000 -52.500000
vt 1.000000 0.000000
vn 0.000000 -0.000000 -1.000000
v 49.250000 81.200000 -52.500000
vt 1.000000 1.000000
vn 0.000000 -0.000000 -1.000000
v 49.250000 83.200000 -52.500000
vt 0.000000 1.000000
vn 0.000000 -0.000000 -1.000000
f 1559/1559/1559 1560/1560/1560 1561/1561/1561
f 1559/1559/1559 1561/1561/1561 1562/1562/1562
v 49.250000 83.200000 -52.500000
vt 0.000000 0.000000
vn -1.000000 0.000000 0.000000
v 49.250000 81.200000 -52.500000
vt 1.000000 0.000000
vn -1.000000 0.000000 0.000000
v 49.250000 88.100000 -45.000000
vt 1.000000 1.000000
vn -1.000000 0.000000 0.000000
v 49.250000 90.100000 -45.000000
vt 0.000000 1.000000
vn -1.000000 0.000000 0.000000
f 1563/1563/1563 1564/1564/1564 1565/1565/1565
f 1563/1563/1563 1565/1565/1565 1566/1566/1566
v -97.750000 124.600000 7.500000
vt 0.000000 0.000000
vn -0.000000 0.735931 0.677057
v -86.000000 124.600000 7.500000
vt 1.000000 0.000000
vn -0.000000 0.735931 0.677057
v -86.000000 131.500000 0.000000
vt 1.000000 1.000000
vn -0.000000 0.735931 0.677057
v -97.750000 131.500000 0.000000
vt 0.000000 1.000000
vn -0.000000 0.735931 0.677057
f 1567/1567/1567 1568/1568/1568 1569/1569/1569
f 1567/1567/1567 1569/1569/1569 1570/1570/1570
v -97.750000 129.500000 0.000000
vt 0.000000 0.000000
vn 0.000000 -0.735931 -0.677057
v -86.000000 129.500000 0.000000
vt 1.000000 0.000000
vn 0.000000 -0.735931 -0.677057
v -86.000000 122.600000 7.500000
vt 1.000000 1.000000
vn 0.000000 -0.735931 -0.677057
v -97.750000 122.600000 7.500000
vt 0.000000 1.000000
vn 0.000000 -0.735931 -0.677057
f 1571/1571/1571 1572/1572/1572 1573/1573/1573
f 1571/1571/1571 1573/1573/1573 1574/1574/1574
v -97.750000 124.600000 7.500000
vt 0.000000 0.000000
vn 0.000000 0.000000 1.000000
v -97.750000 122.600000 7.500000
vt 1.000000 0.000000
vn 0.000000 0.000000 1.000000
v -86.000000 122.600000 7.500000
vt 1.000000 1.000000
vn 0.000000 0.000000 1.000000
v -86.000000 124.600000 7.500000
vt 0.000000 1.000000
vn 0.000000 0.000000 1.000000
f 1575/1575/1575 1576/1576/1576 1577/1577/1577
f 1575/1575/1575 1577/1577/1577 1578/1578/1578
v -86.000000 124.600000 7.500000
vt 0.000000 0.000000
vn 1.000000 0.000000 0.000000
v -86.000000 122.600000 7.500000
vt 1.000000 0.000000
vn 1.000000 0.000000 0.000000
v -86.000000 129.500000 0.000000
vt 1.000000 1.000000
vn 1.000000 0.000000 0.000000
v -86.000000 131.500000 0.000000
vt 0.000000 1.000000
vn 1.000000 0.000000 0.000000
f 1579/1579/1579 1580/1580/1580 1581/1581/1581
f 1579/1579/1579 1581/1581/1581 1582/1582/1582
v -86.000000 131.500000 0.000000
vt 0.000000 0.000000
vn 0.000000 -0.000000 -1.000000
v -86.000000 129.500000 0.000000
vt 1.000000 0.000000
vn 0.000000 -0.000000 -1.000000
v -97.750000 129.500000 0.000000
vt 1.000000 1.000000
vn 0.000000 -0.000000 -1.000000
v -97.750000 131.500000 0.000000
vt 0.000000 1.000000
vn 0.000000 -0.000000 -1.000000
f 1583/1583/1583 1584/1584/1584 1585/1585/1585
f 1583/1583/1583 1585/1585/1585 1586/1586/1586
v -97.750000 131.500000 0.000000
vt 0.000000 0.000000
vn -1.000000 0.000000 0.000000
v -97.750000 129.500000 0.000000
vt 1.000000 0.000000
vn -1.000000 0.000000 0.000000
v -97.750000 122.600000 7.500000
vt 1.000000 1.000000
vn -1.000000 0.000000 0.000000
v -97.750000 124.600000 7.500000
vt 0.000000 1.000000
vn -1.000000 0.000000 0.000000
f 1587/1587/1587 1588/1588/1588 1589/1589/1589
f 1587/1587/1587 1589/1589/1589 1590/1590/1590
v -73.250000 124.600000 7.500000
vt 0.000000 0.000000
vn -0.000000 0.735931 0.677057
v -61.500000 124.600000 7.500000
vt 1.000000 0.000000
vn -0.000000 0.735931 0.677057
v -61.500000 131.500000 0.000000
vt 1.000000 1.000000
vn -0.000000 0.735931 0.677057
v -73.250000 131.500000 0.000000
vt 0.000000 1.000000
vn -0.000000 0.735931 0.677057
f 1591/1591/1591 1592/1592/1592 1593/1593/1593
f 1591/1591/1591 1593/1593/1593 1594/1594/1594
v -73.250000 129.500000 0.000000
vt 0.000000 0.000000
vn 0.000000 -0.735931 -0.677057
v -61.500000 129.500000 0.000000
vt 1.000000 0.000000
vn 0.000000 -0.735931 -0.677057
v -61.500000 122.600000 7.500000
vt 1.000000 1.000000
vn 0.000000 -0.735931 -0.677057
v -73.250000 122.600000 7.500000
vt 0.000000 1.000000
vn 0.000000 -0.735931 -0.677057
f 1595/1595/1595 1596/1596/1596 1597/1597/1597
f 1595/1595/1595 1597/1597/1597 1598/1598/1598
v -73.250000 124.600000 7.500000
vt 0.000000 0.000000
vn 0.000000 0.000000 1.000000
v -73.250000 122.600000 7.500000
vt 1.000000 0.000000
vn 0.000000 0.000000 1.000000
v -61.500000 122.600000 7.500000
vt 1.000000 1.000000
vn 0.000000 0.000000 1.000000
v -61.500000 124.600000 7.500000
vt 0.000000 1.000000
vn 0.000000 0.000000 1.000000
f 1599/1599/1599 1600/1600/1600 1601/1601/1601
f 1599/1599/1599 1601/1601/1601 1602/1602/1602
v -61.500000 124.600000 7.500000
vt 0.000000 0.000000
vn 1.000000 0.000000 0.000000
v -61.500000 122.600000 7.500000
vt 1.000000 0.000000
vn 1.000000 0.000000 0.000000
v -61.500000 129.500000 0.000000
vt 1.000000 1.000000
vn 1.000000 0.000000 0.000000
v -61.500000 131.500000 0.000000
vt 0.000000 1.000000
vn 1.000000 0.000000 0.000000
f 1603/1603/1603 1604/1604/1604 1605/1605/1605
f 1603/1603/1603 1605/1605/1605 1606/1606/1606
v -61.500000 131.500000 0.000000
vt 0.000000 0.000000
vn 0.000000 -0.000000 -1.000000
v -61.500000 129.500000 0.000000
vt 1.000000 0.000000
vn 0.000000 -0.000000 -1.000000
v -73.250000 129.500000 0.000000
vt 1.000000 1.000000
vn 0.000000 -0.000000 -1.000000
v -73.250000 131.500000 0.000000
vt 0.000000 1.000000
vn 0.000000 -0.000000 -1.000000
f 1607/1607/1607 1608/1608/1608 1609/1609/1609
f 1607/1607/1607 1609/1609/1609 1610/1610/1610
v -73.250000 131.500000 0.000000
vt 0.000000 0.000000
vn -1.000000 0.000000 0.000000
v -73.250000 129.500000 0.000000
vt 1.000000 0.000000
vn -1.000000 0.000000 0.000000
v -73.250000 122.600000 7.500000
vt 1.000000 1.000000
vn -1.000000 0.000000 0.000000
v -73.250000 124.600000 7.500000
vt 0.000000 1.000000
vn -1.000000 0.000000 0.000000
f 1611/1611/1611 1612/1612/1612 1613/1613/1613
f 1611/1611/1611 1613/1613/1613 1614/1614/1614
v 37.000000 124.600000 7.500000
vt 0.000000 0.000000
vn -0.000000 0.735931 0.677057
v 48.750000 124.600000 7.500000
vt 1.000000 0.000000
vn -0.000000 0.735931 0.677057
v 48.750000 131.500000 0.000000
vt 1.000000 1.000000
vn -0.000000 0.735931 0.677057
v 37.000000 131.500000 0.000000
vt 0.000000 1.000000
vn -0.000000 0.735931 0.677057
f 1615/1615/1615 1616/1616/1616 1617/1617/1617
f 1615/1615/1615 1617/1617/1617 1618/1618/1618
v 37.000000 129.500000 0.000000
vt 0.000000 0.000000
vn 0.000000 -0.735931 -0.677057
v 48.750000 129.500000 0.000000
vt 1.000000 0.000000
vn 0.000000 -0.735931 -0.677057
v 48.750000 122.600000 7.500000
vt 1.000000 1.000000
vn 0.000000 -0.735931 -0.677057
v 37.000000 122.600000 7.500000
vt 0.000000 1.000000
vn 0.000000 -0.735931 -0.677057
f 1619/1619/1619 1620/1620/1620 1621/1621/1621
f 1619/1619/1619 1621/1621/1621 1622/1622/1622
v 37.000000 124.600000 7.500000
vt 0.000000 0.000000
vn 0.000000 0.000000 1.000000
v 37.000000 122.600000 7.500000
vt 1.000000 0.000000
vn 0.000000 0.000000 1.000000
v 48.750000 122.600000 7.500000
vt 1.000000 1.000000
vn 0.000000 0.000000 1.000000
v 48.750000 124.600000 7.500000
vt 0.000000 1.000000
vn 0.000000 0.000000 1.000000
f 1623/1623/1623 1624/1624/1624 1625/1625/1625
f 1623/1623/1623 1625/1625/1625 1626/1626/1626
v 48.750000 124.600000 7.500000
vt 0.000000 0.000000
vn 1.000000 0.000000 0.000000
v 48.750000 122.600000 7.500000
vt 1.000000 0.000000
vn 1.000000 0.000000 0.000000
v 48.750000 129.500000 0.000000
vt 1.000000 1.000000
vn 1.000000 0.000000 0.000000
v 48.750000 131.500000 0.000000
vt 0.000000 1.000000
vn 1.000000 0.000000 0.000000
f 1627/1627/1627 1628/1628/1628 1629/1629/1629
f 1627/1627/1627 1629/1629/1629 1630/1630/1630
v 48.750000 131.500000 0.000000
vt 0.000000 0.000000
vn 0.000000 -0.000000 -1.000000
v 48.750000 129.500000 0.000000
vt 1.000000 0.000000
vn 0.000000 -0.000000 -1.000000
v 37.000000 129.500000 0.000000
vt 1.000000 1.000000
vn 0.000000 -0.000000 -1.000000
v 37.000000 131.500000 0.000000
vt 0.000000 1.000000
vn 0.000000 -0.000000 -1.000000
f 1631/1631/1631 1632/1632/1632 1633/1633/1633
f 1631/1631/1631 1633/1633/1633 1634/1634/1634
v 37.000000 131.500000 0.000000
vt 0.000000 0.000000
vn -1.000000 0.000000 0.000000
v 37.000000 129.500000 0.000000
vt 1.000000 0.000000
vn -1.000000 0.000000 0.000000
v 37.000000 122.600000 7.500000
vt 1.000000 1.000000
vn -1.000000 0.000000 0.000000
v 37.000000 124.600000 7.500000
vt 0.000000 1.000000
vn -1.000000 0.000000 0.000000
f 1635/1635/1635 1636/1636/1636 1637/1637/1637
f 1635/1635/1635 1637/1637/1637 1638/1638/1638
v 61.500000 124.600000 7.500000
vt 0.000000 0.000000
vn -0.000000 0.735931 0.677057
v 73.250000 124.600000 7.500000
vt 1.000000 0.000000
vn -0.000000 0.735931 0.677057
v 73.250000 131.500000 0.000000
vt 1.000000 1.000000
vn -0.000000 0.735931 0.677057
v 61.500000 131.500000 0.000000
vt 0.000000 1.000000
vn -0.000000 0.735931 0.677057
f 1639/1639/1639 1640/1640/1640 1641/1641/1641
f 1639/1639/1639 1641/1641/1641 1642/1642/1642
v 61.500000 129.500000 0.000000
vt 0.000000 0.000000
vn 0.000000 -0.735931 -0.677057
v 73.250000 129.500000 0.000000
vt 1.000000 0.000000
vn 0.000000 -0.735931 -0.677057
v 73.250000 122.600000 7.500000
vt 1.000000 1.000000
vn 0.000000 -0.735931 -0.677057
v 61.500000 122.600000 7.500000
vt 0.000000 1.000000
vn 0.000000 -0.735931 -0.677057
f 1643/1643/1643 1644/1644/1644 1645/1645/1645
f 1643/1643/1643 1645/1645/1645 1646/1646/1646
v 61.500000 124.600000 7.500000
vt 0.000000 0.000000
vn 0.000000 0.000000 1.000000
v 61.500000 122.600000 7.500000
vt 1.000000 0.000000
vn 0.000000 0.000000 1.000000
v 73.250000 122.600000 7.500000
vt 1.000000 1.000000
vn 0.000000 0.000000 1.000000
v 73.250000 124.600000 7.500000
vt 0.000000 1.000000
vn 0.000000 0.000000 1.000000
f 1647/1647/1647 1648/1648/1648 1649/1649/1649
f 1647/1647/1647 1649/1649/1649 1650/1650/1650
v 73.250000 124.600000 7.500000
vt 0.000000 0.000000
vn 1.000000 0.000000 0.000000
v 73.250000 122.600000 7.500000
vt 1.000000 0.000000
vn 1.000000 0.000000 0.000000
v 73.250000 129.500000 0.000000
vt 1.000000 1.000000
vn 1.000000 0.000000 0.000000
v 73.250000 131.500000 0.000000
vt 0.000000 1.000000
vn 1.000000 0.000000 0.000000
f 1651/1651/1651 1652/1652/1652 1653/1653/1653
f 1651/1651/1651 1653/1653/1653 1654/1654/1654
v 73.250000 131.500000 0.000000
vt 0.000000 0.000000
vn 0.000000 -0.000000 -1.000000
v 73.250000 129.500000 0.000000
vt 1.000000 0.000000
vn 0.000000 -0.000000 -1.000000
v 61.500000 129.500000 0.000000
vt 1.000000 1.000000
vn 0.000000 -0.000000 -1.000000
v 61.500000 131.500000 0.000000
vt 0.000000 1.000000
vn 0.000000 -0.000000 -1.000000
f 1655/1655/1655 1656/1656/1656 1657/1657/1657
f 1655/1655/1655 1657/1657/1657 1658/1658/1658
v 61.500000 131.500000 0.000000
vt 0.000000 0.000000
vn -1.000000 0.000000 0.000000
v 61.500000 129.500000 0.000000
vt 1.000000 0.000000
vn -1.000000 0.000000 0.000000
v 61.500000 122.600000 7.500000
vt 1.000000 1.000000
vn -1.000000 0.000000 0.000000
v 61.500000 124.600000 7.500000
vt 0.000000 1.000000
vn -1.000000 0.000000 0.000000
f 1659/1659/1659 1660/1660/1660 1661/1661/1661
f 1659/1659/1659 1661/1661/1661 1662/1662/1662
v -61.000000 117.700000 15.000000
vt 0.000000 0.000000
vn -0.000000 0.735931 0.677057
v -49.250000 117.700000 15.000000
vt 1.000000 0.000000
vn -0.000000 0.735931 0.677057
v -49.250000 124.600000 7.500000
vt 1.000000 1.000000
vn -0.000000 0.735931 0.677057
v -61.000000 124.600000 7.500000
vt 0.000000 1.000000
vn -0.000000 0.735931 0.677057
f 1663/1663/1663 1664/1664/1664 1665/1665/1665
f 1663/1663/1663 1665/1665/1665 1666/1666/1666
v -61.000000 122.600000 7.500000
vt 0.000000 0.000000
vn 0.000000 -0.735931 -0.677057
v -49.250000 122.600000 7.500000
vt 1.000000 0.000000
vn 0.000000 -0.735931 -0.677057
v -49.250000 115.700000 15.000000
vt 1.000000 1.000000
vn 0.000000 -0.735931 -0.677057
v -61.000000 115.700000 15.000000
vt 0.000000 1.000000
vn 0.000000 -0.735931 -0.677057
f 1667/1667/1667 1668/1668/1668 1669/1669/1669
f 1667/1667/1667 1669/1669/1669 1670/1670/1670
v -61.000000 117.700000 15.000000
vt 0.000000 0.000000
vn 0.000000 0.000000 1.000000
v -61.000000 115.700000 15.000000
vt 1.000000 0.000000
vn 0.000000 0.000000 1.000000
v -49.250000 115.700000 15.000000
vt 1.000000 1.000000
vn 0.000000 0.000000 1.000000
v -49.250000 117.700000 15.000000
vt 0.000000 1.000000
vn 0.000000 0.000000 1.000000
f 1671/1671/1671 1672/1672/1672 1673/1673/1673
f 1671/1671/1671 1673/1673/1673 1674/1674/1674
v -49.250000 117.700000 15.000000
vt 0.000000 0.000000
vn 1.000000 0.000000 0.000000
v -49.250000 115.700000 15.000000
vt 1.000000 0.000000
vn 1.000000 0.000000 0.000000
v -49.250000 122.600000 7.500000
vt 1.000000 1.000000
vn 1.000000 0.000000 0.000000
v -49.250000 124.600000 7.500000
vt 0.000000 1.000000
vn 1.000000 0.000000 0.000000
f 1675/1675/1675 1676/1676/1676 1677/1677/1677
f 1675/1675/1675 1677/1677/1677 1678/1678/1678
v -49.250000 124.600000 7.500000
vt 0.000000 0.000000
vn 0.000000 -0.000000 -1.000000
v -49.250000 122.600000 7.500000
vt 1.000000 0.000000
vn 0.000000 -0.000000 -1.000000
v -61.000000 122.600000 7.500000
vt 1.000000 1.000000
vn 0.000000 -0.000000 -1.000000
v -61.000000 124.600000 7.500000
vt 0.000000 1.000000
vn 0.000000 -0.000000 -1.000000
f 1679/1679/1679 1680/1680/1680 1681/1681/1681
f 1679/1679/1679 1681/1681/1681 1682/1682/1682
v -61.000000 124.600000 7.500000
vt 0.000000 0.000000
vn -1.000000 0.000000 0.000000
v -61.000000 122.600000 7.500000
vt 1.000000 0.000000
vn -1.000000 0.000000 0.000000
v -61.000000 115.700000 15.000000
vt 1.000000 1.000000
vn -1.000000 0.000000 0.000000
v -61.000000 117.700000 15.000000
vt 0.000000 1.000000
vn -1.000000 0.000000 0.000000
f 1683/1683/1683 1684/1684/1684 1685/1685/1685
f 1683/1683/1683 1685/1685/1685 1686/1686/1686
v 12.500000 117.700000 15.000000
vt 0.000000 0.000000
vn -0.000000 0.735931 0.677057
v 24.250000 117.700000 15.000000
vt 1.000000 0.000000
vn -0.000000 0.735931 0.677057
v 24.250000 124.600000 7.500000
vt 1.000000 1.000000
vn -0.000000 0.735931 0.677057
v 12.500000 124.600000 7.500000
vt 0.000000 1.000000
vn -0.000000 0.735931 0.677057
f 1687/1687/1687 1688/1688/1688 1689/1689/1689
f 1687/1687/1687 1689/1689/1689 1690/1690/1690
v 12.500000 122.600000 7.500000
vt 0.000000 0.000000
vn 0.000000 -0.735931 -0.677057
v 24.250000 122.600000 7.500000
vt 1.000000 0.000000
vn 0.000000 -0.735931 -0.677057
v 24.250000 115.700000 15.000000
vt 1.000000 1.000000
vn 0.000000 -0.735931 -0.677057
v 12.500000 115.700000 15.000000
vt 0.000000 1.000000
vn 0.000000 -0.735931 -0.677057
f 1691/1691/1691 1692/1692/1692 1693/1693/1693
f 1691/1691/1691 1693/1693/1693 1694/1694/1694
v 12.500000 117.700000 15.000000
vt 0.000000 0.000000
vn 0.000000 0.000000 1.000000
v 12.500000 115.700000 15.000000
vt 1.000000 0.000000
vn 0.000000 0.000000 1.000000
v 24.250000 115.700000 15.000000
vt 1.000000 1.000000
vn 0.000000 0.000000 1.000000
v 24.250000 117.700000 15.000000
vt 0.000000 1.000000
vn 0.000000 0.000000 1.000000
f 1695/1695/1695 1696/1696/1696 1697/1697/1697
f 1695/1695/1695 1697/1697/1697 1698/1698/1698
v 24.250000 117.700000 15.000000
vt 0.000000 0.000000
vn 1.000000 0.000000 0.000000
v 24.250000 115.700000 15.000000
vt 1.000000 0.000000
vn 1.000000 0.000000 0.000000
v 24.250000 122.600000 7.500000
vt 1.000000 1.000000
vn 1.000000 0.000000 0.000000
v 24.250000 124.600000 7.500000
vt 0.000000 1.000000
vn 1.000000 0.000000 0.000000
f 1699/1699/1699 1700/1700/1700 1701/1701/1701
f 1699/1699/1699 1701/1701/1701 1702/1702/1702
v 24.250000 124.600000 7.500000
vt 0.000000 0.000000
vn 0.000000 -0.000000 -1.000000
v 24.250000 122.600000 7.500000
vt 1.000000 0.000000
vn 0.000000 -0.000000 -1.000000
v 12.500000 122.600000 7.500000
vt 1.000000 1.000000
vn 0.000000 -0.000000 -1.000000
v 12.500000 124.600000 7.500000
vt 0.000000 1.000000
vn 0.000000 -0.000000 -1.000000
f 1703/1703/1703 1704/1704/1704 1705/1705/1705
f 1703/1703/1703 1705/1705/1705 1706/1706/1706
v 12.500000 124.600000 7.500000
vt 0.000000 0.000000
vn -1.000000 0.000000 0.000000
v 12.500000 122.600000 7.500000
vt 1.000000 0.000000
vn -1.000000 0.000000 0.000000
v 12.500000 115.700000 15.000000
vt 1.000000 1.000000
vn -1.000000 0.000000 0.000000
v 12.500000 117.700000 15.000000
vt 0.000000 1.000000
vn -1.000000 0.000000 0.000000
f 1707/1707/1707 1708/1708/1708 1709/1709/1709
f 1707/1707/1707 1709/1709/1709 1710/1710/1710
v 73.750000 117.700000 15.000000
vt 0.000000 0.000000
vn -0.000000 0.735931 0.677057
v 85.500000 117.700000 15.000000
vt 1.000000 0.000000
vn -0.000000 0.735931 0.677057
v 85.500000 124.600000 7.500000
vt 1.000000 1.000000
vn -0.000000 0.735931 0.677057
v 73.750000 124.600000 7.500000
vt 0.000000 1.000000
vn -0.000000 0.735931 0.677057
f 1711/1711/1711 1712/1712/1712 1713/1713/1713
f 1711/1711/1711 1713/1713/1713 1714/1714/1714
v 73.750000 122.600000 7.500000
vt 0.000000 0.000000
vn 0.000000 -0.735931 -0.677057
v 85.500000 122.600000 7.500000
vt 1.000000 0.000000
vn 0.000000 -0.735931 -0.677057
v 85.500000 115.700000 15.000000
vt 1.000000 1.000000
vn 0.000000 -0.735931 -0.677057
v 73.750000 115.700000 15.000000
vt 0.000000 1.000000
vn 0.000000 -0.735931 -0.677057
f 1715/1715/1715 1716/1716/1716 1717/1717/1717
f 1715/1715/1715 1717/1717/1717 1718/1718/1718
v 73.750000 117.700000 15.000000
vt 0.000000 0.000000
vn 0.000000 0.000000 1.000000
v 73.750000 115.700000 15.000000
vt 1.000000 0.000000
vn 0.000000 0.000000 1.000000
v 85.500000 115.700000 15.000000
vt 1.000000 1.000000
vn 0.000000 0.000000 1.000000
v 85.500000 117.700000 15.000000
vt 0.000000 1.000000
vn 0.000000 0.000000 1.000000
f 1719/1719/1719 1720/1720/1720 1721/1721/1721
f 1719/1719/1719 1721/1721/1721 1722/1722/1722
v 85.500000 117.700000 15.000000
vt 0.000000 0.000000
vn 1.000000 0.000000 0.000000
v 85.500000 115.700000 15.000000
vt 1.000000 0.000000
vn 1.000000 0.000000 0.000000
v 85.500000 122.600000 7.500000
vt 1.000000 1.000000
vn 1.000000 0.000000 0.000000
v 85.500000 124.600000 7.500000
vt 0.000000 1.000000
vn 1.000000 0.000000 0.000000
f 1723/1723/1723 1724/1724/1724 1725/1725/1725
f 1723/1723/1723 1725/1725/1725 1726/1726/1726
v 85.500000 124.600000 7.500000
vt 0.000000 0.000000
vn 0.000000 -0.000000 -1.000000
v 85.500000 122.600000 7.500000
vt 1.000000 0.000000
vn 0.000000 -0.000000 -1.000000
v 73.750000 122.600000 7.500000
vt 1.000000 1.000000
vn 0.000000 -0.000000 -1.000000
v 73.750000 124.600000 7.500000
vt 0.000000 1.000000
vn 0.000000 -0.000000 -1.000000
f 1727/1727/1727 1728/1728/1728 1729/1729/1729
f 1727/1727/1727 1729/1729/1729 1730/1730/1730
v 73.750000 124.600000 7.500000
vt 0.000000 0.000000
vn -1.000000 0.000000 0.000000
v 73.750000 122.600000 7.500000
vt 1.000000 0.000000
vn -1.000000 0.000000 0.000000
v 73.750000 115.700000 15.000000
vt 1.000000 1.000000
vn -1.000000 0.000000 0.000000
v 73.750000 117.700000 15.000000
vt 0.000000 1.000000
vn -1.000000 0.000000 0.000000
f 1731/1731/1731 1732/1732/1732 1733/1733/1733
f 1731/1731/1731 1733/1733/1733 1734/1734/1734
v 0.250000 110.800000 22.500000
vt 0.000000 0.000000
vn -0.000000 0.735931 0.677057
v 12.000000 110.800000 22.500000
vt 1.000000 0.000000
vn -0.000000 0.735931 0.677057
v 12.000000 117.700000 15.000000
vt 1.000000 1.000000
vn -0.000000 0.735931 0.677057
v 0.250000 117.700000 15.000000
vt 0.000000 1.000000
vn -0.000000 0.735931 0.677057
f 1735/1735/1735 1736/1736/1736 1737/1737/1737
f 1735/1735/1735 1737/1737/1737 1738/1738/1738
v 0.250000 115.700000 15.000000
vt 0.000000 0.000000
vn 0.000000 -0.735931 -0.677057
v 12.000000 115.700000 15.000000
vt 1.000000 0.000000
vn 0.000000 -0.735931 -0.677057
v 12.000000 108.800000 22.500000
vt 1.000000 1.000000
vn 0.000000 -0.735931 -0.677057
v 0.250000 108.800000 22.500000
vt 0.000000 1.000000
vn 0.000000 -0.735931 -0.677057
f 1739/1739/1739 1740/1740/1740 1741/1741/1741
f 1739/1739/1739 1741/1741/1741 1742/1742/1742
v 0.250000 110.800000 22.500000
vt 0.000000 0.000000
vn 0.000000 0.000000 1.000000
v 0.250000 108.800000 22.500000
vt 1.000000 0.000000
vn 0.000000 0.000000 1.000000
v 12.000000 108.800000 22.500000
vt 1.000000 1.000000
vn 0.000000 0.000000 1.000000
v 12.000000 110.800000 22.500000
vt 0.000000 1.000000
vn 0.000000 0.000000 1.000000
f 1743/1743/1743 1744/1744/1744 1745/1745/1745
f 1743/1743/1743 1745/1745/1745 1746/1746/1746
v 12.000000 110.800000 22.500000
vt 0.000000 0.000000
vn 1.000000 0.000000 0.000000
v 12.000000 108.800000 22.500000
vt 1.000000 0.000000
vn 1.000000 0.000000 0.000000
v 12.000000 115.700000 15.000000
vt 1.000000 1.000000
vn 1.000000 0.000000 0.000000
v 12.000000 117.700000 15.000000
vt 0.000000 1.000000
vn 1.000000 0.000000 0.000000
f 1747/1747/1747 1748/1748/1748 1749/1749/1749
f 1747/1747/1747 1749/1749/1749 1750/1750/1750
v 12.000000 117.700000 15.000000
vt 0.000000 0.000000
vn 0.000000 -0.000000 -1.000000
v 12.000000 115.700000 15.000000
vt 1.000000 0.000000
vn 0.000000 -0.000000 -1.000000
v 0.250000 115.700000 15.000000
vt 1.000000 1.000000
vn 0.000000 -0.000000 -1.000000
v 0.250000 117.700000 15.000000
vt 0.000000 1.000000
vn 0.000000 -0.000000 -1.000000
f 1751/1751/1751 1752/1752/1752 1753/1753/1753
f 1751/1751/1751 1753/1753/1753 1754/1754/1754
v 0.250000 117.700000 15.000000
vt 0.000000 0.000000
vn -1.000000 0.000000 0.000000
v 0.250000 115.700000 15.000000
vt 1.000000 0.000000
vn -1.000000 0.000000 0.000000
v 0.250000 108.800000 22.500000
vt 1.000000 1.000000
vn -1.000000 0.000000 0.000000
v 0.250000 110.800000 22.500000
vt 0.000000 1.000000
vn -1.000000 0.000000 0.000000
f 1755/1755/1755 1756/1756/1756 1757/1757/1757
f 1755/1755/1755 1757/1757/1757 1758/1758/1758
v 12.500000 110.800000 22.500000
vt 0.000000 0.000000
vn -0.000000 0.735931 0.677057
v 24.250000 110.800000 22.500000
vt 1.000000 0.000000
vn -0.000000 0.735931 0.677057
v 24.250000 117.700000 15.000000
vt 1.000000 1.000000
vn -0.000000 0.735931 0.677057
v 12.500000 117.700000 15.000000
vt 0.000000 1.000000
vn -0.000000 0.735931 0.677057
f 1759/1759/1759 1760/1760/1760 1761/1761/1761
f 1759/1759/1759 1761/1761/1761 1762/1762/1762
v 12.500000 115.700000 15.000000
vt 0.000000 0.000000
vn 0.000000 -0.735931 -0.677057
v 24.250000 115.700000 15.000000
vt 1.000000 0.000000
vn 0.000000 -0.735931 -0.677057
v 24.250000 108.800000 22.500000
vt 1.000000 1.000000
vn 0.000000 -0.735931 -0.677057
v 12.500000 108.800000 22.500000
vt 0.000000 1.000000
vn 0.000000 -0.735931 -0.677057
f 1763/1763/1763 1764/1764/1764 1765/1765/1765
f 1763/1763/1763 1765/1765/1765 1766/1766/1766
v 12.500000 110.800000 22.500000
vt 0.000000 0.000000
vn 0.000000 0.000000 1.000000
v 12.500000 108.800000 22.500000
vt 1.000000 0.000000
vn 0.000000 0.000000 1.000000
v 24.250000 108.800000 22.500000
vt 1.000000 1.000000
vn 0.000000 0.000000 1.000000
v 24.250000 110.800000 22.500000
vt 0.000000 1.000000
vn 0.000000 0.000000 1.000000
f 1767/1767/1767 1768/1768/1768 1769/1769/1769
f 1767/1767/1767 1769/1769/1769 1770/1770/1770
v 24.250000 110.800000 22.500000
vt 0.000000 0.000000
vn 1.000000 0.000000 0.000000
v 24.250000 108.800000 22.500000
vt 1.000000 0.000000
vn 1.000000 0.000000 0.000000
v 24.250000 115.700000 15.000000
vt 1.000000 1.000000
vn 1.000000 0.000000 0.000000
v 24.250000 117.700000 15.000000
vt 0.000000 1.000000
vn 1.000000 0.000000 0.000000
f 1771/1771/1771 1772/1772/1772 1773/1773/1773
f 1771/1771/1771 1773/1773/1773 1774/1774/1774
v 24.250000 117.700000 15.000000
vt 0.000000 0.000000
vn 0.000000 -0.000000 -1.000000
v 24.250000 115.700000 15.000000
vt 1.000000 0.000000
vn 0.000000 -0.000000 -1.000000
v 12.500000 115.700000 15.000000
vt 1.000000 1.000000
vn 0.000000 -0.000000 -1.000000
v 12.500000 117.700000 15.000000
vt 0.000000 1.000000
vn 0.000000 -0.000000 -1.000000
f 1775/1775/1775 1776/1776/1776 1777/1777/1777
f 1775/1775/1775 1777/1777/1777 1778/1778/1778
v 12.500000 117.700000 15.000000
vt 0.000000 0.000000
vn -1.000000 0.000000 0.000000
v 12.500000 115.700000 15.000000
vt 1.000000 0.000000
vn -1.000000 0.000000 0.000000
v 12.500000 108.800000 22.500000
vt 1.000000 1.000000
vn -1.000000 0.000000 0.000000
v 12.500000 110.800000 22.500000
vt 0.000000 1.000000
vn -1.000000 0.000000 0.000000
f 1779/1779/1779 1780/1780/1780 1781/1781/1781
f 1779/1779/1779 1781/1781/1781 1782/1782/1782
v -61.000000 103.900000 30.000000
vt 0.000000 0.000000
vn -0.000000 0.735931 0.677057
v -49.250000 103.900000 30.000000
vt 1.000000 0.000000
vn -0.000000 0.735931 0.677057
v -49.250000 110.800000 22.500000
vt 1.000000 1.000000
vn -0.000000 0.735931 0.677057
v -61.000000 110.800000 22.500000
vt 0.000000 1.000000
vn -0.000000 0.735931 0.677057
f 1783/1783/1783 1784/1784/1784 1785/1785/1785
f 1783/1783/1783 1785/1785/1785 1786/1786/1786
v -61.000000 108.800000 22.500000
vt 0.000000 0.000000
vn 0.000000 -0.735931 -0.677057
v -49.250000 108.800000 22.500000
vt 1.000000 0.000000
vn 0.000000 -0.735931 -0.677057
v -49.250000 101.900000 30.000000
vt 1.000000 1.000000
vn 0.000000 -0.735931 -0.677057
v -61.000000 101.900000 30.000000
vt 0.000000 1.000000
vn 0.000000 -0.735931 -0.677057
f 1787/1787/1787 1788/1788/1788 1789/1789/1789
f 1787/1787/1787 1789/1789/1789 1790/1790/1790
v -61.000000 103.900000 30.000000
vt 0.000000 0.000000
vn 0.000000 0.000000 1.000000
v -61.000000 101.900000 30.000000
vt 1.000000 0.000000
vn 0.000000 0.000000 1.000000
v -49.250000 101.900000 30.000000
vt 1.000000 1.000000
vn 0.000000 0.000000 1.000000
v -49.250000 103.900000 30.000000
vt 0.000000 1.000000
vn 0.000000 0.000000 1.000000
f 1791/1791/1791 1792/1792/1792 1793/1793/1793
f 1791/1791/1791 1793/1793/1793 1794/1794/1794
v -49.250000 103.900000 30.000000
vt 0.000000 0.000000
vn 1.000000 0.000000 0.000000
v -49.250000 101.900000 30.000000
vt 1.000000 0.000000
vn 1.000000 0.000000 0.000000
v -49.250000 108.800000 22.500000
vt 1.000000 1.000000
vn 1.000000 0.000000 0.000000
v -49.250000 110.800000 22.500000
vt 0.000000 1.000000
vn 1.000000 0.000000 0.000000
f 1795/1795/1795 1796/1796/1796 1797/1797/1797
f 1795/1795/1795 1797/1797/1797 1798/1798/1798
v -49.250000 110.800000 22.500000
vt 0.000000 0.000000
vn 0.000000 -0.000000 -1.000000
v -49.250000 108.800000 22.500000
vt 1.000000 0.000000
vn 0.000000 -0.000000 -1.000000
v -61.000000 108.800000 22.500000
vt 1.000000 1.000000
vn 0.000000 -0.000000 -1.000000
v -61.000000 110.800000 22.500000
vt 0.000000 1.000000
vn 0.000000 -0.000000 -1.000000
f 1799/1799/1799 1800/1800/1800 1801/1801/1801
f 1799/1799/1799 1801/1801/1801 1802/1802/1802
v -61.000000 110.800000 22.500000
vt 0.000000 0.000000
vn -1.000000 0.000000 0.000000
v -61.000000 108.800000 22.500000
vt 1.000000 0.000000
vn -1.000000 0.000000 0.000000
v -61.000000 101.900000 30.000000
vt 1.000000 1.000000
vn -1.000000 0.000000 0.000000
v -61.000000 103.900000 30.000000
vt 0.000000 1.000000
vn -1.000000 0.000000 0.000000
f 1803/1803/1803 1804/1804/1804 1805/1805/1805
f 1803/1803/1803 1805/1805/1805 1806/1806/1806
v -24.250000 103.900000 30.000000
vt 0.000000 0.000000
vn -0.000000 0.735931 0.677057
v -12.500000 103.900000 30.000000
vt 1.000000 0.000000
vn -0.000000 0.735931 0.677057
v -12.500000 110.800000 22.500000
vt 1.000000 1.000000
vn -0.000000 0.735931 0.677057
v -24.250000 110.800000 22.500000
vt 0.000000 1.000000
vn -0.000000 0.735931 0.677057
f 1807/1807/1807 1808/1808/1808 1809/1809/1809
f 1807/1807/1807 1809/1809/1809 1810/1810/1810
v -24.250000 108.800000 22.500000
vt 0.000000 0.000000
vn 0.000000 -0.735931 -0.677057
v -12.500000 108.800000 22.500000
vt 1.000000 0.000000
vn 0.000000 -0.735931 -0.677057
v -12.500000 101.900000 30.000000
vt 1.000000 1.000000
vn 0.000000 -0.735931 -0.677057
v -24.250000 101.900000 30.000000
vt 0.000000 1.000000
vn 0.000000 -0.735931 -0.677057
f 1811/1811/1811 1812/1812/1812 1813/1813/1813
f 1811/1811/1811 1813/1813/1813 1814/1814/1814
v -24.250000 103.900000 30.000000
vt 0.000000 0.000000
vn 0.000000 0.000000 1.000000
v -24.250000 101.900000 30.000000
vt 1.000000 0.000000
vn 0.000000 0.000000 1.000000
v -12.500000 101.900000 30.000000
vt 1.000000 1.000000
vn 0.000000 0.000000 1.000000
v -12.500000 103.900000 30.000000
vt 0.000000 1.000000
vn 0.000000 0.000000 1.000000
f 1815/1815/1815 1816/1816/1816 1817/1817/1817
f 1815/1815/1815 1817/1817/1817 1818/1818/1818
v -12.500000 103.900000 30.000000
vt 0.000000 0.000000
vn 1.000000 0.000000 0.000000
v -12.500000 101.900000 30.000000
vt 1.000000 0.000000
vn 1.000000 0.000000 0.000000
v -12.500000 108.800000 22.500000
vt 1.000000 1.000000
vn 1.000000 0.000000 0.000000
v -12.500000 110.800000 22.500000
vt 0.000000 1.000000
vn 1.000000 0.000000 0.000000
f 1819/1819/1819 1820/1820/1820 1821/1821/1821
f 1819/1819/1819 1821/1821/1821 1822/1822/1822
v -12.500000 110.800000 22.500000
vt 0.000000 0.000000
vn 0.000000 -0.000000 -1.000000
v -12.500000 108.800000 22.500000
vt 1.000000 0.000000
vn 0.000000 -0.000000 -1.000000
v -24.250000 108.800000 22.500000
vt 1.000000 1.000000
vn 0.000000 -0.000000 -1.000000
v -24.250000 110.800000 22.500000
vt 0.000000 1.000000
vn 0.000000 -0.000000 -1.000000
f 1823/1823/1823 1824/1824/1824 1825/1825/1825
f 1823/1823/1823 1825/1825/1825 1826/1826/1826
v -24.250000 110.800000 22.500000
vt 0.000000 0.000000
vn -1.000000 0.000000 0.000000
v -24.250000 108.800000 22.500000
vt 1.000000 0.000000
vn -1.000000 0.000000 0.000000
v -24.250000 101.900000 30.000000
vt 1.000000 1.000000
vn -1.000000 0.000000 0.000000
v -24.250000 103.900000 30.000000
vt 0.000000 1.000000
vn -1.000000 0.000000 0.000000
f 1827/1827/1827 1828/1828/1828 1829/1829/1829
f 1827/1827/1827 1829/1829/1829 1830/1830/1830
v 73.750000 103.900000 30.000000
vt 0.000000 0.000000
vn -0.000000 0.735931 0.677057
v 85.500000 103.900000 30.000000
vt 1.000000 0.000000
vn -0.000000 0.735931 0.677057
v 85.500000 110.800000 22.500000
vt 1.000000 1.000000
vn -0.000000 0.735931 0.677057
v 73.750000 110.800000 22.500000
vt 0.000000 1.000000
vn -0.000000 0.735931 0.677057
f 1831/1831/1831 1832/1832/1832 1833/1833/1833
f 1831/1831/1831 1833/1833/1833 1834/1834/1834
v 73.750000 108.800000 22.500000
vt 0.000000 0.000000
vn 0.000000 -0.735931 -0.677057
v 85.500000 108.800000 22.500000
vt 1.000000 0.000000
vn 0.000000 -0.735931 -0.677057
v 85.500000 101.900000 30.000000
vt 1.000000 1.000000
vn 0.000000 -0.735931 -0.677057
v 73.750000 101.900000 30.000000
vt 0.000000 1.000000
vn 0.000000 -0.735931 -0.677057
f 1835/1835/1835 1836/1836/1836 1837/1837/1837
f 1835/1835/1835 1837/1837/1837 1838/1838/1838
v 73.750000 103.900000 30.000000
vt 0.000000 0.000000
vn 0.000000 0.000000 1.000000
v 73.750000 101.900000 30.000000
vt 1.000000 0.000000
vn 0.000000 0.000000 1.000000
v 85.500000 101.900000 30.000000
vt 1.000000 1.000000
vn 0.000000 0.000000 1.000000
v 85.500000 103.900000 30.000000
vt 0.000000 1.000000
vn 0.000000 0.000000 1.000000
f 1839/1839/1839 1840/1840/1840 1841/1841/1841
f 1839/1839/1839 1841/1841/1841 1842/1842/1842
v 85.500000 103.900000 30.000000
vt 0.000000 0.000000
vn 1.000000 0.000000 0.000000
v 85.500000 101.900000 30.000000
vt 1.000000 0.000000
vn 1.000000 0.000000 0.000000
v 85.500000 108.800000 22.500000
vt 1.000000 1.000000
vn 1.000000 0.000000 0.000000
v 85.500000 110.800000 22.500000
vt 0.000000 1.000000
vn 1.000000 0.000000 0.000000
f 1843/1843/1843 1844/1844/1844 1845/1845/1845
f 1843/1843/1843 1845/1845/1845 1846/1846/1846
v 85.500000 110.800000 22.500000
vt 0.000000 0.000000
vn 0.000000 -0.000000 -1.000000
v 85.500000 108.800000 22.500000
vt 1.000000 0.000000
vn 0.000000 -0.000000 -1.000000
v 73.750000 108.800000 22.500000
vt 1.000000 1.000000
vn 0.000000 -0.000000 -1.000000
v 73.750000 110.800000 22.500000
vt 0.000000 1.000000
vn 0.000000 -0.000000 -1.000000
f 1847/1847/1847 1848/1848/1848 1849/1849/1849
f 1847/1847/1847 1849/1849/1849 1850/1850/1850
v 73.750000 110.800000 22.500000
vt 0.000000 0.000000
vn -1.000000 0.000000 0.000000
v 73.750000 108.800000 22.500000
vt 1.000000 0.000000
vn -1.000000 0.000000 0.000000
v 73.750000 101.900000 30.000000
vt 1.000000 1.000000
vn -1.000000 0.000000 0.000000
v 73.750000 103.900000 30.000000
vt 0.000000 1.000000
vn -1.000000 0.000000 0.000000
f 1851/1851/1851 1852/1852/1852 1853/1853/1853
f 1851/1851/1851 1853/1853/1853 1854/1854/1854
v -48.750000 97.000000 37.500000
vt 0.000000 0.000000
vn -0.000000 0.735931 0.677057
v -37.000000 97.000000 37.500000
vt 1.000000 0.000000
vn -0.000000 0.735931 0.677057
v -37.000000 103.900000 30.000000
vt 1.000000 1.000000
vn -0.000000 0.735931 0.677057
v -48.750000 103.900000 30.000000
vt 0.000000 1.000000
vn -0.000000 0.735931 0.677057
f 1855/1855/1855 1856/1856/1856 1857/1857/1857
f 1855/1855/1855 1857/1857/1857 1858/1858/1858
v -48.750000 101.900000 30.000000
vt 0.000000 0.000000
vn 0.000000 -0.735931 -0.677057
v -37.000000 101.900000 30.000000
vt 1.000000 0.000000
vn 0.000000 -0.735931 -0.677057
v -37.000000 95.000000 37.500000
vt 1.000000 1.000000
vn 0.000000 -0.735931 -0.677057
v -48.750000 95.000000 37.500000
vt 0.000000 1.000000
vn 0.000000 -0.735931 -0.677057
f 1859/1859/1859 1860/1860/1860 1861/1861/1861
f 1859/1859/1859 1861/1861/1861 1862/1862/1862
v -48.750000 97.000000 37.500000
vt 0.000000 0.000000
vn 0.000000 0.000000 1.000000
v -48.750000 95.000000 37.500000
vt 1.000000 0.000000
vn 0.000000 0.000000 1.000000
v -37.000000 95.000000 37.500000
vt 1.000000 1.000000
vn 0.000000 0.000000 1.000000
v -37.000000 97.000000 37.500000
vt 0.000000 1.000000
vn 0.000000 0.000000 1.000000
f 1863/1863/1863 1864/1864/1864 1865/1865/1865
f 1863/1863/1863 1865/1865/1865 1866/1866/1866
v -37.000000 97.000000 37.500000
vt 0.000000 0.000000
vn 1.000000 0.000000 0.000000
v -37.000000 95.000000 37.500000
vt 1.000000 0.000000
vn 1.000000 0.000000 0.000000
v -37.000000 101.900000 30.000000
vt 1.000000 1.000000
vn 1.000000 0.000000 0.000000
v -37.000000 103.900000 30.000000
vt 0.000000 1.000000
vn 1.000000 0.000000 0.000000
f 1867/1867/1867 1868/1868/1868 1869/1869/1869
f 1867/1867/1867 1869/1869/1869 1870/1870/1870
v -37.000000 103.900000 30.000000
vt 0.000000 0.000000
vn 0.000000 -0.000000 -1.000000
v -37.000000 101.900000 30.000000
vt 1.000000 0.000000
vn 0.000000 -0.000000 -1.000000
v -48.750000 101.900000 30.000000
vt 1.000000 1.000000
vn 0.000000 -0.000000 -1.000000
v -48.750000 103.900000 30.000000
vt 0.000000 1.000000
vn 0.000000 -0.000000 -1.000000
f 1871/1871/1871 1872/1872/1872 1873/1873/1873
f 1871/1871/1871 1873/1873/1873 1874/1874/1874
v -48.750000 103.900000 30.000000
vt 0.000000 0.000000
vn -1.000000 0.000000 0.000000
v -48.750000 101.900000 30.000000
vt 1.000000 0.000000
vn -1.000000 0.000000 0.000000
v -48.750000 95.000000 37.500000
vt 1.000000 1.000000
vn -1.000000 0.000000 0.000000
v -48.750000 97.000000 37.500000
vt 0.000000 1.000000
vn -1.000000 0.000000 0.000000
f 1875/1875/1875 1876/1876/1876 1877/1877/1877
f 1875/1875/1875 1877/1877/1877 1878/1878/1878
v -12.000000 97.000000 37.500000
vt 0.000000 0.000000
vn -0.000000 0.735931 0.677057
v -0.250000 97.000000 37.500000
vt 1.000000 0.000000
vn -0.000000 0.735931 0.677057
v -0.250000 103.900000 30.000000
vt 1.000000 1.000000
vn -0.000000 0.735931 0.677057
v -12.000000 103.900000 30.000000
vt 0.000000 1.000000
vn -0.000000 0.735931 0.677057
f 1879/1879/1879 1880/1880/1880 1881/1881/1881
f 1879/1879/1879 1881/1881/1881 1882/1882/1882
v -12.000000 101.900000 30.000000
vt 0.000000 0.000000
vn 0.000000 -0.735931 -0.677057
v -0.250000 101.900000 30.000000
vt 1.000000 0.000000
vn 0.000000 -0.735931 -0.677057
v -0.250000 95.000000 37.500000
vt 1.000000 1.000000
vn 0.000000 -0.735931 -0.677057
v -12.000000 95.000000 37.500000
vt 0.000000 1.000000
vn 0.000000 -0.735931 -0.677057
f 1883/1883/1883 1884/1884/1884 1885/1885/1885
f 1883/1883/1883 1885/1885/1885 1886/1886/1886
v -12.000000 97.000000 37.500000
vt 0.000000 0.000000
vn 0.000000 0.000000 1.000000
v -12.000000 95.000000 37.500000
vt 1.000000 0.000000
vn 0.000000 0.000000 1.000000
v -0.250000 95.000000 37.500000
vt 1.000000 1.000000
vn 0.000000 0.000000 1.000000
v -0.250000 97.000000 37.500000
vt 0.000000 1.000000
vn 0.000000 0.000000 1.000000
f 1887/1887/1887 1888/1888/1888 1889/1889/1889
f 1887/1887/1887 1889/1889/1889 1890/1890/1890
v -0.250000 97.000000 37.500000
vt 0.000000 0.000000
vn 1.000000 0.000000 0.000000
v -0.250000 95.000000 37.500000
vt 1.000000 0.000000
vn 1.000000 0.000000 0.000000
v -0.250000 101.900000 30.000000
vt 1.000000 1.000000
vn 1.000000 0.000000 0.000000
v -0.250000 103.900000 30.000000
vt 0.000000 1.000000
vn 1.000000 0.000000 0.000000
f 1891/1891/1891 1892/1892/1892 1893/1893/1893
f 1891/1891/1891 1893/1893/1893 1894/1894/1894
v -0.250000 103.900000 30.000000
vt 0.000000 0.000000
vn 0.000000 -0.000000 -1.000000
v -0.250000 101.900000 30.000000
vt 1.000000 0.000000
vn 0.000000 -0.000000 -1.000000
v -12.000000 101.900000 30.000000
vt 1.000000 1.000000
vn 0.000000 -0.000000 -1.000000
v -12.000000 103.900000 30.000000
vt 0.000000 1.000000
vn 0.000000 -0.000000 -1.000000
f 1895/1895/1895 1896/1896/1896 1897/1897/1897
f 1895/1895/1895 1897/1897/1897 1898/1898/1898
v -12.000000 103.900000 30.000000
vt 0.000000 0.000000
vn -1.000000 0.000000 0.000000
v -12.000000 101.900000 30.000000
vt 1.000000 0.000000
vn -1.000000 0.000000 0.000000
v -12.000000 95.000000 37.500000
vt 1.000000 1.000000
vn -1.000000 0.000000 0.000000
v -12.000000 97.000000 37.500000
vt 0.000000 1.000000
vn -1.000000 0.000000 0.000000
f 1899/1899/1899 1900/1900/1900 1901/1901/1901
f 1899/1899/1899 1901/1901/1901 1902/1902/1902
v 86.000000 97.000000 37.500000
vt 0.000000 0.000000
vn -0.000000 0.735931 0.677057
v 97.750000 97.000000 37.500000
vt 1.000000 0.000000
vn -0.000000 0.735931 0.677057
v 97.750000 103.900000 30.000000
vt 1.000000 1.000000
vn -0.000000 0.735931 0.677057
v 86.000000 103.900000 30.000000
vt 0.000000 1.000000
vn -0.000000 0.735931 0.677057
f 1903/1903/1903 1904/1904/1904 1905/1905/1905
f 1903/1903/1903 1905/1905/1905 1906/1906/1906
v 86.000000 101.900000 30.000000
vt 0.000000 0.000000
vn 0.000000 -0.735931 -0.677057
v 97.750000 101.900000 30.000000
vt 1.000000 0.000000
vn 0.000000 -0.735931 -0.677057
v 97.750000 95.000000 37.500000
vt 1.000000 1.000000
vn 0.000000 -0.735931 -0.677057
v 86.000000 95.000000 37.500000
vt 0.000000 1.000000
vn 0.000000 -0.735931 -0.677057
f 1907/1907/1907 1908/1908/1908 1909/1909/1909
f 1907/1907/1907 1909/1909/1909 1910/1910/1910
v 86.000000 97.000000 37.500000
vt 0.000000 0.000000
vn 0.000000 0.000000 1.000000
v 86.000000 95.000000 37.500000
vt 1.000000 0.000000
vn 0.000000 0.000000 1.000000
v 97.750000 95.000000 37.500000
vt 1.000000 1.000000
vn 0.000000 0.000000 1.000000
v 97.750000 97.000000 37.500000
vt 0.000000 1.000000
vn 0.000000 0.000000 1.000000
f 1911/1911/1911 1912/1912/1912 1913/1913/1913
f 1911/1911/1911 1913/1913/1913 1914/1914/1914
v 97.750000 97.000000 37.500000
vt 0.000000 0.000000
vn 1.000000 0.000000 0.000000
v 97.750000 95.000000 37.500000
vt 1.000000 0.000000
vn 1.000000 0.000000 0.000000
v 97.750000 101.900000 30.000000
vt 1.000000 1.000000
vn 1.000000 0.000000 0.000000
v 97.750000 103.900000 30.000000
vt 0.000000 1.000000
vn 1.000000 0.000000 0.000000
f 1915/1915/1915 1916/1916/1916 1917/1917/1917
f 1915/1915/1915 1917/1917/1917 1918/1918/1918
v 97.750000 103.900000 30.000000
vt 0.000000 0.000000
vn 0.000000 -0.000000 -1.000000
v 97.750000 101.900000 30.000000
vt 1.000000 0.000000
vn 0.000000 -0.000000 -1.000000
v 86.000000 101.900000 30.000000
vt 1.000000 1.000000
vn 0.000000 -0.000000 -1.000000
v 86.000000 103.900000 30.000000
vt 0.000000 1.000000
vn 0.000000 -0.000000 -1.000000
f 1919/1919/1919 1920/1920/1920 1921/1921/1921
f 1919/1919/1919 1921/1921/1921 1922/1922/1922
v 86.000000 103.900000 30.000000
vt 0.000000 0.000000
vn -1.000000 0.000000 0.000000
v 86.000000 101.900000 30.000000
vt 1.000000 0.000000
vn -1.000000 0.000000 0.000000
v 86.000000 95.000000 37.500000
vt 1.000000 1.000000
vn -1.000000 0.000000 0.000000
v 86.000000 97.000000 37.500000
vt 0.000000 1.000000
vn -1.000000 0.000000 0.000000
f 1923/1923/1923 1924/1924/1924 1925/1925/1925
f 1923/1923/1923 1925/1925/1925 1926/1926/1926
v -85.500000 90.100000 45.000000
vt 0.000000 0.000000
vn -0.000000 0.735931 0.677057
v -73.750000 90.100000 45.000000
vt 1.000000 0.000000
vn -0.000000 0.735931 0.677057
v -73.750000 97.000000 37.500000
vt 1.000000 1.000000
vn -0.000000 0.735931 0.677057
v -85.500000 97.000000 37.500000
vt 0.000000 1.000000
vn -0.000000 0.735931 0.677057
f 1927/1927/1927 1928/1928/1928 1929/1929/1929
f 1927/1927/1927 1929/1929/1929 1930/1930/1930
v -85.500000 95.000000 37.500000
vt 0.000000 0.000000
vn 0.000000 -0.735931 -0.677057
v -73.750000 95.000000 37.500000
vt 1.000000 0.000000
vn 0.000000 -0.735931 -0.677057
v -73.750000 88.100000 45.000000
vt 1.000000 1.000000
vn 0.000000 -0.735931 -0.677057
v -85.500000 88.100000 45.000000
vt 0.000000 1.000000
vn 0.000000 -0.735931 -0.677057
f 1931/1931/1931 1932/1932/1932 1933/1933/1933
f 1931/1931/1931 1933/1933/1933 1934/1934/1934
v -85.500000 90.100000 45.000000
vt 0.000000 0.000000
vn 0.000000 0.000000 1.000000
v -85.500000 88.100000 45.000000
vt 1.000000 0.000000
vn 0.000000 0.000000 1.000000
v -73.750000 88.100000 45.000000
vt 1.000000 1.000000
vn 0.000000 0.000000 1.000000
v -73.750000 90.100000 45.000000
vt 0.000000 1.000000
vn 0.000000 0.000000 1.000000
f 1935/1935/1935 1936/1936/1936 1937/1937/1937
f 1935/1935/1935 1937/1937/1937 1938/1938/1938
v -73.750000 90.100000 45.000000
vt 0.000000 0.000000
vn 1.000000 0.000000 0.000000
v -73.750000 88.100000 45.000000
vt 1.000000 0.000000
vn 1.000000 0.000000 0.000000
v -73.750000 95.000000 37.500000
vt 1.000000 1.000000
vn 1.000000 0.000000 0.000000
v -73.750000 97.000000 37.500000
vt 0.000000 1.000000
vn 1.000000 0.000000 0.000000
f 1939/1939/1939 1940/1940/1940 1941/1941/1941
f 1939/1939/1939 1941/1941/1941 1942/1942/1942
v -73.750000 97.000000 37.500000
vt 0.000000 0.000000
vn 0.000000 -0.000000 -1.000000
v -73.750000 95.000000 37.500000
vt 1.000000 0.000000
vn 0.000000 -0.000000 -1.000000
v -85.500000 95.000000 37.500000
vt 1.000000 1.000000
vn 0.000000 -0.000000 -1.000000
v -85.500000 97.000000 37.500000
vt 0.000000 1.000000
vn 0.000000 -0.000000 -1.000000
f 1943/1943/1943 1944/1944/1944 1945/1945/1945
f 1943/1943/1943 1945/1945/1945 1946/1946/1946
v -85.500000 97.000000 37.500000
vt 0.000000 0.000000
vn -1.000000 0.000000 0.000000
v -85.500000 95.000000 37.500000
vt 1.000000 0.000000
vn -1.000000 0.000000 0.000000
v -85.500000 88.100000 45.000000
vt 1.000000 1.000000
vn -1.000000 0.000000 0.000000
v -85.500000 90.100000 45.000000
vt 0.000000 1.000000
vn -1.000000 0.000000 0.000000
f 1947/1947/1947 1948/1948/1948 1949/1949/1949
f 1947/1947/1947 1949/1949/1949 1950/1950/1950
v -73.250000 90.100000 45.000000
vt 0.000000 0.000000
vn -0.000000 0.735931 0.677057
v -61.500000 90.100000 45.000000
vt 1.000000 0.000000
vn -0.000000 0.735931 0.677057
v -61.500000 97.000000 37.500000
vt 1.000000 1.000000
vn -0.000000 0.735931 0.677057
v -73.250000 97.000000 37.500000
vt 0.000000 1.000000
vn -0.000000 0.735931 0.677057
f 1951/1951/1951 1952/1952/1952 1953/1953/1953
f 1951/1951/1951 1953/1953/1953 1954/1954/1954
v -73.250000 95.000000 37.500000
vt 0.000000 0.000000
vn 0.000000 -0.735931 -0.677057
v -61.500000 95.000000 37.500000
vt 1.000000 0.000000
vn 0.000000 -0.735931 -0.677057
v -61.500000 88.100000 45.000000
vt 1.000000 1.000000
vn 0.000000 -0.735931 -0.677057
v -73.250000 88.100000 45.000000
vt 0.000000 1.000000
vn 0.000000 -0.735931 -0.677057
f 1955/1955/1955 1956/1956/1956 1957/1957/1957
f 1955/1955/1955 1957/1957/1957 1958/1958/1958
v -73.250000 90.100000 45.000000
vt 0.000000 0.000000
vn 0.000000 0.000000 1.000000
v -73.250000 88.100000 45.000000
vt 1.000000 0.000000
vn 0.000000 0.000000 1.000000
v -61.500000 88.100000 45.000000
vt 1.000000 1.000000
vn 0.000000 0.000000 1.000000
v -61.500000 90.100000 45.000000
vt 0.000000 1.000000
vn 0.000000 0.000000 1.000000
f 1959/1959/1959 1960/1960/1960 1961/1961/1961
f 1959/1959/1959 1961/1961/1961 1962/1962/1962
v -61.500000 90.100000 45.000000
vt 0.000000 0.000000
vn 1.000000 0.000000 0.000000
v -61.500000 88.100000 45.000000
vt 1.000000 0.000000
vn 1.000000 0.000000 0.000000
v -61.500000 95.000000 37.500000
vt 1.000000 1.000000
vn 1.000000 0.000000 0.000000
v -61.500000 97.000000 37.500000
vt 0.000000 1.000000
vn 1.000000 0.000000 0.000000
f 1963/1963/1963 1964/1964/1964 1965/1965/1965
f 1963/1963/1963 1965/1965/1965 1966/1966/1966
v -61.500000 97.000000 37.500000
vt 0.000000 0.000000
vn 0.000000 -0.000000 -1.000000
v -61.500000 95.000000 37.500000
vt 1.000000 0.000000
vn 0.000000 -0.000000 -1.000000
v -73.250000 95.000000 37.500000
vt 1.000000 1.000000
vn 0.000000 -0.000000 -1.000000
v -73.250000 97.000000 37.500000
vt 0.000000 1.000000
vn 0.000000 -0.000000 -1.000000
f 1967/1967/1967 1968/1968/1968 1969/1969/1969
f 1967/1967/1967 1969/1969/1969 1970/1970/1970
v -73.250000 97.000000 37.500000
vt 0.000000 0.000000
vn -1.000000 0.000000 0.000000
v -73.250000 95.000000 37.500000
vt 1.000000 0.000000
vn -1.000000 0.000000 0.000000
v -73.250000 88.100000 45.000000
vt 1.000000 1.000000
vn -1.000000 0.000000 0.000000
v -73.250000 90.100000 45.000000
vt 0.000000 1.000000
vn -1.000000 0.000000 0.000000
f 1971/1971/1971 1972/1972/1972 1973/1973/1973
f 1971/1971/1971 1973/1973/1973 1974/1974/1974
v 49.250000 90.100000 45.000000
vt 0.000000 0.000000
vn -0.000000 0.735931 0.677057
v 61.000000 90.100000 45.000000
vt 1.000000 0.000000
vn -0.000000 0.735931 0.677057
v 61.000000 97.000000 37.500000
vt 1.000000 1.000000
vn -0.000000 0.735931 0.677057
v 49.250000 97.000000 37.500000
vt 0.000000 1.000000
vn -0.000000 0.735931 0.677057
f 1975/1975/1975 1976/1976/1976 1977/1977/1977
f 1975/1975/1975 1977/1977/1977 1978/1978/1978
v 49.250000 95.000000 37.500000
vt 0.000000 0.000000
vn 0.000000 -0.735931 -0.677057
v 61.000000 95.000000 37.500000
vt 1.000000 0.000000
vn 0.000000 -0.735931 -0.677057
v 61.000000 88.100000 45.000000
vt 1.000000 1.000000
vn 0.000000 -0.735931 -0.677057
v 49.250000 88.100000 45.000000
vt 0.000000 1.000000
vn 0.000000 -0.735931 -0.677057
f 1979/1979/1979 1980/1980/1980 1981/1981/1981
f 1979/1979/1979 1981/1981/1981 1982/1982/1982
v 49.250000 90.100000 45.000000
vt 0.000000 0.000000
vn 0.000000 0.000000 1.000000
v 49.250000 88.100000 45.000000
vt 1.000000 0.000000
vn 0.000000 0.000000 1.000000
v 61.000000 88.100000 45.000000
vt 1.000000 1.000000
vn 0.000000 0.000000 1.000000
v 61.000000 90.100000 45.000000
vt 0.000000 1.000000
vn 0.000000 0.000000 1.000000
f 1983/1983/1983 1984/1984/1984 1985/1985/1985
f 1983/1983/1983 1985/1985/1985 1986/1986/1986
v 61.000000 90.100000 45.000000
vt 0.000000 0.000000
vn 1.000000 0.000000 0.000000
v 61.000000 88.100000 45.000000
vt 1.000000 0.000000
vn 1.000000 0.000000 0.000000
v 61.000000 95.000000 37.500000
vt 1.000000 1.000000
vn 1.000000 0.000000 0.000000
v 61.000000 97.000000 37.500000
vt 0.000000 1.000000
vn 1.000000 0.000000 0.000000
f 1987/1987/1987 1988/1988/1988 1989/1989/1989
f 1987/1987/1987 1989/1989/1989 1990/1990/1990
v 61.000000 97.000000 37.500000
vt 0.000000 0.000000
vn 0.000000 -0.000000 -1.000000
v 61.000000 95.000000 37.500000
vt 1.000000 0.000000
vn 0.000000 -0.000000 -1.000000
v 49.250000 95.000000 37.500000
vt 1.000000 1.000000
vn 0.000000 -0.000000 -1.000000
v 49.250000 97.000000 37.500000
vt 0.000000 1.000000
vn 0.000000 -0.000000 -1.000000
f 1991/1991/1991 1992/1992/1992 1993/1993/1993
f 1991/1991/1991 1993/1993/1993 1994/1994/1994
v 49.250000 97.000000 37.500000
vt 0.000000 0.000000
vn -1.000000 0.000000 0.000000
v 49.250000 95.000000 37.500000
vt 1.000000 0.000000
vn -1.000000 0.000000 0.000000
v 49.250000 88.100000 45.000000
vt 1.000000 1.000000
vn -1.000000 0.000000 0.000000
v 49.250000 90.100000 45.000000
vt 0.000000 1.000000
vn -1.000000 0.000000 0.000000
f 1995/1995/1995 1996/1996/1996 1997/1997/1997
f 1995/1995/1995 1997/1997/1997 1998/1998/1998
v 61.500000 90.100000 45.000000
vt 0.000000 0.000000
vn -0.000000 0.735931 0.677057
v 73.250000 90.100000 45.000000
vt 1.000000 0.000000
vn -0.000000 0.735931 0.677057
v 73.250000 97.000000 37.500000
vt 1.000000 1.000000
vn -0.000000 0.735931 0.677057
v 61.500000 97.000000 37.500000
vt 0.000000 1.000000
vn -0.000000 0.735931 0.677057
f 1999/1999/1999 2000/2000/2000 2001/2001/2001
f 1999/1999/1999 2001/2001/2001 2002/2002/2002
v 61.500000 95.000000 37.500000
vt 0.000000 0.000000
vn 0.000000 -0.735931 -0.677057
v 73.250000 95.000000 37.500000
vt 1.000000 0.000000
vn 0.000000 -0.735931 -0.677057
v 73.250000 88.100000 45.000000
vt 1.000000 1.000000
vn 0.000000 -0.735931 -0.677057
v 61.500000 88.100000 45.000000
vt 0.000000 1.000000
vn 0.000000 -0.735931 -0.677057
f 2003/2003/2003 2004/2004/2004 2005/2005/2005
f 2003/2003/2003 2005/2005/2005 2006/2006/2006
v 61.500000 90.100000 45.000000
vt 0.000000 0.000000
vn 0.000000 0.000000 1.000000
v 61.500000 88.100000 45.000000
vt 1.000000 0.000000
vn 0.000000 0.000000 1.000000
v 73.250000 88.100000 45.000000
vt 1.000000 1.000000
vn 0.000000 0.000000 1.000000
v 73.250000 90.100000 45.000000
vt 0.000000 1.000000
vn 0.000000 0.000000 1.000000
f 2007/2007/2007 2008/2008/2008 2009/2009/2009
f 2007/2007/2007 2009/2009/2009 2010/2010/2010
v 73.250000 90.100000 45.000000
vt 0.000000 0.000000
vn 1.000000 0.000000 0.000000
v 73.250000 88.100000 45.000000
vt 1.000000 0.000000
vn 1.000000 0.000000 0.000000
v 73.250000 95.000000 37.500000
vt 1.000000 1.000000
vn 1.000000 0.000000 0.000000
v 73.250000 97.000000 37.500000
vt 0.000000 1.000000
vn 1.000000 0.000000 0.000000
f 2011/2011/2011 2012/2012/2012 2013/2013/2013
f 2011/2011/2011 2013/2013/2013 2014/2014/2014
v 73.250000 97.000000 37.500000
vt 0.000000 0.000000
vn 0.000000 -0.000000 -1.000000
v 73.250000 95.000000 37.500000
vt 1.000000 0.000000
vn 0.000000 -0.000000 -1.000000
v 61.500000 95.000000 37.500000
vt 1.000000 1.000000
vn 0.000000 -0.000000 -1.000000
v 61.500000 97.000000 37.500000
vt 0.000000 1.000000
vn 0.000000 -0.000000 -1.000000
f 2015/2015/2015 2016/2016/2016 2017/2017/2017
f 2015/2015/2015 2017/2017/2017 2018/2018/2018
v 61.500000 97.000000 37.500000
vt 0.000000 0.000000
vn -1.000000 0.000000 0.000000
v 61.500000 95.000000 37.500000
vt 1.000000 0.000000
vn -1.000000 0.000000 0.000000
v 61.500000 88.100000 45.000000
vt 1.000000 1.000000
vn -1.000000 0.000000 0.000000
v 61.500000 90.100000 45.000000
vt 0.000000 1.000000
vn -1.000000 0.000000 0.000000
f 2019/2019/2019 2020/2020/2020 2021/2021/2021
f 2019/2019/2019 2021/2021/2021 2022/2022/2022
v -85.500000 83.200000 52.500000
vt 0.000000 0.000000
vn -0.000000 0.735931 0.677057
v -73.750000 83.200000 52.500000
vt 1.000000 0.000000
vn -0.000000 0.735931 0.677057
v -73.750000 90.100000 45.000000
vt 1.000000 1.000000
vn -0.000000 0.735931 0.677057
v -85.500000 90.100000 45.000000
vt 0.000000 1.000000
vn -0.000000 0.735931 0.677057
f 2023/2023/2023 2024/2024/2024 2025/2025/2025
f 2023/2023/2023 2025/2025/2025 2026/2026/2026
v -85.500000 88.100000 45.000000
vt 0.000000 0.000000
vn 0.000000 -0.735931 -0.677057
v -73.750000 88.100000 45.000000
vt 1.000000 0.000000
vn 0.000000 -0.735931 -0.677057
v -73.750000 81.200000 52.500000
vt 1.000000 1.000000
vn 0.000000 -0.735931 -0.677057
v -85.500000 81.200000 52.500000
vt 0.000000 1.000000
vn 0.000000 -0.735931 -0.677057
f 2027/2027/2027 2028/2028/2028 2029/2029/2029
f 2027/2027/2027 2029/2029/2029 2030/2030/2030
v -85.500000 83.200000 52.500000
vt 0.000000 0.000000
vn 0.000000 0.000000 1.000000
v -85.500000 81.200000 52.500000
vt 1.000000 0.000000
vn 0.000000 0.000000 1.000000
v -73.750000 81.200000 52.500000
vt 1.000000 1.000000
vn 0.000000 0.000000 1.000000
v -73.750000 83.200000 52.500000
vt 0.000000 1.000000
vn 0.000000 0.000000 1.000000
f 2031/2031/2031 2032/2032/2032 2033/2033/2033
f 2031/2031/2031 2033/2033/2033 2034/2034/2034
v -73.750000 83.200000 52.500000
vt 0.000000 0.000000
vn 1.000000 0.000000 0.000000
v -73.750000 81.200000 52.500000
vt 1.000000 0.000000
vn 1.000000 0.000000 0.000000
v -73.750000 88.100000 45.000000
vt 1.000000 1.000000
vn 1.000000 0.000000 0.000000
v -73.750000 90.100000 45.000000
vt 0.000000 1.000000
vn 1.000000 0.000000 0.000000
f 2035/2035/2035 2036/2036/2036 2037/2037/2037
f 2035/2035/2035 2037/2037/2037 2038/2038/2038
v -73.750000 90.100000 45.000000
vt 0.000000 0.000000
vn 0.000000 -0.000000 -1.000000
v -73.750000 88.100000 45.000000
vt 1.000000 0.000000
vn 0.000000 -0.000000 -1.000000
v -85.500000 88.100000 45.000000
vt 1.000000 1.000000
vn 0.000000 -0.000000 -1.000000
v -85.500000 90.100000 45.000000
vt 0.000000 1.000000
vn 0.000000 -0.000000 -1.000000
f 2039/2039/2039 2040/2040/2040 2041/2041/2041
f 2039/2039/2039 2041/2041/2041 2042/2042/2042
v -85.500000 90.100000 45.000000
vt 0.000000 0.000000
vn -1.000000 0.000000 0.000000
v -85.500000 88.100000 45.000000
vt 1.000000 0.000000
vn -1.000000 0.000000 0.000000
v -85.500000 81.200000 52.500000
vt 1.000000 1.000000
vn -1.000000 0.000000 0.000000
v -85.500000 83.200000 52.500000
vt 0.000000 1.000000
vn -1.000000 0.000000 0.000000
f 2043/2043/2043 2044/2044/2044 2045/2045/2045
f 2043/2043/2043 2045/2045/2045 2046/2046/2046
v -12.000000 83.200000 52.500000
vt 0.000000 0.000000
vn -0.000000 0.735931 0.677057
v -0.250000 83.200000 52.500000
vt 1.000000 0.000000
vn -0.000000 0.735931 0.677057
v -0.250000 90.100000 45.000000
vt 1.000000 1.000000
vn -0.000000 0.735931 0.677057
v -12.000000 90.100000 45.000000
vt 0.000000 1.000000
vn -0.000000 0.735931 0.677057
f 2047/2047/2047 2048/2048/2048 2049/2049/2049
f 2047/2047/2047 2049/2049/2049 2050/2050/2050
v -12.000000 88.100000 45.000000
vt 0.000000 0.000000
vn 0.000000 -0.735931 -0.677057
v -0.250000 88.100000 45.000000
vt 1.000000 0.000000
vn 0.000000 -0.735931 -0.677057
v -0.250000 81.200000 52.500000
vt 1.000000 1.000000
vn 0.000000 -0.735931 -0.677057
v -12.000000 81.200000 52.500000
vt 0.000000 1.000000
vn 0.000000 -0.735931 -0.677057
f 2051/2051/2051 2052/2052/2052 2053/2053/2053
f 2051/2051/2051 2053/2053/2053 2054/2054/2054
v -12.000000 83.200000 52.500000
vt 0.000000 0.000000
vn 0.000000 0.000000 1.000000
v -12.000000 81.200000 52.500000
vt 1.000000 0.000000
vn 0.000000 0.000000 1.000000
v -0.250000 81.200000 52.500000
vt 1.000000 1.000000
vn 0.000000 0.000000 1.000000
v -0.250000 83.200000 52.500000
vt 0.000000 1.000000
vn 0.000000 0.000000 1.000000
f 2055/2055/2055 2056/2056/2056 2057/2057/2057
f 2055/2055/2055 2057/2057/2057 2058/2058/2058
v -0.250000 83.200000 52.500000
vt 0.000000 0.000000
vn 1.000000 0.000000 0.000000
v -0.250000 81.200000 52.500000
vt 1.000000 0.000000
vn 1.000000 0.000000 0.000000
v -0.250000 88.100000 45.000000
vt 1.000000 1.000000
vn 1.000000 0.000000 0.000000
v -0.250000 90.100000 45.000000
vt 0.000000 1.000000
vn 1.000000 0.000000 0.000000
f 2059/2059/2059 2060/2060/2060 2061/2061/2061
f 2059/2059/2059 2061/2061/2061 2062/2062/2062
v -0.250000 90.100000 45.000000
vt 0.000000 0.000000
vn 0.000000 -0.000000 -1.000000
v -0.250000 88.100000 45.000000
vt 1.000000 0.000000
vn 0.000000 -0.000000 -1.000000
v -12.000000 88.100000 45.000000
vt 1.000000 1.000000
vn 0.000000 -0.000000 -1.000000
v -12.000000 90.100000 45.000000
vt 0.000000 1.000000
vn 0.000000 -0.000000 -1.000000
f 2063/2063/2063 2064/2064/2064 2065/2065/2065
f 2063/2063/2063 2065/2065/2065 2066/2066/2066
v -12.000000 90.100000 45.000000
vt 0.000000 0.000000
vn -1.000000 0.000000 0.000000
v -12.000000 88.100000 45.000000
vt 1.000000 0.000000
vn -1.000000 0.000000 0.000000
v -12.000000 81.200000 52.500000
vt 1.000000 1.000000
vn -1.000000 0.000000 0.000000
v -12.000000 83.200000 52.500000
vt 0.000000 1.000000
vn -1.000000 0.000000 0.000000
f 2067/2067/2067 2068/2068/2068 2069/2069/2069
f 2067/2067/2067 2069/2069/2069 2070/2070/2070
v 49.250000 83.200000 52.500000
vt 0.000000 0.000000
vn -0.000000 0.735931 0.677057
v 61.000000 83.200000 52.500000
vt 1.000000 0.000000
vn -0.000000 0.735931 0.677057
v 61.000000 90.100000 45.000000
vt 1.000000 1.000000
vn -0.000000 0.735931 0.677057
v 49.250000 90.100000 45.000000
vt 0.000000 1.000000
vn -0.000000 0.735931 0.677057
f 2071/2071/2071 2072/2072/2072 2073/2073/2073
f 2071/2071/2071 2073/2073/2073 2074/2074/2074
v 49.250000 88.100000 45.000000
vt 0.000000 0.000000
vn 0.000000 -0.735931 -0.677057
v 61.000000 88.100000 45.000000
vt 1.000000 0.000000
vn 0.000000 -0.735931 -0.677057
v 61.000000 81.200000 52.500000
vt 1.000000 1.000000
vn 0.000000 -0.735931 -0.677057
v 49.250000 81.200000 52.500000
vt 0.000000 1.000000
vn 0.000000 -0.735931 -0.677057
f 2075/2075/2075 2076/2076/2076 2077/2077/2077
f 2075/2075/2075 2077/2077/2077 2078/2078/2078
v 49.250000 83.200000 52.500000
vt 0.000000 0.000000
vn 0.000000 0.000000 1.000000
v 49.250000 81.200000 52.500000
vt 1.000000 0.000000
vn 0.000000 0.000000 1.000000
v 61.000000 81.200000 52.500000
vt 1.000000 1.000000
vn 0.000000 0.000000 1.000000
v 61.000000 83.200000 52.500000
vt 0.000000 1.000000
vn 0.000000 0.000000 1.000000
f 2079/2079/2079 2080/2080/2080 2081/2081/2081
f 2079/2079/2079 2081/2081/2081 2082/2082/2082
v 61.000000 83.200000 52.500000
vt 0.000000 0.000000
vn 1.000000 0.000000 0.000000
v 61.000000 81.200000 52.500000
vt 1.000000 0.000000
vn 1.000000 0.000000 0.000000
v 61.000000 88.100000 45.000000
vt 1.000000 1.000000
vn 1.000000 0.000000 0.000000
v 61.000000 90.100000 45.000000
vt 0.000000 1.000000
vn 1.000000 0.000000 0.000000
f 2083/2083/2083 2084/2084/2084 2085/2085/2085
f 2083/2083/2083 2085/2085/2085 2086/2086/2086
v 61.000000 90.100000 45.000000
vt 0.000000 0.000000
vn 0.000000 -0.000000 -1.000000
v 61.000000 88.100000 45.000000
vt 1.000000 0.000000
vn 0.000000 -0.000000 -1.000000
v 49.250000 88.100000 45.000000
vt 1.000000 1.000000
vn 0.000000 -0.000000 -1.000000
v 49.250000 90.100000 45.000000
vt 0.000000 1.000000
vn 0.000000 -0.000000 -1.000000
f 2087/2087/2087 2088/2088/2088 2089/2089/2089
f 2087/2087/2087 2089/2089/2089 2090/2090/2090
v 49.250000 90.100000 45.000000
vt 0.000000 0.000000
vn -1.000000 0.000000 0.000000
v 49.250000 88.100000 45.000000
vt 1.000000 0.000000
vn -1.000000 0.000000 0.000000
v 49.250000 81.200000 52.500000
vt 1.000000 1.000000
vn -1.000000 0.000000 0.000000
v 49.250000 83.200000 52.500000
vt 0.000000 1.000000
vn -1.000000 0.000000 0.000000
f 2091/2091/2091 2092/2092/2092 2093/2093/2093
f 2091/2091/2091 2093/2093/2093 2094/2094/2094
o cottage_roof
usemtl roof
s off
v -85.500000 131.500000 -0.000000
vt 0.000000 0.000000
vn 0.000000 0.735931 -0.677057
v -73.750000 131.500000 -0.000000
vt 1.000000 0.000000
vn 0.000000 0.735931 -0.677057
v -73.750000 124.600000 -7.500000
vt 1.000000 1.000000
vn 0.000000 0.735931 -0.677057
v -85.500000 124.600000 -7.500000
vt 0.000000 1.000000
vn 0.000000 0.735931 -0.677057
f 2095/2095/2095 2096/2096/2096 2097/2097/2097
f 2095/2095/2095 2097/2097/2097 2098/2098/2098
v -85.500000 122.600000 -7.500000
vt 0.000000 0.000000
vn 0.000000 -0.735931 0.677057
v -73.750000 122.600000 -7.500000
vt 1.000000 0.000000
vn 0.000000 -0.735931 0.677057
v -73.750000 129.500000 -0.000000
vt 1.000000 1.000000
vn 0.000000 -0.735931 0.677057
v -85.500000 129.500000 -0.000000
vt 0.000000 1.000000
vn 0.000000 -0.735931 0.677057
f 2099/2099/2099 2100/2100/2100 2101/2101/2101
f 2099/2099/2099 2101/2101/2101 2102/2102/2102
v -85.500000 131.500000 -0.000000
vt 0.000000 0.000000
vn 0.000000 0.000000 1.000000
v -85.500000 129.500000 -0.000000
vt 1.000000 0.000000
vn 0.000000 0.000000 1.000000
v -73.750000 129.500000 -0.000000
vt 1.000000 1.000000
vn 0.000000 0.000000 1.000000
v -73.750000 131.500000 -0.000000
vt 0.000000 1.000000
vn 0.000000 0.000000 1.000000
f 2103/2103/2103 2104/2104/2104 2105/2105/2105
f 2103/2103/2103 2105/2105/2105 2106/2106/2106
v -73.750000 131.500000 -0.000000
vt 0.000000 0.000000
vn 1.000000 0.000000 0.000000
v -73.750000 129.500000 -0.000000
vt 1.000000 0.000000
vn 1.000000 0.000000 0.000000
v -73.750000 122.600000 -7.500000
vt 1.000000 1.000000
vn 1.000000 0.000000 0.000000
v -73.750000 124.600000 -7.500000
vt 0.000000 1.000000
vn 1.000000 0.000000 0.000000
f 2107/2107/2107 2108/2108/2108 2109/2109/2109
f 2107/2107/2107 2109/2109/2109 2110/2110/2110
v -73.750000 124.600000 -7.500000
vt 0.000000 0.000000
vn 0.000000 -0.000000 -1.000000
v -73.750000 122.600000 -7.500000
vt 1.000000 0.000000
vn 0.000000 -0.000000 -1.000000
v -85.500000 122.600000 -7.500000
vt 1.000000 1.000000
vn 0.000000 -0.000000 -1.000000
v -85.500000 124.600000 -7.500000
vt 0.000000 1.000000
vn 0.000000 -0.000000 -1.000000
f 2111/2111/2111 2112/2112/2112 2113/2113/2113
f 2111/2111/2111 2113/2113/2113 2114/2114/2114
v -85.500000 124.600000 -7.500000
vt 0.000000 0.000000
vn -1.000000 0.000000 0.000000
v -85.500000 122.600000 -7.500000
vt 1.000000 0.000000
vn -1.000000 0.000000 0.000000
v -85.500000 129.500000 -0.000000
vt 1.000000 1.000000
vn -1.000000 0.000000 0.000000
v -85.500000 131.500000 -0.000000
vt 0.000000 1.000000
vn -1.000000 0.000000 0.000000
f 2115/2115/2115 2116/2116/2116 2117/2117/2117
f 2115/2115/2115 2117/2117/2117 2118/2118/2118
v -61.000000 131.500000 -0.000000
vt 0.000000 0.000000
vn 0.000000 0.735931 -0.677057
v -49.250000 131.500000 -0.000000
vt 1.000000 0.000000
vn 0.000000 0.735931 -0.677057
v -49.250000 124.600000 -7.500000
vt 1.000000 1.000000
vn 0.000000 0.735931 -0.677057
v -61.000000 124.600000 -7.500000
vt 0.000000 1.000000
vn 0.000000 0.735931 -0.677057
f 2119/2119/2119 2120/2120/2120 2121/2121/2121
f 2119/2119/2119 2121/2121/2121 2122/2122/2122
v -61.000000 122.600000 -7.500000
vt 0.000000 0.000000
vn 0.000000 -0.735931 0.677057
v -49.250000 122.600000 -7.500000
vt 1.000000 0.000000
vn 0.000000 -0.735931 0.677057
v -49.250000 129.500000 -0.000000
vt 1.000000 1.000000
vn 0.000000 -0.735931 0.677057
v -61.000000 129.500000 -0.000000
vt 0.000000 1.000000
vn 0.000000 -0.735931 0.677057
f 2123/2123/2123 2124/2124/2124 2125/2125/2125
f 2123/2123/2123 2125/2125/2125 2126/2126/2126
v -61.000000 131.500000 -0.000000
vt 0.000000 0.000000
vn 0.000000 0.000000 1.000000
v -61.000000 129.500000 -0.000000
vt 1.000000 0.000000
vn 0.000000 0.000000 1.000000
v -49.250000 129.500000 -0.000000
vt 1.000000 1.000000
vn 0.000000 0.000000 1.000000
v -49.250000 131.500000 -0.000000
vt 0.000000 1.000000
vn 0.000000 0.000000 1.000000
f 2127/2127/2127 2128/2128/2128 2129/2129/2129
f 2127/2127/2127 2129/2129/2129 2130/2130/2130
v -49.250000 131.500000 -0.000000
vt 0.000000 0.000000
vn 1.000000 0.000000 0.000000
v -49.250000 129.500000 -0.000000
vt 1.000000 0.000000
vn 1.000000 0.000000 0.000000
v -49.250000 122.600000 -7.500000
vt 1.000000 1.000000
vn 1.000000 0.000000 0.000000
v -49.250000 124.600000 -7.500000
vt 0.000000 1.000000
vn 1.000000 0.000000 0.000000
f 2131/2131/2131 2132/2132/2132 2133/2133/2133
f 2131/2131/2131 2133/2133/2133 2134/2134/2134
v -49.250000 124.600000 -7.500000
vt 0.000000 0.000000
vn 0.000000 -0.000000 -1.000000
v -49.250000 122.600000 -7.500000
vt 1.000000 0.000000
vn 0.000000 -0.000000 -1.000000
v -61.000000 122.600000 -7.500000
vt 1.000000 1.000000
vn 0.000000 -0.000000 -1.000000
v -61.000000 124.600000 -7.500000
vt 0.000000 1.000000
vn 0.000000 -0.000000 -1.000000
f 2135/2135/2135 2136/2136/2136 2137/2137/2137
f 2135/2135/2135 2137/2137/2137 2138/2138/2138
v -61.000000 124.600000 -7.500000
vt 0.000000 0.000000
vn -1.000000 0.000000 0.000000
v -61.000000 122.600000 -7.500000
vt 1.000000 0.000000
vn -1.000000 0.000000 0.000000
v -61.000000 129.500000 -0.000000
vt 1.000000 1.000000
vn -1.000000 0.000000 0.000000
v -61.000000 131.500000 -0.000000
vt 0.000000 1.000000
vn -1.000000 0.000000 0.000000
f 2139/2139/2139 2140/2140/2140 2141/2141/2141
f 2139/2139/2139 2141/2141/2141 2142/2142/2142
v -48.750000 131.500000 -0.000000
vt 0.000000 0.000000
vn 0.000000 0.735931 -0.677057
v -37.000000 131.500000 -0.000000
vt 1.000000 0.000000
vn 0.000000 0.735931 -0.677057
v -37.000000 124.600000 -7.500000
vt 1.000000 1.000000
vn 0.000000 0.735931 -0.677057
v -48.750000 124.600000 -7.500000
vt 0.000000 1.000000
vn 0.000000 0.735931 -0.677057
f 2143/2143/2143 2144/2144/2144 2145/2145/2145
f 2143/2143/2143 2145/2145/2145 2146/2146/2146
v -48.750000 122.600000 -7.500000
vt 0.000000 0.000000
vn 0.000000 -0.735931 0.677057
v -37.000000 122.600000 -7.500000
vt 1.000000 0.000000
vn 0.000000 -0.735931 0.677057
v -37.000000 129.500000 -0.000000
vt 1.000000 1.000000
vn 0.000000 -0.735931 0.677057
v -48.750000 129.500000 -0.000000
vt 0.000000 1.000000
vn 0.000000 -0.735931 0.677057
f 2147/2147/2147 2148/2148/2148 2149/2149/2149
f 2147/2147/2147 2149/2149/2149 2150/2150/2150
v -48.750000 131.500000 -0.000000
vt 0.000000 0.000000
vn 0.000000 0.000000 1.000000
v -48.750000 129.500000 -0.000000
vt 1.000000 0.000000
vn 0.000000 0.000000 1.000000
v -37.000000 129.500000 -0.000000
vt 1.000000 1.000000
vn 0.000000 0.000000 1.000000
v -37.000000 131.500000 -0.000000
vt 0.000000 1.000000
vn 0.000000 0.000000 1.000000
f 2151/2151/2151 2152/2152/2152 2153/2153/2153
f 2151/2151/2151 2153/2153/2153 2154/2154/2154
v -37.000000 131.500000 -0.000000
vt 0.000000 0.000000
vn 1.000000 0.000000 0.000000
v -37.000000 129.500000 -0.000000
vt 1.000000 0.000000
vn 1.000000 0.000000 0.000000
v -37.000000 122.600000 -7.500000
vt 1.000000 1.000000
vn 1.000000 0.000000 0.000000
v -37.000000 124.600000 -7.500000
vt 0.000000 1.000000
vn 1.000000 0.000000 0.000000
f 2155/2155/2155 2156/2156/2156 2157/2157/2157
f 2155/2155/2155 2157/2157/2157 2158/2158/2158
v -37.000000 124.600000 -7.500000
vt 0.000000 0.000000
vn 0.000000 -0.000000 -1.000000
v -37.000000 122.600000 -7.500000
vt 1.000000 0.000000
vn 0.000000 -0.000000 -1.000000
v -48.750000 122.600000 -7.500000
vt 1.000000 1.000000
vn 0.000000 -0.000000 -1.000000
v -48.750000 124.600000 -7.500000
vt 0.000000 1.000000
vn 0.000000 -0.000000 -1.000000
f 2159/2159/2159 2160/2160/2160 2161/2161/2161
f 2159/2159/2159 2161/2161/2161 2162/2162/2162
v -48.750000 124.600000 -7.500000
vt 0.000000 0.000000
vn -1.000000 0.000000 0.000000
v -48.750000 122.600000 -7.500000
vt 1.000000 0.000000
vn -1.000000 0.000000 0.000000
v -48.750000 129.500000 -0.000000
vt 1.000000 1.000000
vn -1.000000 0.000000 0.000000
v -48.750000 131.500000 -0.000000
vt 0.000000 1.000000
vn -1.000000 0.000000 0.000000
f 2163/2163/2163 2164/2164/2164 2165/2165/2165
f 2163/2163/2163 2165/2165/2165 2166/2166/2166
v -36.500000 131.500000 -0.000000
vt 0.000000 0.000000
vn 0.000000 0.735931 -0.677057
v -24.750000 131.500000 -0.000000
vt 1.000000 0.000000
vn 0.000000 0.735931 -0.677057
v -24.750000 124.600000 -7.500000
vt 1.000000 1.000000
vn 0.000000 0.735931 -0.677057
v -36.500000 124.600000 -7.500000
vt 0.000000 1.000000
vn 0.000000 0.735931 -0.677057
f 2167/2167/2167 2168/2168/2168 2169/2169/2169
f 2167/2167/2167 2169/2169/2169 2170/2170/2170
v -36.500000 122.600000 -7.500000
vt 0.000000 0.000000
vn 0.000000 -0.735931 0.677057
v -24.750000 122.600000 -7.500000
vt 1.000000 0.000000
vn 0.000000 -0.735931 0.677057
v -24.750000 129.500000 -0.000000
vt 1.000000 1.000000
vn 0.000000 -0.735931 0.677057
v -36.500000 129.500000 -0.000000
vt 0.000000 1.000000
vn 0.000000 -0.735931 0.677057
f 2171/2171/2171 2172/2172/2172 2173/2173/2173
f 2171/2171/2171 2173/2173/2173 2174/2174/2174
v -36.500000 131.500000 -0.000000
vt 0.000000 0.000000
vn 0.000000 0.000000 1.000000
v -36.500000 129.500000 -0.000000
vt 1.000000 0.000000
vn 0.000000 0.000000 1.000000
v -24.750000 129.500000 -0.000000
vt 1.000000 1.000000
vn 0.000000 0.000000 1.000000
v -24.750000 131.500000 -0.000000
vt 0.000000 1.000000
vn 0.000000 0.000000 1.000000
f 2175/2175/2175 2176/2176/2176 2177/2177/2177
f 2175/2175/2175 2177/2177/2177 2178/2178/2178
v -24.750000 131.500000 -0.000000
vt 0.000000 0.000000
vn 1.000000 0.000000 0.000000
v -24.750000 129.500000 -0.000000
vt 1.000000 0.000000
vn 1.000000 0.000000 0.000000
v -24.750000 122.600000 -7.500000
vt 1.000000 1.000000
vn 1.000000 0.000000 0.000000
v -24.750000 124.600000 -7.500000
vt 0.000000 1.000000
vn 1.000000 0.000000 0.000000
f 2179/2179/2179 2180/2180/2180 2181/2181/2181
f 2179/2179/2179 2181/2181/2181 2182/2182/2182
v -24.750000 124.600000 -7.500000
vt 0.000000 0.000000
vn 0.000000 -0.000000 -1.000000
v -24.750000 122.600000 -7.500000
vt 1.000000 0.000000
vn 0.000000 -0.000000 -1.000000
v -36.500000 122.600000 -7.500000
vt 1.000000 1.000000
vn 0.000000 -0.000000 -1.000000
v -36.500000 124.600000 -7.500000
vt 0.000000 1.000000
vn 0.000000 -0.000000 -1.000000
f 2183/2183/2183 2184/2184/2184 2185/2185/2185
f 2183/2183/2183 2185/2185/2185 2186/2186/2186
v -36.500000 124.600000 -7.500000
vt 0.000000 0.000000
vn -1.000000 0.000000 0.000000
v -36.500000 122.600000 -7.500000
vt 1.000000 0.000000
vn -1.000000 0.000000 0.000000
v -36.500000 129.500000 -0.000000
vt 1.000000 1.000000
vn -1.000000 0.000000 0.000000
v -36.500000 131.500000 -0.000000
vt 0.000000 1.000000
vn -1.000000 0.000000 0.000000
f 2187/2187/2187 2188/2188/2188 2189/2189/2189
f 2187/2187/2187 2189/2189/2189 2190/2190/2190
v -24.250000 131.500000 -0.000000
vt 0.000000 0.000000
vn 0.000000 0.735931 -0.677057
v -12.500000 131.500000 -0.000000
vt 1.000000 0.000000
vn 0.000000 0.735931 -0.677057
v -12.500000 124.600000 -7.500000
vt 1.000000 1.000000
vn 0.000000 0.735931 -0.677057
v -24.250000 124.600000 -7.500000
vt 0.000000 1.000000
vn 0.000000 0.735931 -0.677057
f 2191/2191/2191 2192/2192/2192 2193/2193/2193
f 2191/2191/2191 2193/2193/2193 2194/2194/2194
v -24.250000 122.600000 -7.500000
vt 0.000000 0.000000
vn 0.000000 -0.735931 0.677057
v -12.500000 122.600000 -7.500000
vt 1.000000 0.000000
vn 0.000000 -0.735931 0.677057
v -12.500000 129.500000 -0.000000
vt 1.000000 1.000000
vn 0.000000 -0.735931 0.677057
v -24.250000 129.500000 -0.000000
vt 0.000000 1.000000
vn 0.000000 -0.735931 0.677057
f 2195/2195/2195 2196/2196/2196 2197/2197/2197
f 2195/2195/2195 2197/2197/2197 2198/2198/2198
v -24.250000 131.500000 -0.000000
vt 0.000000 0.000000
vn 0.000000 0.000000 1.000000
v -24.250000 129.500000 -0.000000
vt 1.000000 0.000000
vn 0.000000 0.000000 1.000000
v -12.500000 129.500000 -0.000000
vt 1.000000 1.000000
vn 0.000000 0.000000 1.000000
v -12.500000 131.500000 -0.000000
vt 0.000000 1.000000
vn 0.000000 0.000000 1.000000
f 2199/2199/2199 2200/2200/2200 2201/2201/2201
f 2199/2199/2199 2201/2201/2201 2202/2202/2202
v -12.500000 131.500000 -0.000000
vt 0.000000 0.000000
vn 1.000000 0.000000 0.000000
v -12.500000 129.500000 -0.000000
vt 1.000000 0.000000
vn 1.000000 0.000000 0.000000
v -12.500000 122.600000 -7.500000
vt 1.000000 1.000000
vn 1.000000 0.000000 0.000000
v -12.500000 124.600000 -7.500000
vt 0.000000 1.000000
vn 1.000000 0.000000 0.000000
f 2203/2203/2203 2204/2204/2204 2205/2205/2205
f 2203/2203/2203 2205/2205/2205 2206/2206/2206
v -12.500000 124.600000 -7.500000
vt 0.000000 0.000000
vn 0.000000 -0.000000 -1.000000
v -12.500000 122.600000 -7.500000
vt 1.000000 0.000000
vn 0.000000 -0.000000 -1.000000
v -24.250000 122.600000 -7.500000
vt 1.000000 1.000000
vn 0.000000 -0.000000 -1.000000
v -24.250000 124.600000 -7.500000
vt 0.000000 1.000000
vn 0.000000 -0.000000 -1.000000
f 2207/2207/2207 2208/2208/2208 2209/2209/2209
f 2207/2207/2207 2209/2209/2209 2210/2210/2210
v -24.250000 124.600000 -7.500000
vt 0.000000 0.000000
vn -1.000000 0.000000 0.000000
v -24.250000 122.600000 -7.500000
vt 1.000000 0.000000
vn -1.000000 0.000000 0.000000
v -24.250000 129.500000 -0.000000
vt 1.000000 1.000000
vn -1.000000 0.000000 0.000000
v -24.250000 131.500000 -0.000000
vt 0.000000 1.000000
vn -1.000000 0.000000 0.000000
f 2211/2211/2211 2212/2212/2212 2213/2213/2213
f 2211/2211/2211 2213/2213/2213 2214/2214/2214
v 0.250000 131.500000 -0.000000
vt 0.000000 0.000000
vn 0.000000 0.735931 -0.677057
v 12.000000 131.500000 -0.000000
vt 1.000000 0.000000
vn 0.000000 0.735931 -0.677057
v 12.000000 124.600000 -7.500000
vt 1.000000 1.000000
vn 0.000000 0.735931 -0.677057
v 0.250000 124.600000 -7.500000
vt 0.000000 1.000000
vn 0.000000 0.735931 -0.677057
f 2215/2215/2215 2216/2216/2216 2217/2217/2217
f 2215/2215/2215 2217/2217/2217 2218/2218/2218
v 0.250000 122.600000 -7.500000
vt 0.000000 0.000000
vn 0.000000 -0.735931 0.677057
v 12.000000 122.600000 -7.500000
vt 1.000000 0.000000
vn 0.000000 -0.735931 0.677057
v 12.000000 129.500000 -0.000000
vt 1.000000 1.000000
vn 0.000000 -0.735931 0.677057
v 0.250000 129.500000 -0.000000
vt 0.000000 1.000000
vn 0.000000 -0.735931 0.677057
f 2219/2219/2219 2220/2220/2220 2221/2221/2221
f 2219/2219/2219 2221/2221/2221 2222/2222/2222
v 0.250000 131.500000 -0.000000
vt 0.000000 0.000000
vn 0.000000 0.000000 1.000000
v 0.250000 129.500000 -0.000000
vt 1.000000 0.000000
vn 0.000000 0.000000 1.000000
v 12.000000 129.500000 -0.000000
vt 1.000000 1.000000
vn 0.000000 0.000000 1.000000
v 12.000000 131.500000 -0.000000
vt 0.000000 1.000000
vn 0.000000 0.000000 1.000000
f 2223/2223/2223 2224/2224/2224 2225/2225/2225
f 2223/2223/2223 2225/2225/2225 2226/2226/2226
v 12.000000 131.500000 -0.000000
vt 0.000000 0.000000
vn 1.000000 0.000000 0.000000
v 12.000000 129.500000 -0.000000
vt 1.000000 0.000000
vn 1.000000 0.000000 0.000000
v 12.000000 122.600000 -7.500000
vt 1.000000 1.000000
vn 1.000000 0.000000 0.000000
v 12.000000 124.600000 -7.500000
vt 0.000000 1.000000
vn 1.000000 0.000000 0.000000
f 2227/2227/2227 2228/2228/2228 2229/2229/2229
f 2227/2227/2227 2229/2229/2229 2230/2230/2230
v 12.000000 124.600000 -7.500000
vt 0.000000 0.000000
vn 0.000000 -0.000000 -1.000000
v 12.000000 122.600000 -7.500000
vt 1.000000 0.000000
vn 0.000000 -0.000000 -1.000000
v 0.250000 122.600000 -7.500000
vt 1.000000 1.000000
vn 0.000000 -0.000000 -1.000000
v 0.250000 124.600000 -7.500000
vt 0.000000 1.000000
vn 0.000000 -0.000000 -1.000000
f 2231/2231/2231 2232/2232/2232 2233/2233/2233
f 2231/2231/2231 2233/2233/2233 2234/2234/2234
v 0.250000 124.600000 -7.500000
vt 0.000000 0.000000
vn -1.000000 0.000000 0.000000
v 0.250000 122.600000 -7.500000
vt 1.000000 0.000000
vn -1.000000 0.000000 0.000000
v 0.250000 129.500000 -0.000000
vt 1.000000 1.000000
vn -1.000000 0.000000 0.000000
v 0.250000 131.500000 -0.000000
vt 0.000000 1.000000
vn -1.000000 0.000000 0.000000
f 2235/2235/2235 2236/2236/2236 2237/2237/2237
f 2235/2235/2235 2237/2237/2237 2238/2238/2238
v 24.750000 131.500000 -0.000000
vt 0.000000 0.000000
vn 0.000000 0.735931 -0.677057
v 36.500000 131.500000 -0.000000
vt 1.000000 0.000000
vn 0.000000 0.735931 -0.677057
v 36.500000 124.600000 -7.500000
vt 1.000000 1.000000
vn 0.000000 0.735931 -0.677057
v 24.750000 124.600000 -7.500000
vt 0.000000 1.000000
vn 0.000000 0.735931 -0.677057
f 2239/2239/2239 2240/2240/2240 2241/2241/2241
f 2239/2239/2239 2241/2241/2241 2242/2242/2242
v 24.750000 122.600000 -7.500000
vt 0.000000 0.000000
vn 0.000000 -0.735931 0.677057
v 36.500000 122.600000 -7.500000
vt 1.000000 0.000000
vn 0.000000 -0.735931 0.677057
v 36.500000 129.500000 -0.000000
vt 1.000000 1.000000
vn 0.000000 -0.735931 0.677057
v 24.750000 129.500000 -0.000000
vt 0.000000 1.000000
vn 0.000000 -0.735931 0.677057
f 2243/2243/2243 2244/2244/2244 2245/2245/2245
f 2243/2243/2243 2245/2245/2245 2246/2246/2246
v 24.750000 131.500000 -0.000000
vt 0.000000 0.000000
vn 0.000000 0.000000 1.000000
v 24.750000 129.500000 -0.000000
vt 1.000000 0.000000
vn 0.000000 0.000000 1.000000
v 36.500000 129.500000 -0.000000
vt 1.000000 1.000000
vn 0.000000 0.000000 1.000000
v 36.500000 131.500000 -0.000000
vt 0.000000 1.000000
vn 0.000000 0.000000 1.000000
f 2247/2247/2247 2248/2248/2248 2249/2249/2249
f 2247/2247/2247 2249/2249/2249 2250/2250/2250
v 36.500000 131.500000 -0.000000
vt 0.000000 0.000000
vn 1.000000 0.000000 0.000000
v 36.500000 129.500000 -0.000000
vt 1.000000 0.000000
vn 1.000000 0.000000 0.000000
v 36.500000 122.600000 -7.500000
vt 1.000000 1.000000
vn 1.000000 0.000000 0.000000
v 36.500000 124.600000 -7.500000
vt 0.000000 1.000000
vn 1.000000 0.000000 0.000000
f 2251/2251/2251 2252/2252/2252 2253/2253/2253
f 2251/2251/2251 2253/2253/2253 2254/2254/2254
v 36.500000 124.600000 -7.500000
vt 0.000000 0.000000
vn 0.000000 -0.000000 -1.000000
v 36.500000 122.600000 -7.500000
vt 1.000000 0.000000
vn 0.000000 -0.000000 -1.000000
v 24.750000 122.600000 -7.500000
vt 1.000000 1.000000
vn 0.000000 -0.000000 -1.000000
v 24.750000 124.600000 -7.500000
vt 0.000000 1.000000
vn 0.000000 -0.000000 -1.000000
f 2255/2255/2255 2256/2256/2256 2257/2257/2257
f 2255/2255/2255 2257/2257/2257 2258/2258/2258
v 24.750000 124.600000 -7.500000
vt 0.000000 0.000000
vn -1.000000 0.000000 0.000000
v 24.750000 122.600000 -7.500000
vt 1.000000 0.000000
vn -1.000000 0.000000 0.000000
v 24.750000 129.500000 -0.000000
vt 1.000000 1.000000
vn -1.000000 0.000000 0.000000
v 24.750000 131.500000 -0.000000
vt 0.000000 1.000000
vn -1.000000 0.000000 0.000000
f 2259/2259/2259 2260/2260/2260 2261/2261/2261
f 2259/2259/2259 2261/2261/2261 2262/2262/2262
v 49.250000 131.500000 -0.000000
vt 0.000000 0.000000
vn 0.000000 0.735931 -0.677057
v 61.000000 131.500000 -0.000000
vt 1.000000 0.000000
vn 0.000000 0.735931 -0.677057
v 61.000000 124.600000 -7.500000
vt 1.000000 1.000000
vn 0.000000 0.735931 -0.677057
v 49.250000 124.600000 -7.500000
vt 0.000000 1.000000
vn 0.000000 0.735931 -0.677057
f 2263/2263/2263 2264/2264/2264 2265/2265/2265
f 2263/2263/2263 2265/2265/2265 2266/2266/2266
v 49.250000 122.600000 -7.500000
vt 0.000000 0.000000
vn 0.000000 -0.735931 0.677057
v 61.000000 122.600000 -7.500000
vt 1.000000 0.000000
vn 0.000000 -0.735931 0.677057
v 61.000000 129.500000 -0.000000
vt 1.000000 1.000000
vn 0.000000 -0.735931 0.677057
v 49.250000 129.500000 -0.000000
vt 0.000000 1.000000
vn 0.000000 -0.735931 0.677057
f 2267/2267/2267 2268/2268/2268 2269/2269/2269
f 2267/2267/2267 2269/2269/2269 2270/2270/2270
v 49.250000 131.500000 -0.000000
vt 0.000000 0.000000
vn 0.000000 0.000000 1.000000
v 49.250000 129.500000 -0.000000
vt 1.000000 0.000000
vn 0.000000 0.000000 1.000000
v 61.000000 129.500000 -0.000000
vt 1.000000 1.000000
vn 0.000000 0.000000 1.000000
v 61.000000 131.500000 -0.000000
vt 0.000000 1.000000
vn 0.000000 0.000000 1.000000
f 2271/2271/2271 2272/2272/2272 2273/2273/2273
f 2271/2271/2271 2273/2273/2273 2274/2274/2274
v 61.000000 131.500000 -0.000000
vt 0.000000 0.000000
vn 1.000000 0.000000 0.000000
v 61.000000 129.500000 -0.000000
vt 1.000000 0.000000
vn 1.000000 0.000000 0.000000
v 61.000000 122.600000 -7.500000
vt 1.000000 1.000000
vn 1.000000 0.000000 0.000000
v 61.000000 124.600000 -7.500000
vt 0.000000 1.000000
vn 1.000000 0.000000 0.000000
f 2275/2275/2275 2276/2276/2276 2277/2277/2277
f 2275/2275/2275 2277/2277/2277 2278/2278/2278
v 61.000000 124.600000 -7.500000
vt 0.000000 0.000000
vn 0.000000 -0.000000 -1.000000
v 61.000000 122.600000 -7.500000
vt 1.000000 0.000000
vn 0.000000 -0.000000 -1.000000
v 49.250000 122.600000 -7.500000
vt 1.000000 1.000000
vn 0.000000 -0.000000 -1.000000
v 49.250000 124.600000 -7.500000
vt 0.000000 1.000000
vn 0.000000 -0.000000 -1.000000
f 2279/2279/2279 2280/2280/2280 2281/2281/2281
f 2279/2279/2279 2281/2281/2281 2282/2282/2282
v 49.250000 124.600000 -7.500000
vt 0.000000 0.000000
vn -1.000000 0.000000 0.000000
v 49.250000 122.600000 -7.500000
vt 1.000000 0.000000
vn -1.000000 0.000000 0.000000
v 49.250000 129.500000 -0.000000
vt 1.000000 1.000000
vn -1.000000 0.000000 0.000000
v 49.250000 131.500000 -0.000000
vt 0.000000 1.000000
vn -1.000000 0.000000 0.000000
f 2283/2283/2283 2284/2284/2284 2285/2285/2285
f 2283/2283/2283 2285/2285/2285 2286/2286/2286
v 73.750000 131.500000 -0.000000
vt 0.000000 0.000000
vn 0.000000 0.735931 -0.677057
v 85.500000 131.500000 -0.000000
vt 1.000000 0.000000
vn 0.000000 0.735931 -0.677057
v 85.500000 124.600000 -7.500000
vt 1.000000 1.000000
vn 0.000000 0.735931 -0.677057
v 73.750000 124.600000 -7.500000
vt 0.000000 1.000000
vn 0.000000 0.735931 -0.677057
f 2287/2287/2287 2288/2288/2288 2289/2289/2289
f 2287/2287/2287 2289/2289/2289 2290/2290/2290
v 73.750000 122.600000 -7.500000
vt 0.000000 0.000000
vn 0.000000 -0.735931 0.677057
v 85.500000 122.600000 -7.500000
vt 1.000000 0.000000
vn 0.000000 -0.735931 0.677057
v 85.500000 129.500000 -0.000000
vt 1.000000 1.000000
vn 0.000000 -0.735931 0.677057
v 73.750000 129.500000 -0.000000
vt 0.000000 1.000000
vn 0.000000 -0.735931 0.677057
f 2291/2291/2291 2292/2292/2292 2293/2293/2293
f 2291/2291/2291 2293/2293/2293 2294/2294/2294
v 73.750000 131.500000 -0.000000
vt 0.000000 0.000000
vn 0.000000 0.000000 1.000000
v 73.750000 129.500000 -0.000000
vt 1.000000 0.000000
vn 0.000000 0.000000 1.000000
v 85.500000 129.500000 -0.000000
vt 1.000000 1.000000
vn 0.000000 0.000000 1.000000
v 85.500000 131.500000 -0.000000
vt 0.000000 1.000000
vn 0.000000 0.000000 1.000000
f 2295/2295/2295 2296/2296/2296 2297/2297/2297
f 2295/2295/2295 2297/2297/2297 2298/2298/2298
v 85.500000 131.500000 -0.000000
vt 0.000000 0.000000
vn 1.000000 0.000000 0.000000
v 85.500000 129.500000 -0.000000
vt 1.000000 0.000000
vn 1.000000 0.000000 0.000000
v 85.500000 122.600000 -7.500000
vt 1.000000 1.000000
vn 1.000000 0.000000 0.000000
v 85.500000 124.600000 -7.500000
vt 0.000000 1.000000
vn 1.000000 0.000000 0.000000
f 2299/2299/2299 2300/2300/2300 2301/2301/2301
f 2299/2299/2299 2301/2301/2301 2302/2302/2302
v 85.500000 124.600000 -7.500000
vt 0.000000 0.000000
vn 0.000000 -0.000000 -1.000000
v 85.500000 122.600000 -7.500000
vt 1.000000 0.000000
vn 0.000000 -0.000000 -1.000000
v 73.750000 122.600000 -7.500000
vt 1.000000 1.000000
vn 0.000000 -0.000000 -1.000000
v 73.750000 124.600000 -7.500000
vt 0.000000 1.000000
vn 0.000000 -0.000000 -1.000000
f 2303/2303/2303 2304/2304/2304 2305/2305/2305
f 2303/2303/2303 2305/2305/2305 2306/2306/2306
v 73.750000 124.600000 -7.500000
vt 0.000000 0.000000
vn -1.000000 0.000000 0.000000
v 73.750000 122.600000 -7.500000
vt 1.000000 0.000000
vn -1.000000 0.000000 0.000000
v 73.750000 129.500000 -0.000000
vt 1.000000 1.000000
vn -1.000000 0.000000 0.000000
v 73.750000 131.500000 -0.000000
vt 0.000000 1.000000
vn -1.000000 0.000000 0.000000
f 2307/2307/2307 2308/2308/2308 2309/2309/2309
f 2307/2307/2307 2309/2309/2309 2310/2310/2310
v 86.000000 131.500000 -0.000000
vt 0.000000 0.000000
vn 0.000000 0.735931 -0.677057
v 97.750000 131.500000 -0.000000
vt 1.000000 0.000000
vn 0.000000 0.735931 -0.677057
v 97.750000 124.600000 -7.500000
vt 1.000000 1.000000
vn 0.000000 0.735931 -0.677057
v 86.000000 124.600000 -7.500000
vt 0.000000 1.000000
vn 0.000000 0.735931 -0.677057
f 2311/2311/2311 2312/2312/2312 2313/2313/2313
f 2311/2311/2311 2313/2313/2313 2314/2314/2314
v 86.000000 122.600000 -7.500000
vt 0.000000 0.000000
vn 0.000000 -0.735931 0.677057
v 97.750000 122.600000 -7.500000
vt 1.000000 0.000000
vn 0.000000 -0.735931 0.677057
v 97.750000 129.500000 -0.000000
vt 1.000000 1.000000
vn 0.000000 -0.735931 0.677057
v 86.000000 129.500000 -0.000000
vt 0.000000 1.000000
vn 0.000000 -0.735931 0.677057
f 2315/2315/2315 2316/2316/2316 2317/2317/2317
f 2315/2315/2315 2317/2317/2317 2318/2318/2318
v 86.000000 131.500000 -0.000000
vt 0.000000 0.000000
vn 0.000000 0.000000 1.000000
v 86.000000 129.500000 -0.000000
vt 1.000000 0.000000
vn 0.000000 0.000000 1.000000
v 97.750000 129.500000 -0.000000
vt 1.000000 1.000000
vn 0.000000 0.000000 1.000000
v 97.750000 131.500000 -0.000000
vt 0.000000 1.000000
vn 0.000000 0.000000 1.000000
f 2319/2319/2319 2320/2320/2320 2321/2321/2321
f 2319/2319/2319 2321/2321/2321 2322/2322/2322
v 97.750000 131.500000 -0.000000
vt 0.000000 0.000000
vn 1.000000 0.000000 0.000000
v 97.750000 129.500000 -0.000000
vt 1.000000 0.000000
vn 1.000000 0.000000 0.000000
v 97.750000 122.600000 -7.500000
vt 1.000000 1.000000
vn 1.000000 0.000000 0.000000
v 97.750000 124.600000 -7.500000
vt 0.000000 1.000000
vn 1.000000 0.000000 0.000000
f 2323/2323/2323 2324/2324/2324 2325/2325/2325
f 2323/2323/2323 2325/2325/2325 2326/2326/2326
v 97.750000 124.600000 -7.500000
vt 0.000000 0.000000
vn 0.000000 -0.000000 -1.000000
v 97.750000 122.600000 -7.500000
vt 1.000000 0.000000
vn 0.000000 -0.000000 -1.000000
v 86.000000 122.600000 -7.500000
vt 1.000000 1.000000
vn 0.000000 -0.000000 -1.000000
v 86.000000 124.600000 -7.500000
vt 0.000000 1.000000
vn 0.000000 -0.000000 -1.000000
f 2327/2327/2327 2328/2328/2328 2329/2329/2329
f 2327/2327/2327 2329/2329/2329 2330/2330/2330
v 86.000000 124.600000 -7.500000
vt 0.000000 0.000000
vn -1.000000 0.000000 0.000000
v 86.000000 122.600000 -7.500000
vt 1.000000 0.000000
vn -1.000000 0.000000 0.000000
v 86.000000 129.500000 -0.000000
vt 1.000000 1.000000
vn -1.000000 0.000000 0.000000
v 86.000000 131.500000 -0.000000
vt 0.000000 1.000000
vn -1.000000 0.000000 0.000000
f 2331/2331/2331 2332/2332/2332 2333/2333/2333
f 2331/2331/2331 2333/2333/2333 2334/2334/2334
v -97.750000 124.600000 -7.500000
vt 0.000000 0.000000
vn 0.000000 0.735931 -0.677057
v -86.000000 124.600000 -7.500000
vt 1.000000 0.000000
vn 0.000000 0.735931 -0.677057
v -86.000000 117.700000 -15.000000
vt 1.000000 1.000000
vn 0.000000 0.735931 -0.677057
v -97.750000 117.700000 -15.000000
vt 0.000000 1.000000
vn 0.000000 0.735931 -0.677057
f 2335/2335/2335 2336/2336/2336 2337/2337/2337
f 2335/2335/2335 2337/2337/2337 2338/2338/2338
v -97.750000 115.700000 -15.000000
vt 0.000000 0.000000
vn 0.000000 -0.735931 0.677057
v -86.000000 115.700000 -15.000000
vt 1.000000 0.000000
vn 0.000000 -0.735931 0.677057
v -86.000000 122.600000 -7.500000
vt 1.000000 1.000000
vn 0.000000 -0.735931 0.677057
v -97.750000 122.600000 -7.500000
vt 0.000000 1.000000
vn 0.000000 -0.735931 0.677057
f 2339/2339/2339 2340/2340/2340 2341/2341/2341
f 2339/2339/2339 2341/2341/2341 2342/2342/2342
v -97.750000 124.600000 -7.500000
vt 0.000000 0.000000
vn 0.000000 0.000000 1.000000
v -97.750000 122.600000 -7.500000
vt 1.000000 0.000000
vn 0.000000 0.000000 1.000000
v -86.000000 122.600000 -7.500000
vt 1.000000 1.000000
vn 0.000000 0.000000 1.000000
v -86.000000 124.600000 -7.500000
vt 0.000000 1.000000
vn 0.000000 0.000000 1.000000
f 2343/2343/2343 2344/2344/2344 2345/2345/2345
f 2343/2343/2343 2345/2345/2345 2346/2346/2346
v -86.000000 124.600000 -7.500000
vt 0.000000 0.000000
vn 1.000000 0.000000 0.000000
v -86.000000 122.600000 -7.500000
vt 1.000000 0.000000
vn 1.000000 0.000000 0.000000
v -86.000000 115.700000 -15.000000
vt 1.000000 1.000000
vn 1.000000 0.000000 0.000000
v -86.000000 117.700000 -15.000000
vt 0.000000 1.000000
vn 1.000000 0.000000 0.000000
f 2347/2347/2347 2348/2348/2348 2349/2349/2349
f 2347/2347/2347 2349/2349/2349 2350/2350/2350
v -86.000000 117.700000 -15.000000
vt 0.000000 0.000000
vn 0.000000 -0.000000 -1.000000
v -86.000000 115.700000 -15.000000
vt 1.000000 0.000000
vn 0.000000 -0.000000 -1.000000
v -97.750000 115.700000 -15.000000
vt 1.000000 1.000000
vn 0.000000 -0.000000 -1.000000
v -97.750000 117.700000 -15.000000
vt 0.000000 1.000000
vn 0.000000 -0.000000 -1.000000
f 2351/2351/2351 2352/2352/2352 2353/2353/2353
f 2351/2351/2351 2353/2353/2353 2354/2354/2354
v -97.750000 117.700000 -15.000000
vt 0.000000 0.000000
vn -1.000000 0.000000 0.000000
v -97.750000 115.700000 -15.000000
vt 1.000000 0.000000
vn -1.000000 0.000000 0.000000
v -97.750000 122.600000 -7.500000
vt 1.000000 1.000000
vn -1.000000 0.000000 0.000000
v -97.750000 124.600000 -7.500000
vt 0.000000 1.000000
vn -1.000000 0.000000 0.000000
f 2355/2355/2355 2356/2356/2356 2357/2357/2357
f 2355/2355/2355 2357/2357/2357 2358/2358/2358
v -85.500000 124.600000 -7.500000
vt 0.000000 0.000000
vn 0.000000 0.735931 -0.677057
v -73.750000 124.600000 -7.500000
vt 1.000000 0.000000
vn 0.000000 0.735931 -0.677057
v -73.750000 117.700000 -15.000000
vt 1.000000 1.000000
vn 0.000000 0.735931 -0.677057
v -85.500000 117.700000 -15.000000
vt 0.000000 1.000000
vn 0.000000 0.735931 -0.677057
f 2359/2359/2359 2360/2360/2360 2361/2361/2361
f 2359/2359/2359 2361/2361/2361 2362/2362/2362
v -85.500000 115.700000 -15.000000
vt 0.000000 0.000000
vn 0.000000 -0.735931 0.677057
v -73.750000 115.700000 -15.000000
vt 1.000000 0.000000
vn 0.000000 -0.735931 0.677057
v -73.750000 122.600000 -7.500000
vt 1.000000 1.000000
vn 0.000000 -0.735931 0.677057
v -85.500000 122.600000 -7.500000
vt 0.000000 1.000000
vn 0.000000 -0.735931 0.677057
f 2363/2363/2363 2364/2364/2364 2365/2365/2365
f 2363/2363/2363 2365/2365/2365 2366/2366/2366
v -85.500000 124.600000 -7.500000
vt 0.000000 0.000000
vn 0.000000 0.000000 1.000000
v -85.500000 122.600000 -7.500000
vt 1.000000 0.000000
vn 0.000000 0.000000 1.000000
v -73.750000 122.600000 -7.500000
vt 1.000000 1.000000
vn 0.000000 0.000000 1.000000
v -73.750000 124.600000 -7.500000
vt 0.000000 1.000000
vn 0.000000 0.000000 1.000000
f 2367/2367/2367 2368/2368/2368 2369/2369/2369
f 2367/2367/2367 2369/2369/2369 2370/2370/2370
v -73.750000 124.600000 -7.500000
vt 0.000000 0.000000
vn 1.000000 0.000000 0.000000
v -73.750000 122.600000 -7.500000
vt 1.000000 0.000000
vn 1.000000 0.000000 0.000000
v -73.750000 115.700000 -15.000000
vt 1.000000 1.000000
vn 1.000000 0.000000 0.000000
v -73.750000 117.700000 -15.000000
vt 0.000000 1.000000
vn 1.000000 0.000000 0.000000
f 2371/2371/2371 2372/2372/2372 2373/2373/2373
f 2371/2371/2371 2373/2373/2373 2374/2374/2374
v -73.750000 117.700000 -15.000000
vt 0.000000 0.000000
vn 0.000000 -0.000000 -1.000000
v -73.750000 115.700000 -15.000000
vt 1.000000 0.000000
vn 0.000000 -0.000000 -1.000000
v -85.500000 115.700000 -15.000000
vt 1.000000 1.000000
vn 0.000000 -0.000000 -1.000000
v -85.500000 117.700000 -15.000000
vt 0.000000 1.000000
vn 0.000000 -0.000000 -1.000000
f 2375/2375/2375 2376/2376/2376 2377/2377/2377
f 2375/2375/2375 2377/2377/2377 2378/2378/2378
v -85.500000 117.700000 -15.000000
vt 0.000000 0.000000
vn -1.000000 0.000000 0.000000
v -85.500000 115.700000 -15.000000
vt 1.000000 0.000000
vn -1.000000 0.000000 0.000000
v -85.500000 122.600000 -7.500000
vt 1.000000 1.000000
vn -1.000000 0.000000 0.000000
v -85.500000 124.600000 -7.500000
vt 0.000000 1.000000
vn -1.000000 0.000000 0.000000
f 2379/2379/2379 2380/2380/2380 2381/2381/2381
f 2379/2379/2379 2381/2381/2381 2382/2382/2382
v -73.250000 124.600000 -7.500000
vt 0.000000 0.000000
vn 0.000000 0.735931 -0.677057
v -61.500000 124.600000 -7.500000
vt 1.000000 0.000000
vn 0.000000 0.735931 -0.677057
v -61.500000 117.700000 -15.000000
vt 1.000000 1.000000
vn 0.000000 0.735931 -0.677057
v -73.250000 117.700000 -15.000000
vt 0.000000 1.000000
vn 0.000000 0.735931 -0.677057
f 2383/2383/2383 2384/2384/2384 2385/2385/2385
f 2383/2383/2383 2385/2385/2385 2386/2386/2386
v -73.250000 115.700000 -15.000000
vt 0.000000 0.000000
vn 0.000000 -0.735931 0.677057
v -61.500000 115.700000 -15.000000
vt 1.000000 0.000000
vn 0.000000 -0.735931 0.677057
v -61.500000 122.600000 -7.500000
vt 1.000000 1.000000
vn 0.000000 -0.735931 0.677057
v -73.250000 122.600000 -7.500000
vt 0.000000 1.000000
vn 0.000000 -0.735931 0.677057
f 2387/2387/2387 2388/2388/2388 2389/2389/2389
f 2387/2387/2387 2389/2389/2389 2390/2390/2390
v -73.250000 124.600000 -7.500000
vt 0.000000 0.000000
vn 0.000000 0.000000 1.000000
v -73.250000 122.600000 -7.500000
vt 1.000000 0.000000
vn 0.000000 0.000000 1.000000
v -61.500000 122.600000 -7.500000
vt 1.000000 1.000000
vn 0.000000 0.000000 1.000000
v -61.500000 124.600000 -7.500000
vt 0.000000 1.000000
vn 0.000000 0.000000 1.000000
f 2391/2391/2391 2392/2392/2392 2393/2393/2393
f 2391/2391/2391 2393/2393/2393 2394/2394/2394
v -61.500000 124.600000 -7.500000
vt 0.000000 0.000000
vn 1.000000 0.000000 0.000000
v -61.500000 122.600000 -7.500000
vt 1.000000 0.000000
vn 1.000000 0.000000 0.000000
v -61.500000 115.700000 -15.000000
vt 1.000000 1.000000
vn 1.000000 0.000000 0.000000
v -61.500000 117.700000 -15.000000
vt 0.000000 1.000000
vn 1.000000 0.000000 0.000000
f 2395/2395/2395 2396/2396/2396 2397/2397/2397
f 2395/2395/2395 2397/2397/2397 2398/2398/2398
v -61.500000 117.700000 -15.000000
vt 0.000000 0.000000
vn 0.000000 -0.000000 -1.000000
v -61.500000 115.700000 -15.000000
vt 1.000000 0.000000
vn 0.000000 -0.000000 -1.000000
v -73.250000 115.700000 -15.000000
vt 1.000000 1.000000
vn 0.000000 -0.000000 -1.000000
v -73.250000 117.700000 -15.000000
vt 0.000000 1.000000
vn 0.000000 -0.000000 -1.000000
f 2399/2399/2399 2400/2400/2400 2401/2401/2401
f 2399/2399/2399 2401/2401/2401 2402/2402/2402
v -73.250000 117.700000 -15.000000
vt 0.000000 0.000000
vn -1.000000 0.000000 0.000000
v -73.250000 115.700000 -15.000000
vt 1.000000 0.000000
vn -1.000000 0.000000 0.000000
v -73.250000 122.600000 -7.500000
vt 1.000000 1.000000
vn -1.000000 0.000000 0.000000
v -73.250000 124.600000 -7.500000
vt 0.000000 1.000000
vn -1.000000 0.000000 0.000000
f 2403/2403/2403 2404/2404/2404 2405/2405/2405
f 2403/2403/2403 2405/2405/2405 2406/2406/2406
v -36.500000 124.600000 -7.500000
vt 0.000000 0.000000
vn 0.000000 0.735931 -0.677057
v -24.750000 124.600000 -7.500000
vt 1.000000 0.000000
vn 0.000000 0.735931 -0.677057
v -24.750000 117.700000 -15.000000
vt 1.000000 1.000000
vn 0.000000 0.735931 -0.677057
v -36.500000 117.700000 -15.000000
vt 0.000000 1.000000
vn 0.000000 0.735931 -0.677057
f 2407/2407/2407 2408/2408/2408 2409/2409/2409
f 2407/2407/2407 2409/2409/2409 2410/2410/2410
v -36.500000 115.700000 -15.000000
vt 0.000000 0.000000
vn 0.000000 -0.735931 0.677057
v -24.750000 115.700000 -15.000000
vt 1.000000 0.000000
vn 0.000000 -0.735931 0.677057
v -24.750000 122.600000 -7.500000
vt 1.000000 1.000000
vn 0.000000 -0.735931 0.677057
v -36.500000 122.600000 -7.500000
vt 0.000000 1.000000
vn 0.000000 -0.735931 0.677057
f 2411/2411/2411 2412/2412/2412 2413/2413/2413
f 2411/2411/2411 2413/2413/2413 2414/2414/2414
v -36.500000 124.600000 -7.500000
vt 0.000000 0.000000
vn 0.000000 0.000000 1.000000
v -36.500000 122.600000 -7.500000
vt 1.000000 0.000000
vn 0.000000 0.000000 1.000000
v -24.750000 122.600000 -7.500000
vt 1.000000 1.000000
vn 0.000000 0.000000 1.000000
v -24.750000 124.600000 -7.500000
vt 0.000000 1.000000
vn 0.000000 0.000000 1.000000
f 2415/2415/2415 2416/2416/2416 2417/2417/2417
f 2415/2415/2415 2417/2417/2417 2418/2418/2418
v -24.750000 124.600000 -7.500000
vt 0.000000 0.000000
vn 1.000000 0.000000 0.000000
v -24.750000 122.600000 -7.500000
vt 1.000000 0.000000
vn 1.000000 0.000000 0.000000
v -24.750000 115.700000 -15.000000
vt 1.000000 1.000000
vn 1.000000 0.000000 0.000000
v -24.750000 117.700000 -15.000000
vt 0.000000 1.000000
vn 1.000000 0.000000 0.000000
f 2419/2419/2419 2420/2420/2420 2421/2421/2421
f 2419/2419/2419 2421/2421/2421 2422/2422/2422
v -24.750000 117.700000 -15.000000
vt 0.000000 0.000000
vn 0.000000 -0.000000 -1.000000
v -24.750000 115.700000 -15.000000
vt 1.000000 0.000000
vn 0.000000 -0.000000 -1.000000
v -36.500000 115.700000 -15.000000
vt 1.000000 1.000000
vn 0.000000 -0.000000 -1.000000
v -36.500000 117.700000 -15.000000
vt 0.000000 1.000000
vn 0.000000 -0.000000 -1.000000
f 2423/2423/2423 2424/2424/2424 2425/2425/2425
f 2423/2423/2423 2425/2425/2425 2426/2426/2426
v -36.500000 117.700000 -15.000000
vt 0.000000 0.000000
vn -1.000000 0.000000 0.000000
v -36.500000 115.700000 -15.000000
vt 1.000000 0.000000
vn -1.000000 0.000000 0.000000
v -36.500000 122.600000 -7.500000
vt 1.000000 1.000000
vn -1.000000 0.000000 0.000000
v -36.500000 124.600000 -7.500000
vt 0.000000 1.000000
vn -1.000000 0.000000 0.000000
f 2427/2427/2427 2428/2428/2428 2429/2429/2429
f 2427/2427/2427 2429/2429/2429 2430/2430/2430
v -24.250000 124.600000 -7.500000
vt 0.000000 0.000000
vn 0.000000 0.735931 -0.677057
v -12.500000 124.600000 -7.500000
vt 1.000000 0.000000
vn 0.000000 0.735931 -0.677057
v -12.500000 117.700000 -15.000000
vt 1.000000 1.000000
vn 0.000000 0.735931 -0.677057
v -24.250000 117.700000 -15.000000
vt 0.000000 1.000000
vn 0.000000 0.735931 -0.677057
f 2431/2431/2431 2432/2432/2432 2433/2433/2433
f 2431/2431/2431 2433/2433/2433 2434/2434/2434
v -24.250000 115.700000 -15.000000
vt 0.000000 0.000000
vn 0.000000 -0.735931 0.677057
v -12.500000 115.700000 -15.000000
vt 1.000000 0.000000
vn 0.000000 -0.735931 0.677057
v -12.500000 122.600000 -7.500000
vt 1.000000 1.000000
vn 0.000000 -0.735931 0.677057
v -24.250000 122.600000 -7.500000
vt 0.000000 1.000000
vn 0.000000 -0.735931 0.677057
f 2435/2435/2435 2436/2436/2436 2437/2437/2437
f 2435/2435/2435 2437/2437/2437 2438/2438/2438
v -24.250000 124.600000 -7.500000
vt 0.000000 0.000000
vn 0.000000 0.000000 1.000000
v -24.250000 122.600000 -7.500000
vt 1.000000 0.000000
vn 0.000000 0.000000 1.000000
v -12.500000 122.600000 -7.500000
vt 1.000000 1.000000
vn 0.000000 0.000000 1.000000
v -12.500000 124.600000 -7.500000
vt 0.000000 1.000000
vn 0.000000 0.000000 1.000000
f 2439/2439/2439 2440/2440/2440 2441/2441/2441
f 2439/2439/2439 2441/2441/2441 2442/2442/2442
v -12.500000 124.600000 -7.500000
vt 0.000000 0.000000
vn 1.000000 0.000000 0.000000
v -12.500000 122.600000 -7.500000
vt 1.000000 0.000000
vn 1.000000 0.000000 0.000000
v -12.500000 115.700000 -15.000000
vt 1.000000 1.000000
vn 1.000000 0.000000 0.000000
v -12.500000 117.700000 -15.000000
vt 0.000000 1.000000
vn 1.000000 0.000000 0.000000
f 2443/2443/2443 2444/2444/2444 2445/2445/2445
f 2443/2443/2443 2445/2445/2445 2446/2446/2446
v -12.500000 117.700000 -15.000000
vt 0.000000 0.000000
vn 0.000000 -0.000000 -1.000000
v -12.500000 115.700000 -15.000000
vt 1.000000 0.000000
vn 0.000000 -0.000000 -1.000000
v -24.250000 115.700000 -15.000000
vt 1.000000 1.000000
vn 0.000000 -0.000000 -1.000000
v -24.250000 117.700000 -15.000000
vt 0.000000 1.000000
vn 0.000000 -0.000000 -1.000000
f 2447/2447/2447 2448/2448/2448 2449/2449/2449
f 2447/2447/2447 2449/2449/2449 2450/2450/2450
v -24.250000 117.700000 -15.000000
vt 0.000000 0.000000
vn -1.000000 0.000000 0.000000
v -24.250000 115.700000 -15.000000
vt 1.000000 0.000000
vn -1.000000 0.000000 0.000000
v -24.250000 122.600000 -7.500000
vt 1.000000 1.000000
vn -1.000000 0.000000 0.000000
v -24.250000 124.600000 -7.500000
vt 0.000000 1.000000
vn -1.000000 0.000000 0.000000
f 2451/2451/2451 2452/2452/2452 2453/2453/2453
f 2451/2451/2451 2453/2453/2453 2454/2454/2454
v -12.000000 124.600000 -7.500000
vt 0.000000 0.000000
vn 0.000000 0.735931 -0.677057
v -0.250000 124.600000 -7.500000
vt 1.000000 0.000000
vn 0.000000 0.735931 -0.677057
v -0.250000 117.700000 -15.000000
vt 1.000000 1.000000
vn 0.000000 0.735931 -0.677057
v -12.000000 117.700000 -15.000000
vt 0.000000 1.000000
vn 0.000000 0.735931 -0.677057
f 2455/2455/2455 2456/2456/2456 2457/2457/2457
f 2455/2455/2455 2457/2457/2457 2458/2458/2458
v -12.000000 115.700000 -15.000000
vt 0.000000 0.000000
vn 0.000000 -0.735931 0.677057
v -0.250000 115.700000 -15.000000
vt 1.000000 0.000000
vn 0.000000 -0.735931 0.677057
v -0.250000 122.600000 -7.500000
vt 1.000000 1.000000
vn 0.000000 -0.735931 0.677057
v -12.000000 122.600000 -7.500000
vt 0.000000 1.000000
vn 0.000000 -0.735931 0.677057
f 2459/2459/2459 2460/2460/2460 2461/2461/2461
f 2459/2459/2459 2461/2461/2461 2462/2462/2462
v -12.000000 124.600000 -7.500000
vt 0.000000 0.000000
vn 0.000000 0.000000 1.000000
v -12.000000 122.600000 -7.500000
vt 1.000000 0.000000
vn 0.000000 0.000000 1.000000
v -0.250000 122.600000 -7.500000
vt 1.000000 1.000000
vn 0.000000 0.000000 1.000000
v -0.250000 124.600000 -7.500000
vt 0.000000 1.000000
vn 0.000000 0.000000 1.000000
f 2463/2463/2463 2464/2464/2464 2465/2465/2465
f 2463/2463/2463 2465/2465/2465 2466/2466/2466
v -0.250000 124.600000 -7.500000
vt 0.000000 0.000000
vn 1.000000 0.000000 0.000000
v -0.250000 122.600000 -7.500000
vt 1.000000 0.000000
vn 1.000000 0.000000 0.000000
v -0.250000 115.700000 -15.000000
vt 1.000000 1.000000
vn 1.000000 0.000000 0.000000
v -0.250000 117.700000 -15.000000
vt 0.000000 1.000000
vn 1.000000 0.000000 0.000000
f 2467/2467/2467 2468/2468/2468 2469/2469/2469
f 2467/2467/2467 2469/2469/2469 2470/2470/2470
v -0.250000 117.700000 -15.000000
vt 0.000000 0.000000
vn 0.000000 -0.000000 -1.000000
v -0.250000 115.700000 -15.000000
vt 1.000000 0.000000
vn 0.000000 -0.000000 -1.000000
v -12.000000 115.700000 -15.000000
vt 1.000000 1.000000
vn 0.000000 -0.000000 -1.000000
v -12.000000 117.700000 -15.000000
vt 0.000000 1.000000
vn 0.000000 -0.000000 -1.000000
f 2471/2471/2471 2472/2472/2472 2473/2473/2473
f 2471/2471/2471 2473/2473/2473 2474/2474/2474
v -12.000000 117.700000 -15.000000
vt 0.000000 0.000000
vn -1.000000 0.000000 0.000000
v -12.000000 115.700000 -15.000000
vt 1.000000 0.000000
vn -1.000000 0.000000 0.000000
v -12.000000 122.600000 -7.500000
vt 1.000000 1.000000
vn -1.000000 0.000000 0.000000
v -12.000000 124.600000 -7.500000
vt 0.000000 1.000000
vn -1.000000 0.000000 0.000000
f 2475/2475/2475 2476/2476/2476 2477/2477/2477
f 2475/2475/2475 2477/2477/2477 2478/2478/2478
v 0.250000 124.600000 -7.500000
vt 0.000000 0.000000
vn 0.000000 0.735931 -0.677057
v 12.000000 124.600000 -7.500000
vt 1.000000 0.000000
vn 0.000000 0.735931 -0.677057
v 12.000000 117.700000 -15.000000
vt 1.000000 1.000000
vn 0.000000 0.735931 -0.677057
v 0.250000 117.700000 -15.000000
vt 0.000000 1.000000
vn 0.000000 0.735931 -0.677057
f 2479/2479/2479 2480/2480/2480 2481/2481/2481
f 2479/2479/2479 2481/2481/2481 2482/2482/2482
v 0.250000 115.700000 -15.000000
vt 0.000000 0.000000
vn 0.000000 -0.735931 0.677057
v 12.000000 115.700000 -15.000000
vt 1.000000 0.000000
vn 0.000000 -0.735931 0.677057
v 12.000000 122.600000 -7.500000
vt 1.000000 1.000000
vn 0.000000 -0.735931 0.677057
v 0.250000 122.600000 -7.500000
vt 0.000000 1.000000
vn 0.000000 -0.735931 0.677057
f 2483/2483/2483 2484/2484/2484 2485/2485/2485
f 2483/2483/2483 2485/2485/2485 2486/2486/2486
v 0.250000 124.600000 -7.500000
vt 0.000000 0.000000
vn 0.000000 0.000000 1.000000
v 0.250000 122.600000 -7.500000
vt 1.000000 0.000000
vn 0.000000 0.000000 1.000000
v 12.000000 122.600000 -7.500000
vt 1.000000 1.000000
vn 0.000000 0.000000 1.000000
v 12.000000 124.600000 -7.500000
vt 0.000000 1.000000
vn 0.000000 0.000000 1.000000
f 2487/2487/2487 2488/2488/2488 2489/2489/2489
f 2487/2487/2487 2489/2489/2489 2490/2490/2490
v 12.000000 124.600000 -7.500000
vt 0.000000 0.000000
vn 1.000000 0.000000 0.000000
v 12.000000 122.600000 -7.500000
vt 1.000000 0.000000
vn 1.000000 0.000000 0.000000
v 12.000000 115.700000 -15.000000
vt 1.000000 1.000000
vn 1.000000 0.000000 0.000000
v 12.000000 117.700000 -15.000000
vt 0.000000 1.000000
vn 1.000000 0.000000 0.000000
f 2491/2491/2491 2492/2492/2492 2493/2493/2493
f 2491/2491/2491 2493/2493/2493 2494/2494/2494
v 12.000000 117.700000 -15.000000
vt 0.000000 0.000000
vn 0.000000 -0.000000 -1.000000
v 12.000000 115.700000 -15.000000
vt 1.000000 0.000000
vn 0.000000 -0.000000 -1.000000
v 0.250000 115.700000 -15.000000
vt 1.000000 1.000000
vn 0.000000 -0.000000 -1.000000
v 0.250000 117.700000 -15.000000
vt 0.000000 1.000000
vn 0.000000 -0.000000 -1.000000
f 2495/2495/2495 2496/2496/2496 2497/2497/2497
f 2495/2495/2495 2497/2497/2497 2498/2498/2498
v 0.250000 117.700000 -15.000000
vt 0.000000 0.000000
vn -1.000000 0.000000 0.000000
v 0.250000 115.700000 -15.000000
vt 1.000000 0.000000
vn -1.000000 0.000000 0.000000
v 0.250000 122.600000 -7.500000
vt 1.000000 1.000000
vn -1.000000 0.000000 0.000000
v 0.250000 124.600000 -7.500000
vt 0.000000 1.000000
vn -1.000000 0.000000 0.000000
f 2499/2499/2499 2500/2500/2500 2501/2501/2501
f 2499/2499/2499 2501/2501/2501 2502/2502/2502
v 37.000000 124.600000 -7.500000
vt 0.000000 0.000000
vn 0.000000 0.735931 -0.677057
v 48.750000 124.600000 -7.500000
vt 1.000000 0.000000
vn 0.000000 0.735931 -0.677057
v 48.750000 117.700000 -15.000000
vt 1.000000 1.000000
vn 0.000000 0.735931 -0.677057
v 37.000000 117.700000 -15.000000
vt 0.000000 1.000000
vn 0.000000 0.735931 -0.677057
f 2503/2503/2503 2504/2504/2504 2505/2505/2505
f 2503/2503/2503 2505/2505/2505 2506/2506/2506
v 37.000000 115.700000 -15.000000
vt 0.000000 0.000000
vn 0.000000 -0.735931 0.677057
v 48.750000 115.700000 -15.000000
vt 1.000000 0.000000
vn 0.000000 -0.735931 0.677057
v 48.750000 122.600000 -7.500000
vt 1.000000 1.000000
vn 0.000000 -0.735931 0.677057
v 37.000000 122.600000 -7.500000
vt 0.000000 1.000000
vn 0.000000 -0.735931 0.677057
f 2507/2507/2507 2508/2508/2508 2509/2509/2509
f 2507/2507/2507 2509/2509/2509 2510/2510/2510
v 37.000000 124.600000 -7.500000
vt 0.000000 0.000000
vn 0.000000 0.000000 1.000000
v 37.000000 122.600000 -7.500000
vt 1.000000 0.000000
vn 0.000000 0.000000 1.000000
v 48.750000 122.600000 -7.500000
vt 1.000000 1.000000
vn 0.000000 0.000000 1.000000
v 48.750000 124.600000 -7.500000
vt 0.000000 1.000000
vn 0.000000 0.000000 1.000000
f 2511/2511/2511 2512/2512/2512 2513/2513/2513
f 2511/2511/2511 2513/2513/2513 2514/2514/2514
v 48.750000 124.600000 -7.500000
vt 0.000000 0.000000
vn 1.000000 0.000000 0.000000
v 48.750000 122.600000 -7.500000
vt 1.000000 0.000000
vn 1.000000 0.000000 0.000000
v 48.750000 115.700000 -15.000000
vt 1.000000 1.000000
vn 1.000000 0.000000 0.000000
v 48.750000 117.700000 -15.000000
vt 0.000000 1.000000
vn 1.000000 0.000000 0.000000
f 2515/2515/2515 2516/2516/2516 2517/2517/2517
f 2515/2515/2515 2517/2517/2517 2518/2518/2518
v 48.750000 117.700000 -15.000000
vt 0.000000 0.000000
vn 0.000000 -0.000000 -1.000000
v 48.750000 115.700000 -15.000000
vt 1.000000 0.000000
vn 0.000000 -0.000000 -1.000000
v 37.000000 115.700000 -15.000000
vt 1.000000 1.000000
vn 0.000000 -0.000000 -1.000000
v 37.000000 117.700000 -15.000000
vt 0.000000 1.000000
vn 0.000000 -0.000000 -1.000000
f 2519/2519/2519 2520/2520/2520 2521/2521/2521
f 2519/2519/2519 2521/2521/2521 2522/2522/2522
v 37.000000 117.700000 -15.000000
vt 0.000000 0.000000
vn -1.000000 0.000000 0.000000
v 37.000000 115.700000 -15.000000
vt 1.000000 0.000000
vn -1.000000 0.000000 0.000000
v 37.000000 122.600000 -7.500000
vt 1.000000 1.000000
vn -1.000000 0.000000 0.000000
v 37.000000 124.600000 -7.500000
vt 0.000000 1.000000
vn -1.000000 0.000000 0.000000
f 2523/2523/2523 2524/2524/2524 2525/2525/2525
f 2523/2523/2523 2525/2525/2525 2526/2526/2526
v 49.250000 124.600000 -7.500000
vt 0.000000 0.000000
vn 0.000000 0.735931 -0.677057
v 61.000000 124.600000 -7.500000
vt 1.000000 0.000000
vn 0.000000 0.735931 -0.677057
v 61.000000 117.700000 -15.000000
vt 1.000000 1.000000
vn 0.000000 0.735931 -0.677057
v 49.250000 117.700000 -15.000000
vt 0.000000 1.000000
vn 0.000000 0.735931 -0.677057
f 2527/2527/2527 2528/2528/2528 2529/2529/2529
f 2527/2527/2527 2529/2529/2529 2530/2530/2530
v 49.250000 115.700000 -15.000000
vt 0.000000 0.000000
vn 0.000000 -0.735931 0.677057
v 61.000000 115.700000 -15.000000
vt 1.000000 0.000000
vn 0.000000 -0.735931 0.677057
v 61.000000 122.600000 -7.500000
vt 1.000000 1.000000
vn 0.000000 -0.735931 0.677057
v 49.250000 122.600000 -7.500000
vt 0.000000 1.000000
vn 0.000000 -0.735931 0.677057
f 2531/2531/2531 2532/2532/2532 2533/2533/2533
f 2531/2531/2531 2533/2533/2533 2534/2534/2534
v 49.250000 124.600000 -7.500000
vt 0.000000 0.000000
vn 0.000000 0.000000 1.000000
v 49.250000 122.600000 -7.500000
vt 1.000000 0.000000
vn 0.000000 0.000000 1.000000
v 61.000000 122.600000 -7.500000
vt 1.000000 1.000000
vn 0.000000 0.000000 1.000000
v 61.000000 124.600000 -7.500000
vt 0.000000 1.000000
vn 0.000000 0.000000 1.000000
f 2535/2535/2535 2536/2536/2536 2537/2537/2537
f 2535/2535/2535 2537/2537/2537 2538/2538/2538
v 61.000000 124.600000 -7.500000
vt 0.000000 0.000000
vn 1.000000 0.000000 0.000000
v 61.000000 122.600000 -7.500000
vt 1.000000 0.000000
vn 1.000000 0.000000 0.000000
v 61.000000 115.700000 -15.000000
vt 1.000000 1.000000
vn 1.000000 0.000000 0.000000
v 61.000000 117.700000 -15.000000
vt 0.000000 1.000000
vn 1.000000 0.000000 0.000000
f 2539/2539/2539 2540/2540/2540 2541/2541/2541
f 2539/2539/2539 2541/2541/2541 2542/2542/2542
v 61.000000 117.700000 -15.000000
vt 0.000000 0.000000
vn 0.000000 -0.000000 -1.000000
v 61.000000 115.700000 -15.000000
vt 1.000000 0.000000
vn 0.000000 -0.000000 -1.000000
v 49.250000 115.700000 -15.000000
vt 1.000000 1.000000
vn 0.000000 -0.000000 -1.000000
v 49.250000 117.700000 -15.000000
vt 0.000000 1.000000
vn 0.000000 -0.000000 -1.000000
f 2543/2543/2543 2544/2544/2544 2545/2545/2545
f 2543/2543/2543 2545/2545/2545 2546/2546/2546
v 49.250000 117.700000 -15.000000
vt 0.000000 0.000000
vn -1.000000 0.000000 0.000000
v 49.250000 115.700000 -15.000000
vt 1.000000 0.000000
vn -1.000000 0.000000 0.000000
v 49.250000 122.600000 -7.500000
vt 1.000000 1.000000
vn -1.000000 0.000000 0.000000
v 49.250000 124.600000 -7.500000
vt 0.000000 1.000000
vn -1.000000 0.000000 0.000000
f 2547/2547/2547 2548/2548/2548 2549/2549/2549
f 2547/2547/2547 2549/2549/2549 2550/2550/2550
v 61.500000 124.600000 -7.500000
vt 0.000000 0.000000
vn 0.000000 0.735931 -0.677057
v 73.250000 124.600000 -7.500000
vt 1.000000 0.000000
vn 0.000000 0.735931 -0.677057
v 73.250000 117.700000 -15.000000
vt 1.000000 1.000000
vn 0.000000 0.735931 -0.677057
v 61.500000 117.700000 -15.000000
vt 0.000000 1.000000
vn 0.000000 0.735931 -0.677057
f 2551/2551/2551 2552/2552/2552 2553/2553/2553
f 2551/2551/2551 2553/2553/2553 2554/2554/2554
v 61.500000 115.700000 -15.000000
vt 0.000000 0.000000
vn 0.000000 -0.735931 0.677057
v 73.250000 115.700000 -15.000000
vt 1.000000 0.000000
vn 0.000000 -0.735931 0.677057
v 73.250000 122.600000 -7.500000
vt 1.000000 1.000000
vn 0.000000 -0.735931 0.677057
v 61.500000 122.600000 -7.500000
vt 0.000000 1.000000
vn 0.000000 -0.735931 0.677057
f 2555/2555/2555 2556/2556/2556 2557/2557/2557
f 2555/2555/2555 2557/2557/2557 2558/2558/2558
v 61.500000 124.600000 -7.500000
vt 0.000000 0.000000
vn 0.000000 0.000000 1.000000
v 61.500000 122.600000 -7.500000
vt 1.000000 0.000000
vn 0.000000 0.000000 1.000000
v 73.250000 122.600000 -7.500000
vt 1.000000 1.000000
vn 0.000000 0.000000 1.000000
v 73.250000 124.600000 -7.500000
vt 0.000000 1.000000
vn 0.000000 0.000000 1.000000
f 2559/2559/2559 2560/2560/2560 2561/2561/2561
f 2559/2559/2559 2561/2561/2561 2562/2562/2562
v 73.250000 124.600000 -7.500000
vt 0.000000 0.000000
vn 1.000000 0.000000 0.000000
v 73.250000 122.600000 -7.500000
vt 1.000000 0.000000
vn 1.000000 0.000000 0.000000
v 73.250000 115.700000 -15.000000
vt 1.000000 1.000000
vn 1.000000 0.000000 0.000000
v 73.250000 117.700000 -15.000000
vt 0.000000 1.000000
vn 1.000000 0.000000 0.000000
f 2563/2563/2563 2564/2564/2564 2565/2565/2565
f 2563/2563/2563 2565/2565/2565 2566/2566/2566
v 73.250000 117.700000 -15.000000
vt 0.000000 0.000000
vn 0.000000 -0.000000 -1.000000
v 73.250000 115.700000 -15.000000
vt 1.000000 0.000000
vn 0.000000 -0.000000 -1.000000
v 61.500000 115.700000 -15.000000
vt 1.000000 1.000000
vn 0.000000 -0.000000 -1.000000
v 61.500000 117.700000 -15.000000
vt 0.000000 1.000000
vn 0.000000 -0.000000 -1.000000
f 2567/2567/2567 2568/2568/2568 2569/2569/2569
f 2567/2567/2567 2569/2569/2569 2570/2570/2570
v 61.500000 117.700000 -15.000000
vt 0.000000 0.000000
vn -1.000000 0.000000 0.000000
v 61.500000 115.700000 -15.000000
vt 1.000000 0.000000
vn -1.000000 0.000000 0.000000
v 61.500000 122.600000 -7.500000
vt 1.000000 1.000000
vn -1.000000 0.000000 0.000000
v 61.500000 124.600000 -7.500000
vt 0.000000 1.000000
vn -1.000000 0.000000 0.000000
f 2571/2571/2571 2572/2572/2572 2573/2573/2573
f 2571/2571/2571 2573/2573/2573 2574/2574/2574
v -97.750000 117.700000 -15.000000
vt 0.000000 0.000000
vn 0.000000 0.735931 -0.677057
v -86.000000 117.700000 -15.000000
vt 1.000000 0.000000
vn 0.000000 0.735931 -0.677057
v -86.000000 110.800000 -22.500000
vt 1.000000 1.000000
vn 0.000000 0.735931 -0.677057
v -97.750000 110.800000 -22.500000
vt 0.000000 1.000000
vn 0.000000 0.735931 -0.677057
f 2575/2575/2575 2576/2576/2576 2577/2577/2577
f 2575/2575/2575 2577/2577/2577 2578/2578/2578
v -97.750000 108.800000 -22.500000
vt 0.000000 0.000000
vn 0.000000 -0.735931 0.677057
v -86.000000 108.800000 -22.500000
vt 1.000000 0.000000
vn 0.000000 -0.735931 0.677057
v -86.000000 115.700000 -15.000000
vt 1.000000 1.000000
vn 0.000000 -0.735931 0.677057
v -97.750000 115.700000 -15.000000
vt 0.000000 1.000000
vn 0.000000 -0.735931 0.677057
f 2579/2579/2579 2580/2580/2580 2581/2581/2581
f 2579/2579/2579 2581/2581/2581 2582/2582/2582
v -97.750000 117.700000 -15.000000
vt 0.000000 0.000000
vn 0.000000 0.000000 1.000000
v -97.750000 115.700000 -15.000000
vt 1.000000 0.000000
vn 0.000000 0.000000 1.000000
v -86.000000 115.700000 -15.000000
vt 1.000000 1.000000
vn 0.000000 0.000000 1.000000
v -86.000000 117.700000 -15.000000
vt 0.000000 1.000000
vn 0.000000 0.000000 1.000000
f 2583/2583/2583 2584/2584/2584 2585/2585/2585
f 2583/2583/2583 2585/2585/2585 2586/2586/2586
v -86.000000 117.700000 -15.000000
vt 0.000000 0.000000
vn 1.000000 0.000000 0.000000
v -86.000000 115.700000 -15.000000
vt 1.000000 0.000000
vn 1.000000 0.000000 0.000000
v -86.000000 108.800000 -22.500000
vt 1.000000 1.000000
vn 1.000000 0.000000 0.000000
v -86.000000 110.800000 -22.500000
vt 0.000000 1.000000
vn 1.000000 0.000000 0.000000
f 2587/2587/2587 2588/2588/2588 2589/2589/2589
f 2587/2587/2587 2589/2589/2589 2590/2590/2590
v -86.000000 110.800000 -22.500000
vt 0.000000 0.000000
vn 0.000000 -0.000000 -1.000000
v -86.000000 108.800000 -22.500000
vt 1.000000 0.000000
vn 0.000000 -0.000000 -1.000000
v -97.750000 108.800000 -22.500000
vt 1.000000 1.000000
vn 0.000000 -0.000000 -1.000000
v -97.750000 110.800000 -22.500000
vt 0.000000 1.000000
vn 0.000000 -0.000000 -1.000000
f 2591/2591/2591 2592/2592/2592 2593/2593/2593
f 2591/2591/2591 2593/2593/2593 2594/2594/2594
v -97.750000 110.800000 -22.500000
vt 0.000000 0.000000
vn -1.000000 0.000000 0.000000
v -97.750000 108.800000 -22.500000
vt 1.000000 0.000000
vn -1.000000 0.000000 0.000000
v -97.750000 115.700000 -15.000000
vt 1.000000 1.000000
vn -1.000000 0.000000 0.000000
v -97.750000 117.700000 -15.000000
vt 0.000000 1.000000
vn -1.000000 0.000000 0.000000
f 2595/2595/2595 2596/2596/2596 2597/2597/2597
f 2595/2595/2595 2597/2597/2597 2598/2598/2598
v -85.500000 117.700000 -15.000000
vt 0.000000 0.000000
vn 0.000000 0.735931 -0.677057
v -73.750000 117.700000 -15.000000
vt 1.000000 0.000000
vn 0.000000 0.735931 -0.677057
v -73.750000 110.800000 -22.500000
vt 1.000000 1.000000
vn 0.000000 0.735931 -0.677057
v -85.500000 110.800000 -22.500000
vt 0.000000 1.000000
vn 0.000000 0.735931 -0.677057
f 2599/2599/2599 2600/2600/2600 2601/2601/2601
f 2599/2599/2599 2601/2601/2601 2602/2602/2602
v -85.500000 108.800000 -22.500000
vt 0.000000 0.000000
vn 0.000000 -0.735931 0.677057
v -73.750000 108.800000 -22.500000
vt 1.000000 0.000000
vn 0.000000 -0.735931 0.677057
v -73.750000 115.700000 -15.000000
vt 1.000000 1.000000
vn 0.000000 -0.735931 0.677057
v -85.500000 115.700000 -15.000000
vt 0.000000 1.000000
vn 0.000000 -0.735931 0.677057
f 2603/2603/2603 2604/2604/2604 2605/2605/2605
f 2603/2603/2603 2605/2605/2605 2606/2606/2606
v -85.500000 117.700000 -15.000000
vt 0.000000 0.000000
vn 0.000000 0.000000 1.000000
v -85.500000 115.700000 -15.000000
vt 1.000000 0.000000
vn 0.000000 0.000000 1.000000
v -73.750000 115.700000 -15.000000
vt 1.000000 1.000000
vn 0.000000 0.000000 1.000000
v -73.750000 117.700000 -15.000000
vt 0.000000 1.000000
vn 0.000000 0.000000 1.000000
f 2607/2607/2607 2608/2608/2608 2609/2609/2609
f 2607/2607/2607 2609/2609/2609 2610/2610/2610
v -73.750000 117.700000 -15.000000
vt 0.000000 0.000000
vn 1.000000 0.000000 0.000000
v -73.750000 115.700000 -15.000000
vt 1.000000 0.000000
vn 1.000000 0.000000 0.000000
v -73.750000 108.800000 -22.500000
vt 1.000000 1.000000
vn 1.000000 0.000000 0.000000
v -73.750000 110.800000 -22.500000
vt 0.000000 1.000000
vn 1.000000 0.000000 0.000000
f 2611/2611/2611 2612/2612/2612 2613/2613/2613
f 2611/2611/2611 2613/2613/2613 2614/2614/2614
v -73.750000 110.800000 -22.500000
vt 0.000000 0.000000
vn 0.000000 -0.000000 -1.000000
v -73.750000 108.800000 -22.500000
vt 1.000000 0.000000
vn 0.000000 -0.000000 -1.000000
v -85.500000 108.800000 -22.500000
vt 1.000000 1.000000
vn 0.000000 -0.000000 -1.000000
v -85.500000 110.800000 -22.500000
vt 0.000000 1.000000
vn 0.000000 -0.000000 -1.000000
f 2615/2615/2615 2616/2616/2616 2617/2617/2617
f 2615/2615/2615 2617/2617/2617 2618/2618/2618
v -85.500000 110.800000 -22.500000
vt 0.000000 0.000000
vn -1.000000 0.000000 0.000000
v -85.500000 108.800000 -22.500000
vt 1.000000 0.000000
vn -1.000000 0.000000 0.000000
v -85.500000 115.700000 -15.000000
vt 1.000000 1.000000
vn -1.000000 0.000000 0.000000
v -85.500000 117.700000 -15.000000
vt 0.000000 1.000000
vn -1.000000 0.000000 0.000000
f 2619/2619/2619 2620/2620/2620 2621/2621/2621
f 2619/2619/2619 2621/2621/2621 2622/2622/2622
v -73.250000 117.700000 -15.000000
vt 0.000000 0.000000
vn 0.000000 0.735931 -0.677057
v -61.500000 117.700000 -15.000000
vt 1.000000 0.000000
vn 0.000000 0.735931 -0.677057
v -61.500000 110.800000 -22.500000
vt 1.000000 1.000000
vn 0.000000 0.735931 -0.677057
v -73.250000 110.800000 -22.500000
vt 0.000000 1.000000
vn 0.000000 0.735931 -0.677057
f 2623/2623/2623 2624/2624/2624 2625/2625/2625
f 2623/2623/2623 2625/2625/2625 2626/2626/2626
v -73.250000 108.800000 -22.500000
vt 0.000000 0.000000
vn 0.000000 -0.735931 0.677057
v -61.500000 108.800000 -22.500000
vt 1.000000 0.000000
vn 0.000000 -0.735931 0.677057
v -61.500000 115.700000 -15.000000
vt 1.000000 1.000000
vn 0.000000 -0.735931 0.677057
v -73.250000 115.700000 -15.000000
vt 0.000000 1.000000
vn 0.000000 -0.735931 0.677057
f 2627/2627/2627 2628/2628/2628 2629/2629/2629
f 2627/2627/2627 2629/2629/2629 2630/2630/2630
v -73.250000 117.700000 -15.000000
vt 0.000000 0.000000
vn 0.000000 0.000000 1.000000
v -73.250000 115.700000 -15.000000
vt 1.000000 0.000000
vn 0.000000 0.000000 1.000000
v -61.500000 115.700000 -15.000000
vt 1.000000 1.000000
vn 0.000000 0.000000 1.000000
v -61.500000 117.700000 -15.000000
vt 0.000000 1.000000
vn 0.000000 0.000000 1.000000
f 2631/2631/2631 2632/2632/2632 2633/2633/2633
f 2631/2631/2631 2633/2633/2633 2634/2634/2634
v -61.500000 117.700000 -15.000000
vt 0.000000 0.000000
vn 1.000000 0.000000 0.000000
v -61.500000 115.700000 -15.000000
vt 1.000000 0.000000
vn 1.000000 0.000000 0.000000
v -61.500000 108.800000 -22.500000
vt 1.000000 1.000000
vn 1.000000 0.000000 0.000000
v -61.500000 110.800000 -22.500000
vt 0.000000 1.000000
vn 1.000000 0.000000 0.000000
f 2635/2635/2635 2636/2636/2636 2637/2637/2637
f 2635/2635/2635 2637/2637/2637 2638/2638/2638
v -61.500000 110.800000 -22.500000
vt 0.000000 0.000000
vn 0.000000 -0.000000 -1.000000
v -61.500000 108.800000 -22.500000
vt 1.000000 0.000000
vn 0.000000 -0.000000 -1.000000
v -73.250000 108.800000 -22.500000
vt 1.000000 1.000000
vn 0.000000 -0.000000 -1.000000
v -73.250000 110.800000 -22.500000
vt 0.000000 1.000000
vn 0.000000 -0.000000 -1.000000
f 2639/2639/2639 2640/2640/2640 2641/2641/2641
f 2639/2639/2639 2641/2641/2641 2642/2642/2642
v -73.250000 110.800000 -22.500000
vt 0.000000 0.000000
vn -1.000000 0.000000 0.000000
v -73.250000 108.800000 -22.500000
vt 1.000000 0.000000
vn -1.000000 0.000000 0.000000
v -73.250000 115.700000 -15.000000
vt 1.000000 1.000000
vn -1.000000 0.000000 0.000000
v -73.250000 117.700000 -15.000000
vt 0.000000 1.000000
vn -1.000000 0.000000 0.000000
f 2643/2643/2643 2644/2644/2644 2645/2645/2645
f 2643/2643/2643 2645/2645/2645 2646/2646/2646
v -61.000000 117.700000 -15.000000
vt 0.000000 0.000000
vn 0.000000 0.735931 -0.677057
v -49.250000 117.700000 -15.000000
vt 1.000000 0.000000
vn 0.000000 0.735931 -0.677057
v -49.250000 110.800000 -22.500000
vt 1.000000 1.000000
vn 0.000000 0.735931 -0.677057
v -61.000000 110.800000 -22.500000
vt 0.000000 1.000000
vn 0.000000 0.735931 -0.677057
f 2647/2647/2647 2648/2648/2648 2649/2649/2649
f 2647/2647/2647 2649/2649/2649 2650/2650/2650
v -61.000000 108.800000 -22.500000
vt 0.000000 0.000000
vn 0.000000 -0.735931 0.677057
v -49.250000 108.800000 -22.500000
vt 1.000000 0.000000
vn 0.000000 -0.735931 0.677057
v -49.250000 115.700000 -15.000000
vt 1.000000 1.000000
vn 0.000000 -0.735931 0.677057
v -61.000000 115.700000 -15.000000
vt 0.000000 1.000000
vn 0.000000 -0.735931 0.677057
f 2651/2651/2651 2652/2652/2652 2653/2653/2653
f 2651/2651/2651 2653/2653/2653 2654/2654/2654
v -61.000000 117.700000 -15.000000
vt 0.000000 0.000000
vn 0.000000 0.000000 1.000000
v -61.000000 115.700000 -15.000000
vt 1.000000 0.000000
vn 0.000000 0.000000 1.000000
v -49.250000 115.700000 -15.000000
vt 1.000000 1.000000
vn 0.000000 0.000000 1.000000
v -49.250000 117.700000 -15.000000
vt 0.000000 1.000000
vn 0.000000 0.000000 1.000000
f 2655/2655/2655 2656/2656/2656 2657/2657/2657
f 2655/2655/2655 2657/2657/2657 2658/2658/2658
v -49.250000 117.700000 -15.000000
vt 0.000000 0.000000
vn 1.000000 0.000000 0.000000
v -49.250000 115.700000 -15.000000
vt 1.000000 0.000000
vn 1.000000 0.000000 0.000000
v -49.250000 108.800000 -22.500000
vt 1.000000 1.000000
vn 1.000000 0.000000 0.000000
v -49.250000 110.800000 -22.500000
vt 0.000000 1.000000
vn 1.000000 0.000000 0.000000
f 2659/2659/2659 2660/2660/2660 2661/2661/2661
f 2659/2659/2659 2661/2661/2661 2662/2662/2662
v -49.250000 110.800000 -22.500000
vt 0.000000 0.000000
vn 0.000000 -0.000000 -1.000000
v -49.250000 108.800000 -22.500000
vt 1.000000 0.000000
vn 0.000000 -0.000000 -1.000000
v -61.000000 108.800000 -22.500000
vt 1.000000 1.000000
vn 0.000000 -0.000000 -1.000000
v -61.000000 110.800000 -22.500000
vt 0.000000 1.000000
vn 0.000000 -0.000000 -1.000000
f 2663/2663/2663 2664/2664/2664 2665/2665/2665
f 2663/2663/2663 2665/2665/2665 2666/2666/2666
v -61.000000 110.800000 -22.500000
vt 0.000000 0.000000
vn -1.000000 0.000000 0.000000
v -61.000000 108.800000 -22.500000
vt 1.000000 0.000000
vn -1.000000 0.000000 0.000000
v -61.000000 115.700000 -15.000000
vt 1.000000 1.000000
vn -1.000000 0.000000 0.000000
v -61.000000 117.700000 -15.000000
vt 0.000000 1.000000
vn -1.000000 0.000000 0.000000
f 2667/2667/2667 2668/2668/2668 2669/2669/2669
f 2667/2667/2667 2669/2669/2669 2670/2670/2670
v -48.750000 117.700000 -15.000000
vt 0.000000 0.000000
vn 0.000000 0.735931 -0.677057
v -37.000000 117.700000 -15.000000
vt 1.000000 0.000000
vn 0.000000 0.735931 -0.677057
v -37.000000 110.800000 -22.500000
vt 1.000000 1.000000
vn 0.000000 0.735931 -0.677057
v -48.750000 110.800000 -22.500000
vt 0.000000 1.000000
vn 0.000000 0.735931 -0.677057
f 2671/2671/2671 2672/2672/2672 2673/2673/2673
f 2671/2671/2671 2673/2673/2673 2674/2674/2674
v -48.750000 108.800000 -22.500000
vt 0.000000 0.000000
vn 0.000000 -0.735931 0.677057
v -37.000000 108.800000 -22.500000
vt 1.000000 0.000000
vn 0.000000 -0.735931 0.677057
v -37.000000 115.700000 -15.000000
vt 1.000000 1.000000
vn 0.000000 -0.735931 0.677057
v -48.750000 115.700000 -15.000000
vt 0.000000 1.000000
vn 0.000000 -0.735931 0.677057
f 2675/2675/2675 2676/2676/2676 2677/2677/2677
f 2675/2675/2675 2677/2677/2677 2678/2678/2678
v -48.750000 117.700000 -15.000000
vt 0.000000 0.000000
vn 0.000000 0.000000 1.000000
v -48.750000 115.700000 -15.000000
vt 1.000000 0.000000
vn 0.000000 0.000000 1.000000
v -37.000000 115.700000 -15.000000
vt 1.000000 1.000000
vn 0.000000 0.000000 1.000000
v -37.000000 117.700000 -15.000000
vt 0.000000 1.000000
vn 0.000000 0.000000 1.000000
f 2679/2679/2679 2680/2680/2680 2681/2681/2681
f 2679/2679/2679 2681/2681/2681 2682/2682/2682
v -37.000000 117.700000 -15.000000
vt 0.000000 0.000000
vn 1.000000 0.000000 0.000000
v -37.000000 115.700000 -15.000000
vt 1.000000 0.000000
vn 1.000000 0.000000 0.000000
v -37.000000 108.800000 -22.500000
vt 1.000000 1.000000
vn 1.000000 0.000000 0.000000
v -37.000000 110.800000 -22.500000
vt 0.000000 1.000000
vn 1.000000 0.000000 0.000000
f 2683/2683/2683 2684/2684/2684 2685/2685/2685
f 2683/2683/2683 2685/2685/2685 2686/2686/2686
v -37.000000 110.800000 -22.500000
vt 0.000000 0.000000
vn 0.000000 -0.000000 -1.000000
v -37.000000 108.800000 -22.500000
vt 1.000000 0.000000
vn 0.000000 -0.000000 -1.000000
v -48.750000 108.800000 -22.500000
vt 1.000000 1.000000
vn 0.000000 -0.000000 -1.000000
v -48.750000 110.800000 -22.500000
vt 0.000000 1.000000
vn 0.000000 -0.000000 -1.000000
f 2687/2687/2687 2688/2688/2688 2689/2689/2689
f 2687/2687/2687 2689/2689/2689 2690/2690/2690
v -48.750000 110.800000 -22.500000
vt 0.000000 0.000000
vn -1.000000 0.000000 0.000000
v -48.750000 108.800000 -22.500000
vt 1.000000 0.000000
vn -1.000000 0.000000 0.000000
v -48.750000 115.700000 -15.000000
vt 1.000000 1.000000
vn -1.000000 0.000000 0.000000
v -48.750000 117.700000 -15.000000
vt 0.000000 1.000000
vn -1.000000 0.000000 0.000000
f 2691/2691/2691 2692/2692/2692 2693/2693/2693
f 2691/2691/2691 2693/2693/2693 2694/2694/2694
v -36.500000 117.700000 -15.000000
vt 0.000000 0.000000
vn 0.000000 0.735931 -0.677057
v -24.750000 117.700000 -15.000000
vt 1.000000 0.000000
vn 0.000000 0.735931 -0.677057
v -24.750000 110.800000 -22.500000
vt 1.000000 1.000000
vn 0.000000 0.735931 -0.677057
v -36.500000 110.800000 -22.500000
vt 0.000000 1.000000
vn 0.000000 0.735931 -0.677057
f 2695/2695/2695 2696/2696/2696 2697/2697/2697
f 2695/2695/2695 2697/2697/2697 2698/2698/2698
v -36.500000 108.800000 -22.500000
vt 0.000000 0.000000
vn 0.000000 -0.735931 0.677057
v -24.750000 108.800000 -22.500000
vt 1.000000 0.000000
vn 0.000000 -0.735931 0.677057
v -24.750000 115.700000 -15.000000
vt 1.000000 1.000000
vn 0.000000 -0.735931 0.677057
v -36.500000 115.700000 -15.000000
vt 0.000000 1.000000
vn 0.000000 -0.735931 0.677057
f 2699/2699/2699 2700/2700/2700 2701/2701/2701
f 2699/2699/2699 2701/2701/2701 2702/2702/2702
v -36.500000 117.700000 -15.000000
vt 0.000000 0.000000
vn 0.000000 0.000000 1.000000
v -36.500000 115.700000 -15.000000
vt 1.000000 0.000000
vn 0.000000 0.000000 1.000000
v -24.750000 115.700000 -15.000000
vt 1.000000 1.000000
vn 0.000000 0.000000 1.000000
v -24.750000 117.700000 -15.000000
vt 0.000000 1.000000
vn 0.000000 0.000000 1.000000
f 2703/2703/2703 2704/2704/2704 2705/2705/2705
f 2703/2703/2703 2705/2705/2705 2706/2706/2706
v -24.750000 117.700000 -15.000000
vt 0.000000 0.000000
vn 1.000000 0.000000 0.000000
v -24.750000 115.700000 -15.000000
vt 1.000000 0.000000
vn 1.000000 0.000000 0.000000
v -24.750000 108.800000 -22.500000
vt 1.000000 1.000000
vn 1.000000 0.000000 0.000000
v -24.750000 110.800000 -22.500000
vt 0.000000 1.000000
vn 1.000000 0.000000 0.000000
f 2707/2707/2707 2708/2708/2708 2709/2709/2709
f 2707/2707/2707 2709/2709/2709 2710/2710/2710
v -24.750000 110.800000 -22.500000
vt 0.000000 0.000000
vn 0.000000 -0.000000 -1.000000
v -24.750000 108.800000 -22.500000
vt 1.000000 0.000000
vn 0.000000 -0.000000 -1.000000
v -36.500000 108.800000 -22.500000
vt 1.000000 1.000000
vn 0.000000 -0.000000 -1.000000
v -36.500000 110.800000 -22.500000
vt 0.000000 1.000000
vn 0.000000 -0.000000 -1.000000
f 2711/2711/2711 2712/2712/2712 2713/2713/2713
f 2711/2711/2711 2713/2713/2713 2714/2714/2714
v -36.500000 110.800000 -22.500000
vt 0.000000 0.000000
vn -1.000000 0.000000 0.000000
v -36.500000 108.800000 -22.500000
vt 1.000000 0.000000
vn -1.000000 0.000000 0.000000
v -36.500000 115.700000 -15.000000
vt 1.000000 1.000000
vn -1.000000 0.000000 0.000000
v -36.500000 117.700000 -15.000000
vt 0.000000 1.000000
vn -1.000000 0.000000 0.000000
f 2715/2715/2715 2716/2716/2716 2717/2717/2717
f 2715/2715/2715 2717/2717/2717 2718/2718/2718
v 24.750000 117.700000 -15.000000
vt 0.000000 0.000000
vn 0.000000 0.735931 -0.677057
v 36.500000 117.700000 -15.000000
vt 1.000000 0.000000
vn 0.000000 0.735931 -0.677057
v 36.500000 110.800000 -22.500000
vt 1.000000 1.000000
vn 0.000000 0.735931 -0.677057
v 24.750000 110.800000 -22.500000
vt 0.000000 1.000000
vn 0.000000 0.735931 -0.677057
f 2719/2719/2719 2720/2720/2720 2721/2721/2721
f 2719/2719/2719 2721/2721/2721 2722/2722/2722
v 24.750000 108.800000 -22.500000
vt 0.000000 0.000000
vn 0.000000 -0.735931 0.677057
v 36.500000 108.800000 -22.500000
vt 1.000000 0.000000
vn 0.000000 -0.735931 0.677057
v 36.500000 115.700000 -15.000000
vt 1.000000 1.000000
vn 0.000000 -0.735931 0.677057
v 24.750000 115.700000 -15.000000
vt 0.000000 1.000000
vn 0.000000 -0.735931 0.677057
f 2723/2723/2723 2724/2724/2724 2725/2725/2725
f 2723/2723/2723 2725/2725/2725 2726/2726/2726
v 24.750000 117.700000 -15.000000
vt 0.000000 0.000000
vn 0.000000 0.000000 1.000000
v 24.750000 115.700000 -15.000000
vt 1.000000 0.000000
vn 0.000000 0.000000 1.000000
v 36.500000 115.700000 -15.000000
vt 1.000000 1.000000
vn 0.000000 0.000000 1.000000
v 36.500000 117.700000 -15.000000
vt 0.000000 1.000000
vn 0.000000 0.000000 1.000000
f 2727/2727/2727 2728/2728/2728 2729/2729/2729
f 2727/2727/2727 2729/2729/2729 2730/2730/2730
v 36.500000 117.700000 -15.000000
vt 0.000000 0.000000
vn 1.000000 0.000000 0.000000
v 36.500000 115.700000 -15.000000
vt 1.000000 0.000000
vn 1.000000 0.000000 0.000000
v 36.500000 108.800000 -22.500000
vt 1.000000 1.000000
vn 1.000000 0.000000 0.000000
v 36.500000 110.800000 -22.500000
vt 0.000000 1.000000
vn 1.000000 0.000000 0.000000
f 2731/2731/2731 2732/2732/2732 2733/2733/2733
f 2731/2731/2731 2733/2733/2733 2734/2734/2734
v 36.500000 110.800000 -22.500000
vt 0.000000 0.000000
vn 0.000000 -0.000000 -1.000000
v 36.500000 108.800000 -22.500000
vt 1.000000 0.000000
vn 0.000000 -0.000000 -1.000000
v 24.750000 108.800000 -22.500000
vt 1.000000 1.000000
vn 0.000000 -0.000000 -1.000000
v 24.750000 110.800000 -22.500000
vt 0.000000 1.000000
vn 0.000000 -0.000000 -1.000000
f 2735/2735/2735 2736/2736/2736 2737/2737/2737
f 2735/2735/2735 2737/2737/2737 2738/2738/2738
v 24.750000 110.800000 -22.500000
vt 0.000000 0.000000
vn -1.000000 0.000000 0.000000
v 24.750000 108.800000 -22.500000
vt 1.000000 0.000000
vn -1.000000 0.000000 0.000000
v 24.750000 115.700000 -15.000000
vt 1.000000 1.000000
vn -1.000000 0.000000 0.000000
v 24.750000 117.700000 -15.000000
vt 0.000000 1.000000
vn -1.000000 0.000000 0.000000
f 2739/2739/2739 2740/2740/2740 2741/2741/2741
f 2739/2739/2739 2741/2741/2741 2742/2742/2742
v 37.000000 117.700000 -15.000000
vt 0.000000 0.000000
vn 0.000000 0.735931 -0.677057
v 48.750000 117.700000 -15.000000
vt 1.000000 0.000000
vn 0.000000 0.735931 -0.677057
v 48.750000 110.800000 -22.500000
vt 1.000000 1.000000
vn 0.000000 0.735931 -0.677057
v 37.000000 110.800000 -22.500000
vt 0.000000 1.000000
vn 0.000000 0.735931 -0.677057
f 2743/2743/2743 2744/2744/2744 2745/2745/2745
f 2743/2743/2743 2745/2745/2745 2746/2746/2746
v 37.000000 108.800000 -22.500000
vt 0.000000 0.000000
vn 0.000000 -0.735931 0.677057
v 48.750000 108.800000 -22.500000
vt 1.000000 0.000000
vn 0.000000 -0.735931 0.677057
v 48.750000 115.700000 -15.000000
vt 1.000000 1.000000
vn 0.000000 -0.735931 0.677057
v 37.000000 115.700000 -15.000000
vt 0.000000 1.000000
vn 0.000000 -0.735931 0.677057
f 2747/2747/2747 2748/2748/2748 2749/2749/2749
f 2747/2747/2747 2749/2749/2749 2750/2750/2750
v 37.000000 117.700000 -15.000000
vt 0.000000 0.000000
vn 0.000000 0.000000 1.000000
v 37.000000 115.700000 -15.000000
vt 1.000000 0.000000
vn 0.000000 0.000000 1.000000
v 48.750000 115.700000 -15.000000
vt 1.000000 1.000000
vn 0.000000 0.000000 1.000000
v 48.750000 117.700000 -15.000000
vt 0.000000 1.000000
vn 0.000000 0.000000 1.000000
f 2751/2751/2751 2752/2752/2752 2753/2753/2753
f 2751/2751/2751 2753/2753/2753 2754/2754/2754
v 48.750000 117.700000 -15.000000
vt 0.000000 0.000000
vn 1.000000 0.000000 0.000000
v 48.750000 115.700000 -15.000000
vt 1.000000 0.000000
vn 1.000000 0.000000 0.000000
v 48.750000 108.800000 -22.500000
vt 1.000000 1.000000
vn 1.000000 0.000000 0.000000
v 48.750000 110.800000 -22.500000
vt 0.000000 1.000000
vn 1.000000 0.000000 0.000000
f 2755/2755/2755 2756/2756/2756 2757/2757/2757
f 2755/2755/2755 2757/2757/2757 2758/2758/2758
v 48.750000 110.800000 -22.500000
vt 0.000000 0.000000
vn 0.000000 -0.000000 -1.000000
v 48.750000 108.800000 -22.500000
vt 1.000000 0.000000
vn 0.000000 -0.000000 -1.000000
v 37.000000 108.800000 -22.500000
vt 1.000000 1.000000
vn 0.000000 -0.000000 -1.000000
v 37.000000 110.800000 -22.500000
vt 0.000000 1.000000
vn 0.000000 -0.000000 -1.000000
f 2759/2759/2759 2760/2760/2760 2761/2761/2761
f 2759/2759/2759 2761/2761/2761 2762/2762/2762
v 37.000000 110.800000 -22.500000
vt 0.000000 0.000000
vn -1.000000 0.000000 0.000000
v 37.000000 108.800000 -22.500000
vt 1.000000 0.000000
vn -1.000000 0.000000 0.000000
v 37.000000 115.700000 -15.000000
vt 1.000000 1.000000
vn -1.000000 0.000000 0.000000
v 37.000000 117.700000 -15.000000
vt 0.000000 1.000000
vn -1.000000 0.000000 0.000000
f 2763/2763/2763 2764/2764/2764 2765/2765/2765
f 2763/2763/2763 2765/2765/2765 2766/2766/2766
v 49.250000 117.700000 -15.000000
vt 0.000000 0.000000
vn 0.000000 0.735931 -0.677057
v 61.000000 117.700000 -15.000000
vt 1.000000 0.000000
vn 0.000000 0.735931 -0.677057
v 61.000000 110.800000 -22.500000
vt 1.000000 1.000000
vn 0.000000 0.735931 -0.677057
v 49.250000 110.800000 -22.500000
vt 0.000000 1.000000
vn 0.000000 0.735931 -0.677057
f 2767/2767/2767 2768/2768/2768 2769/2769/2769
f 2767/2767/2767 2769/2769/2769 2770/2770/2770
v 49.250000 108.800000 -22.500000
vt 0.000000 0.000000
vn 0.000000 -0.735931 0.677057
v 61.000000 108.800000 -22.500000
vt 1.000000 0.000000
vn 0.000000 -0.735931 0.677057
v 61.000000 115.700000 -15.000000
vt 1.000000 1.000000
vn 0.000000 -0.735931 0.677057
v 49.250000 115.700000 -15.000000
vt 0.000000 1.000000
vn 0.000000 -0.735931 0.677057
f 2771/2771/2771 2772/2772/2772 2773/2773/2773
f 2771/2771/2771 2773/2773/2773 2774/2774/2774
v 49.250000 117.700000 -15.000000
vt 0.000000 0.000000
vn 0.000000 0.000000 1.000000
v 49.250000 115.700000 -15.000000
vt 1.000000 0.000000
vn 0.000000 0.000000 1.000000
v 61.000000 115.700000 -15.000000
vt 1.000000 1.000000
vn 0.000000 0.000000 1.000000
v 61.000000 117.700000 -15.000000
vt 0.000000 1.000000
vn 0.000000 0.000000 1.000000
f 2775/2775/2775 2776/2776/2776 2777/2777/2777
f 2775/2775/2775 2777/2777/2777 2778/2778/2778
v 61.000000 117.700000 -15.000000
vt 0.000000 0.000000
vn 1.000000 0.000000 0.000000
v 61.000000 115.700000 -15.000000
vt 1.000000 0.000000
vn 1.000000 0.000000 0.000000
v 61.000000 108.800000 -22.500000
vt 1.000000 1.000000
vn 1.000000 0.000000 0.000000
v 61.000000 110.800000 -22.500000
vt 0.000000 1.000000
vn 1.000000 0.000000 0.000000
f 2779/2779/2779 2780/2780/2780 2781/2781/2781
f 2779/2779/2779 2781/2781/2781 2782/2782/2782
v 61.000000 110.800000 -22.500000
vt 0.000000 0.000000
vn 0.000000 -0.000000 -1.000000
v 61.000000 108.800000 -22.500000
vt 1.000000 0.000000
vn 0.000000 -0.000000 -1.000000
v 49.250000 108.800000 -22.500000
vt 1.000000 1.000000
vn 0.000000 -0.000000 -1.000000
v 49.250000 110.800000 -22.500000
vt 0.000000 1.000000
vn 0.000000 -0.000000 -1.000000
f 2783/2783/2783 2784/2784/2784 2785/2785/2785
f 2783/2783/2783 2785/2785/2785 2786/2786/2786
v 49.250000 110.800000 -22.500000
vt 0.000000 0.000000
vn -1.000000 0.000000 0.000000
v 49.250000 108.800000 -22.500000
vt 1.000000 0.000000
vn -1.000000 0.000000 0.000000
v 49.250000 115.700000 -15.000000
vt 1.000000 1.000000
vn -1.000000 0.000000 0.000000
v 49.250000 117.700000 -15.000000
vt 0.000000 1.000000
vn -1.000000 0.000000 0.000000
f 2787/2787/2787 2788/2788/2788 2789/2789/2789
f 2787/2787/2787 2789/2789/2789 2790/2790/2790
v 61.500000 117.700000 -15.000000
vt 0.000000 0.000000
vn 0.000000 0.735931 -0.677057
v 73.250000 117.700000 -15.000000
vt 1.000000 0.000000
vn 0.000000 0.735931 -0.677057
v 73.250000 110.800000 -22.500000
vt 1.000000 1.000000
vn 0.000000 0.735931 -0.677057
v 61.500000 110.800000 -22.500000
vt 0.000000 1.000000
vn 0.000000 0.735931 -0.677057
f 2791/2791/2791 2792/2792/2792 2793/2793/2793
f 2791/2791/2791 2793/2793/2793 2794/2794/2794
v 61.500000 108.800000 -22.500000
vt 0.000000 0.000000
vn 0.000000 -0.735931 0.677057
v 73.250000 108.800000 -22.500000
vt 1.000000 0.000000
vn 0.000000 -0.735931 0.677057
v 73.250000 115.700000 -15.000000
vt 1.000000 1.000000
vn 0.000000 -0.735931 0.677057
v 61.500000 115.700000 -15.000000
vt 0.000000 1.000000
vn 0.000000 -0.735931 0.677057
f 2795/2795/2795 2796/2796/2796 2797/2797/2797
f 2795/2795/2795 2797/2797/2797 2798/2798/2798
v 61.500000 117.700000 -15.000000
vt 0.000000 0.000000
vn 0.000000 0.000000 1.000000
v 61.500000 115.700000 -15.000000
vt 1.000000 0.000000
vn 0.000000 0.000000 1.000000
v 73.250000 115.700000 -15.000000
vt 1.000000 1.000000
vn 0.000000 0.000000 1.000000
v 73.250000 117.700000 -15.000000
vt 0.000000 1.000000
vn 0.000000 0.000000 1.000000
f 2799/2799/2799 2800/2800/2800 2801/2801/2801
f 2799/2799/2799 2801/2801/2801 2802/2802/2802
v 73.250000 117.700000 -15.000000
vt 0.000000 0.000000
vn 1.000000 0.000000 0.000000
v 73.250000 115.700000 -15.000000
vt 1.000000 0.000000
vn 1.000000 0.000000 0.000000
v 73.250000 108.800000 -22.500000
vt 1.000000 1.000000
vn 1.000000 0.000000 0.000000
v 73.250000 110.800000 -22.500000
vt 0.000000 1.000000
vn 1.000000 0.000000 0.000000
f 2803/2803/2803 2804/2804/2804 2805/2805/2805
f 2803/2803/2803 2805/2805/2805 2806/2806/2806
v 73.250000 110.800000 -22.500000
vt 0.000000 0.000000
vn 0.000000 -0.000000 -1.000000
v 73.250000 108.800000 -22.500000
vt 1.000000 0.000000
vn 0.000000 -0.000000 -1.000000
v 61.500000 108.800000 -22.500000
vt 1.000000 1.000000
vn 0.000000 -0.000000 -1.000000
v 61.500000 110.800000 -22.500000
vt 0.000000 1.000000
vn 0.000000 -0.000000 -1.000000
f 2807/2807/2807 2808/2808/2808 2809/2809/2809
f 2807/2807/2807 2809/2809/2809 2810/2810/2810
v 61.500000 110.800000 -22.500000
vt 0.000000 0.000000
vn -1.000000 0.000000 0.000000
v 61.500000 108.800000 -22.500000
vt 1.000000 0.000000
vn -1.000000 0.000000 0.000000
v 61.500000 115.700000 -15.000000
vt 1.000000 1.000000
vn -1.000000 0.000000 0.000000
v 61.500000 117.700000 -15.000000
vt 0.000000 1.000000
vn -1.000000 0.000000 0.000000
f 2811/2811/2811 2812/2812/2812 2813/2813/2813
f 2811/2811/2811 2813/2813/2813 2814/2814/2814
v 73.750000 117.700000 -15.000000
vt 0.000000 0.000000
vn 0.000000 0.735931 -0.677057
v 85.500000 117.700000 -15.000000
vt 1.000000 0.000000
vn 0.000000 0.735931 -0.677057
v 85.500000 110.800000 -22.500000
vt 1.000000 1.000000
vn 0.000000 0.735931 -0.677057
v 73.750000 110.800000 -22.500000
vt 0.000000 1.000000
vn 0.000000 0.735931 -0.677057
f 2815/2815/2815 2816/2816/2816 2817/2817/2817
f 2815/2815/2815 2817/2817/2817 2818/2818/2818
v 73.750000 108.800000 -22.500000
vt 0.000000 0.000000
vn 0.000000 -0.735931 0.677057
v 85.500000 108.800000 -22.500000
vt 1.000000 0.000000
vn 0.000000 -0.735931 0.677057
v 85.500000 115.700000 -15.000000
vt 1.000000 1.000000
vn 0.000000 -0.735931 0.677057
v 73.750000 115.700000 -15.000000
vt 0.000000 1.000000
vn 0.000000 -0.735931 0.677057
f 2819/2819/2819 2820/2820/2820 2821/2821/2821
f 2819/2819/2819 2821/2821/2821 2822/2822/2822
v 73.750000 117.700000 -15.000000
vt 0.000000 0.000000
vn 0.000000 0.000000 1.000000
v 73.750000 115.700000 -15.000000
vt 1.000000 0.000000
vn 0.000000 0.000000 1.000000
v 85.500000 115.700000 -15.000000
vt 1.000000 1.000000
vn 0.000000 0.000000 1.000000
v 85.500000 117.700000 -15.000000
vt 0.000000 1.000000
vn 0.000000 0.000000 1.000000
f 2823/2823/2823 2824/2824/2824 2825/2825/2825
f 2823/2823/2823 2825/2825/2825 2826/2826/2826
v 85.500000 117.700000 -15.000000
vt 0.000000 0.000000
vn 1.000000 0.000000 0.000000
v 85.500000 115.700000 -15.000000
vt 1.000000 0.000000
vn 1.000000 0.000000 0.000000
v 85.500000 108.800000 -22.500000
vt 1.000000 1.000000
vn 1.000000 0.000000 0.000000
v 85.500000 110.800000 -22.500000
vt 0.000000 1.000000
vn 1.000000 0.000000 0.000000
f 2827/2827/2827 2828/2828/2828 2829/2829/2829
f 2827/2827/2827 2829/2829/2829 2830/2830/2830
v 85.500000 110.800000 -22.500000
vt 0.000000 0.000000
vn 0.000000 -0.000000 -1.000000
v 85.500000 108.800000 -22.500000
vt 1.000000 0.000000
vn 0.000000 -0.000000 -1.000000
v 73.750000 108.800000 -22.500000
vt 1.000000 1.000000
vn 0.000000 -0.000000 -1.000000
v 73.750000 110.800000 -22.500000
vt 0.000000 1.000000
vn 0.000000 -0.000000 -1.000000
f 2831/2831/2831 2832/2832/2832 2833/2833/2833
f 2831/2831/2831 2833/2833/2833 2834/2834/2834
v 73.750000 110.800000 -22.500000
vt 0.000000 0.000000
vn -1.000000 0.000000 0.000000
v 73.750000 108.800000 -22.500000
vt 1.000000 0.000000
vn -1.000000 0.000000 0.000000
v 73.750000 115.700000 -15.000000
vt 1.000000 1.000000
vn -1.000000 0.000000 0.000000
v 73.750000 117.700000 -15.000000
vt 0.000000 1.000000
vn -1.000000 0.000000 0.000000
f 2835/2835/2835 2836/2836/2836 2837/2837/2837
f 2835/2835/2835 2837/2837/2837 2838/2838/2838
v 86.000000 117.700000 -15.000000
vt 0.000000 0.000000
vn 0.000000 0.735931 -0.677057
v 97.750000 117.700000 -15.000000
vt 1.000000 0.000000
vn 0.000000 0.735931 -0.677057
v 97.750000 110.800000 -22.500000
vt 1.000000 1.000000
vn 0.000000 0.735931 -0.677057
v 86.000000 110.800000 -22.500000
vt 0.000000 1.000000
vn 0.000000 0.735931 -0.677057
f 2839/2839/2839 2840/2840/2840 2841/2841/2841
f 2839/2839/2839 2841/2841/2841 2842/2842/2842
v 86.000000 108.800000 -22.500000
vt 0.000000 0.000000
vn 0.000000 -0.735931 0.677057
v 97.750000 108.800000 -22.500000
vt 1.000000 0.000000
vn 0.000000 -0.735931 0.677057
v 97.750000 115.700000 -15.000000
vt 1.000000 1.000000
vn 0.000000 -0.735931 0.677057
v 86.000000 115.700000 -15.000000
vt 0.000000 1.000000
vn 0.000000 -0.735931 0.677057
f 2843/2843/2843 2844/2844/2844 2845/2845/2845
f 2843/2843/2843 2845/2845/2845 2846/2846/2846
v 86.000000 117.700000 -15.000000
vt 0.000000 0.000000
vn 0.000000 0.000000 1.000000
v 86.000000 115.700000 -15.000000
vt 1.000000 0.000000
vn 0.000000 0.000000 1.000000
v 97.750000 115.700000 -15.000000
vt 1.000000 1.000000
vn 0.000000 0.000000 1.000000
v 97.750000 117.700000 -15.000000
vt 0.000000 1.000000
vn 0.000000 0.000000 1.000000
f 2847/2847/2847 2848/2848/2848 2849/2849/2849
f 2847/2847/2847 2849/2849/2849 2850/2850/2850
v 97.750000 117.700000 -15.000000
vt 0.000000 0.000000
vn 1.000000 0.000000 0.000000
v 97.750000 115.700000 -15.000000
vt 1.000000 0.000000
vn 1.000000 0.000000 0.000000
v 97.750000 108.800000 -22.500000
vt 1.000000 1.000000
vn 1.000000 0.000000 0.000000
v 97.750000 110.800000 -22.500000
vt 0.000000 1.000000
vn 1.000000 0.000000 0.000000
f 2851/2851/2851 2852/2852/2852 2853/2853/2853
f 2851/2851/2851 2853/2853/2853 2854/2854/2854
v 97.750000 110.800000 -22.500000
vt 0.000000 0.000000
vn 0.000000 -0.000000 -1.000000
v 97.750000 108.800000 -22.500000
vt 1.000000 0.000000
vn 0.000000 -0.000000 -1.000000
v 86.000000 108.800000 -22.500000
vt 1.000000 1.000000
vn 0.000000 -0.000000 -1.000000
v 86.000000 110.800000 -22.500000
vt 0.000000 1.000000
vn 0.000000 -0.000000 -1.000000
f 2855/2855/2855 2856/2856/2856 2857/2857/2857
f 2855/2855/2855 2857/2857/2857 2858/2858/2858
v 86.000000 110.800000 -22.500000
vt 0.000000 0.000000
vn -1.000000 0.000000 0.000000
v 86.000000 108.800000 -22.500000
vt 1.000000 0.000000
vn -1.000000 0.000000 0.000000
v 86.000000 115.700000 -15.000000
vt 1.000000 1.000000
vn -1.000000 0.000000 0.000000
v 86.000000 117.700000 -15.000000
vt 0.000000 1.000000
vn -1.000000 0.000000 0.000000
f 2859/2859/2859 2860/2860/2860 2861/2861/2861
f 2859/2859/2859 2861/2861/2861 2862/2862/2862
v -85.500000 110.800000 -22.500000
vt 0.000000 0.000000
vn 0.000000 0.735931 -0.677057
v -73.750000 110.800000 -22.500000
vt 1.000000 0.000000
vn 0.000000 0.735931 -0.677057
v -73.750000 103.900000 -30.000000
vt 1.000000 1.000000
vn 0.000000 0.735931 -0.677057
v -85.500000 103.900000 -30.000000
vt 0.000000 1.000000
vn 0.000000 0.735931 -0.677057
f 2863/2863/2863 2864/2864/2864 2865/2865/2865
f 2863/2863/2863 2865/2865/2865 2866/2866/2866
v -85.500000 101.900000 -30.000000
vt 0.000000 0.000000
vn 0.000000 -0.735931 0.677057
v -73.750000 101.900000 -30.000000
vt 1.000000 0.000000
vn 0.000000 -0.735931 0.677057
v -73.750000 108.800000 -22.500000
vt 1.000000 1.000000
vn 0.000000 -0.735931 0.677057
v -85.500000 108.800000 -22.500000
vt 0.000000 1.000000
vn 0.000000 -0.735931 0.677057
f 2867/2867/2867 2868/2868/2868 2869/2869/2869
f 2867/2867/2867 2869/2869/2869 2870/2870/2870
v -85.500000 110.800000 -22.500000
vt 0.000000 0.000000
vn 0.000000 0.000000 1.000000
v -85.500000 108.800000 -22.500000
vt 1.000000 0.000000
vn 0.000000 0.000000 1.000000
v -73.750000 108.800000 -22.500000
vt 1.000000 1.000000
vn 0.000000 0.000000 1.000000
v -73.750000 110.800000 -22.500000
vt 0.000000 1.000000
vn 0.000000 0.000000 1.000000
f 2871/2871/2871 2872/2872/2872 2873/2873/2873
f 2871/2871/2871 2873/2873/2873 2874/2874/2874
v -73.750000 110.800000 -22.500000
vt 0.000000 0.000000
vn 1.000000 0.000000 0.000000
v -73.750000 108.800000 -22.500000
vt 1.000000 0.000000
vn 1.000000 0.000000 0.000000
v -73.750000 101.900000 -30.000000
vt 1.000000 1.000000
vn 1.000000 0.000000 0.000000
v -73.750000 103.900000 -30.000000
vt 0.000000 1.000000
vn 1.000000 0.000000 0.000000
f 2875/2875/2875 2876/2876/2876 2877/2877/2877
f 2875/2875/2875 2877/2877/2877 2878/2878/2878
v -73.750000 103.900000 -30.000000
vt 0.000000 0.000000
vn 0.000000 -0.000000 -1.000000
v -73.750000 101.900000 -30.000000
vt 1.000000 0.000000
vn 0.000000 -0.000000 -1.000000
v -85.500000 101.900000 -30.000000
vt 1.000000 1.000000
vn 0.000000 -0.000000 -1.000000
v -85.500000 103.900000 -30.000000
vt 0.000000 1.000000
vn 0.000000 -0.000000 -1.000000
f 2879/2879/2879 2880/2880/2880 2881/2881/2881
f 2879/2879/2879 2881/2881/2881 2882/2882/2882
v -85.500000 103.900000 -30.000000
vt 0.000000 0.000000
vn -1.000000 0.000000 0.000000
v -85.500000 101.900000 -30.000000
vt 1.000000 0.000000
vn -1.000000 0.000000 0.000000
v -85.500000 108.800000 -22.500000
vt 1.000000 1.000000
vn -1.000000 0.000000 0.000000
v -85.500000 110.800000 -22.500000
vt 0.000000 1.000000
vn -1.000000 0.000000 0.000000
f 2883/2883/2883 2884/2884/2884 2885/2885/2885
f 2883/2883/2883 2885/2885/2885 2886/2886/2886
v -73.250000 110.800000 -22.500000
vt 0.000000 0.000000
vn 0.000000 0.735931 -0.677057
v -61.500000 110.800000 -22.500000
vt 1.000000 0.000000
vn 0.000000 0.735931 -0.677057
v -61.500000 103.900000 -30.000000
vt 1.000000 1.000000
vn 0.000000 0.735931 -0.677057
v -73.250000 103.900000 -30.000000
vt 0.000000 1.000000
vn 0.000000 0.735931 -0.677057
f 2887/2887/2887 2888/2888/2888 2889/2889/2889
f 2887/2887/2887 2889/2889/2889 2890/2890/2890
v -73.250000 101.900000 -30.000000
vt 0.000000 0.000000
vn 0.000000 -0.735931 0.677057
v -61.500000 101.900000 -30.000000
vt 1.000000 0.000000
vn 0.000000 -0.735931 0.677057
v -61.500000 108.800000 -22.500000
vt 1.000000 1.000000
vn 0.000000 -0.735931 0.677057
v -73.250000 108.800000 -22.500000
vt 0.000000 1.000000
vn 0.000000 -0.735931 0.677057
f 2891/2891/2891 2892/2892/2892 2893/2893/2893
f 2891/2891/2891 2893/2893/2893 2894/2894/2894
v -73.250000 110.800000 -22.500000
vt 0.000000 0.000000
vn 0.000000 0.000000 1.000000
v -73.250000 108.800000 -22.500000
vt 1.000000 0.000000
vn 0.000000 0.000000 1.000000
v -61.500000 108.800000 -22.500000
vt 1.000000 1.000000
vn 0.000000 0.000000 1.000000
v -61.500000 110.800000 -22.500000
vt 0.000000 1.000000
vn 0.000000 0.000000 1.000000
f 2895/2895/2895 2896/2896/2896 2897/2897/2897
f 2895/2895/2895 2897/2897/2897 2898/2898/2898
v -61.500000 110.800000 -22.500000
vt 0.000000 0.000000
vn 1.000000 0.000000 0.000000
v -61.500000 108.800000 -22.500000
vt 1.000000 0.000000
vn 1.000000 0.000000 0.000000
v -61.500000 101.900000 -30.000000
vt 1.000000 1.000000
vn 1.000000 0.000000 0.000000
v -61.500000 103.900000 -30.000000
vt 0.000000 1.000000
vn 1.000000 0.000000 0.000000
f 2899/2899/2899 2900/2900/2900 2901/2901/2901
f 2899/2899/2899 2901/2901/2901 2902/2902/2902
v -61.500000 103.900000 -30.000000
vt 0.000000 0.000000
vn 0.000000 -0.000000 -1.000000
v -61.500000 101.900000 -30.000000
vt 1.000000 0.000000
vn 0.000000 -0.000000 -1.000000
v -73.250000 101.900000 -30.000000
vt 1.000000 1.000000
vn 0.000000 -0.000000 -1.000000
v -73.250000 103.900000 -30.000000
vt 0.000000 1.000000
vn 0.000000 -0.000000 -1.000000
f 2903/2903/2903 2904/2904/2904 2905/2905/2905
f 2903/2903/2903 2905/2905/2905 2906/2906/2906
v -73.250000 103.900000 -30.000000
vt 0.000000 0.000000
vn -1.000000 0.000000 0.000000
v -73.250000 101.900000 -30.000000
vt 1.000000 0.000000
vn -1.000000 0.000000 0.000000
v -73.250000 108.800000 -22.500000
vt 1.000000 1.000000
vn -1.000000 0.000000 0.000000
v -73.250000 110.800000 -22.500000
vt 0.000000 1.000000
vn -1.000000 0.000000 0.000000
f 2907/2907/2907 2908/2908/2908 2909/2909/2909
f 2907/2907/2907 2909/2909/2909 2910/2910/2910
v -48.750000 110.800000 -22.500000
vt 0.000000 0.000000
vn 0.000000 0.735931 -0.677057
v -37.000000 110.800000 -22.500000
vt 1.000000 0.000000
vn 0.000000 0.735931 -0.677057
v -37.000000 103.900000 -30.000000
vt 1.000000 1.000000
vn 0.000000 0.735931 -0.677057
v -48.750000 103.900000 -30.000000
vt 0.000000 1.000000
vn 0.000000 0.735931 -0.677057
f 2911/2911/2911 2912/2912/2912 2913/2913/2913
f 2911/2911/2911 2913/2913/2913 2914/2914/2914
v -48.750000 101.900000 -30.000000
vt 0.000000 0.000000
vn 0.000000 -0.735931 0.677057
v -37.000000 101.900000 -30.000000
vt 1.000000 0.000000
vn 0.000000 -0.735931 0.677057
v -37.000000 108.800000 -22.500000
vt 1.000000 1.000000
vn 0.000000 -0.735931 0.677057
v -48.750000 108.800000 -22.500000
vt 0.000000 1.000000
vn 0.000000 -0.735931 0.677057
f 2915/2915/2915 2916/2916/2916 2917/2917/2917
f 2915/2915/2915 2917/2917/2917 2918/2918/2918
v -48.750000 110.800000 -22.500000
vt 0.000000 0.000000
vn 0.000000 0.000000 1.000000
v -48.750000 108.800000 -22.500000
vt 1.000000 0.000000
vn 0.000000 0.000000 1.000000
v -37.000000 108.800000 -22.500000
vt 1.000000 1.000000
vn 0.000000 0.000000 1.000000
v -37.000000 110.800000 -22.500000
vt 0.000000 1.000000
vn 0.000000 0.000000 1.000000
f 2919/2919/2919 2920/2920/2920 2921/2921/2921
f 2919/2919/2919 2921/2921/2921 2922/2922/2922
v -37.000000 110.800000 -22.500000
vt 0.000000 0.000000
vn 1.000000 0.000000 0.000000
v -37.000000 108.800000 -22.500000
vt 1.000000 0.000000
vn 1.000000 0.000000 0.000000
v -37.000000 101.900000 -30.000000
vt 1.000000 1.000000
vn 1.000000 0.000000 0.000000
v -37.000000 103.900000 -30.000000
vt 0.000000 1.000000
vn 1.000000 0.000000 0.000000
f 2923/2923/2923 2924/2924/2924 2925/2925/2925
f 2923/2923/2923 2925/2925/2925 2926/2926/2926
v -37.000000 103.900000 -30.000000
vt 0.000000 0.000000
vn 0.000000 -0.000000 -1.000000
v -37.000000 101.900000 -30.000000
vt 1.000000 0.000000
vn 0.000000 -0.000000 -1.000000
v -48.750000 101.900000 -30.000000
vt 1.000000 1.000000
vn 0.000000 -0.000000 -1.000000
v -48.750000 103.900000 -30.000000
vt 0.000000 1.000000
vn 0.000000 -0.000000 -1.000000
f 2927/2927/2927 2928/2928/2928 2929/2929/2929
f 2927/2927/2927 2929/2929/2929 2930/2930/2930
v -48.750000 103.900000 -30.000000
vt 0.000000 0.000000
vn -1.000000 0.000000 0.000000
v -48.750000 101.900000 -30.000000
vt 1.000000 0.000000
vn -1.000000 0.000000 0.000000
v -48.750000 108.800000 -22.500000
vt 1.000000 1.000000
vn -1.000000 0.000000 0.000000
v -48.750000 110.800000 -22.500000
vt 0.000000 1.000000
vn -1.000000 0.000000 0.000000
f 2931/2931/2931 2932/2932/2932 2933/2933/2933
f 2931/2931/2931 2933/2933/2933 2934/2934/2934
v -36.500000 110.800000 -22.500000
vt 0.000000 0.000000
vn 0.000000 0.735931 -0.677057
v -24.750000 110.800000 -22.500000
vt 1.000000 0.000000
vn 0.000000 0.735931 -0.677057
v -24.750000 103.900000 -30.000000
vt 1.000000 1.000000
vn 0.000000 0.735931 -0.677057
v -36.500000 103.900000 -30.000000
vt 0.000000 1.000000
vn 0.000000 0.735931 -0.677057
f 2935/2935/2935 2936/2936/2936 2937/2937/2937
f 2935/2935/2935 2937/2937/2937 2938/2938/2938
v -36.500000 101.900000 -30.000000
vt 0.000000 0.000000
vn 0.000000 -0.735931 0.677057
v -24.750000 101.900000 -30.000000
vt 1.000000 0.000000
vn 0.000000 -0.735931 0.677057
v -24.750000 108.800000 -22.500000
vt 1.000000 1.000000
vn 0.000000 -0.735931 0.677057
v -36.500000 108.800000 -22.500000
vt 0.000000 1.000000
vn 0.000000 -0.735931 0.677057
f 2939/2939/2939 2940/2940/2940 2941/2941/2941
f 2939/2939/2939 2941/2941/2941 2942/2942/2942
v -36.500000 110.800000 -22.500000
vt 0.000000 0.000000
vn 0.000000 0.000000 1.000000
v -36.500000 108.800000 -22.500000
vt 1.000000 0.000000
vn 0.000000 0.000000 1.000000
v -24.750000 108.800000 -22.500000
vt 1.000000 1.000000
vn 0.000000 0.000000 1.000000
v -24.750000 110.800000 -22.500000
vt 0.000000 1.000000
vn 0.000000 0.000000 1.000000
f 2943/2943/2943 2944/2944/2944 2945/2945/2945
f 2943/2943/2943 2945/2945/2945 2946/2946/2946
v -24.750000 110.800000 -22.500000
vt 0.000000 0.000000
vn 1.000000 0.000000 0.000000
v -24.750000 108.800000 -22.500000
vt 1.000000 0.000000
vn 1.000000 0.000000 0.000000
v -24.750000 101.900000 -30.000000
vt 1.000000 1.000000
vn 1.000000 0.000000 0.000000
v -24.750000 103.900000 -30.000000
vt 0.000000 1.000000
vn 1.000000 0.000000 0.000000
f 2947/2947/2947 2948/2948/2948 2949/2949/2949
f 2947/2947/2947 2949/2949/2949 2950/2950/2950
v -24.750000 103.900000 -30.000000
vt 0.000000 0.000000
vn 0.000000 -0.000000 -1.000000
v -24.750000 101.900000 -30.000000
vt 1.000000 0.000000
vn 0.000000 -0.000000 -1.000000
v -36.500000 101.900000 -30.000000
vt 1.000000 1.000000
vn 0.000000 -0.000000 -1.000000
v -36.500000 103.900000 -30.000000
vt 0.000000 1.000000
vn 0.000000 -0.000000 -1.000000
f 2951/2951/2951 2952/2952/2952 2953/2953/2953
f 2951/2951/2951 2953/2953/2953 2954/2954/2954
v -36.500000 103.900000 -30.000000
vt 0.000000 0.000000
vn -1.000000 0.000000 0.000000
v -36.500000 101.900000 -30.000000
vt 1.000000 0.000000
vn -1.000000 0.000000 0.000000
v -36.500000 108.800000 -22.500000
vt 1.000000 1.000000
vn -1.000000 0.000000 0.000000
v -36.500000 110.800000 -22.500000
vt 0.000000 1.000000
vn -1.000000 0.000000 0.000000
f 2955/2955/2955 2956/2956/2956 2957/2957/2957
f 2955/2955/2955 2957/2957/2957 2958/2958/2958
v -12.000000 110.800000 -22.500000
vt 0.000000 0.000000
vn 0.000000 0.735931 -0.677057
v -0.250000 110.800000 -22.500000
vt 1.000000 0.000000
vn 0.000000 0.735931 -0.677057
v -0.250000 103.900000 -30.000000
vt 1.000000 1.000000
vn 0.000000 0.735931 -0.677057
v -12.000000 103.900000 -30.000000
vt 0.000000 1.000000
vn 0.000000 0.735931 -0.677057
f 2959/2959/2959 2960/2960/2960 2961/2961/2961
f 2959/2959/2959 2961/2961/2961 2962/2962/2962
v -12.000000 101.900000 -30.000000
vt 0.000000 0.000000
vn 0.000000 -0.735931 0.677057
v -0.250000 101.900000 -30.000000
vt 1.000000 0.000000
vn 0.000000 -0.735931 0.677057
v -0.250000 108.800000 -22.500000
vt 1.000000 1.000000
vn 0.000000 -0.735931 0.677057
v -12.000000 108.800000 -22.500000
vt 0.000000 1.000000
vn 0.000000 -0.735931 0.677057
f 2963/2963/2963 2964/2964/2964 2965/2965/2965
f 2963/2963/2963 2965/2965/2965 2966/2966/2966
v -12.000000 110.800000 -22.500000
vt 0.000000 0.000000
vn 0.000000 0.000000 1.000000
v -12.000000 108.800000 -22.500000
vt 1.000000 0.000000
vn 0.000000 0.000000 1.000000
v -0.250000 108.800000 -22.500000
vt 1.000000 1.000000
vn 0.000000 0.000000 1.000000
v -0.250000 110.800000 -22.500000
vt 0.000000 1.000000
vn 0.000000 0.000000 1.000000
f 2967/2967/2967 2968/2968/2968 2969/2969/2969
f 2967/2967/2967 2969/2969/2969 2970/2970/2970
v -0.250000 110.800000 -22.500000
vt 0.000000 0.000000
vn 1.000000 0.000000 0.000000
v -0.250000 108.800000 -22.500000
vt 1.000000 0.000000
vn 1.000000 0.000000 0.000000
v -0.250000 101.900000 -30.000000
vt 1.000000 1.000000
vn 1.000000 0.000000 0.000000
v -0.250000 103.900000 -30.000000
vt 0.000000 1.000000
vn 1.000000 0.000000 0.000000
f 2971/2971/2971 2972/2972/2972 2973/2973/2973
f 2971/2971/2971 2973/2973/2973 2974/2974/2974
v -0.250000 103.900000 -30.000000
vt 0.000000 0.000000
vn 0.000000 -0.000000 -1.000000
v -0.250000 101.900000 -30.000000
vt 1.000000 0.000000
vn 0.000000 -0.000000 -1.000000
v -12.000000 101.900000 -30.000000
vt 1.000000 1.000000
vn 0.000000 -0.000000 -1.000000
v -12.000000 103.900000 -30.000000
vt 0.000000 1.000000
vn 0.000000 -0.000000 -1.000000
f 2975/2975/2975 2976/2976/2976 2977/2977/2977
f 2975/2975/2975 2977/2977/2977 2978/2978/2978
v -12.000000 103.900000 -30.000000
vt 0.000000 0.000000
vn -1.000000 0.000000 0.000000
v -12.000000 101.900000 -30.000000
vt 1.000000 0.000000
vn -1.000000 0.000000 0.000000
v -12.000000 108.800000 -22.500000
vt 1.000000 1.000000
vn -1.000000 0.000000 0.000000
v -12.000000 110.800000 -22.500000
vt 0.000000 1.000000
vn -1.000000 0.000000 0.000000
f 2979/2979/2979 2980/2980/2980 2981/2981/2981
f 2979/2979/2979 2981/2981/2981 2982/2982/2982
v 12.500000 110.800000 -22.500000
vt 0.000000 0.000000
vn 0.000000 0.735931 -0.677057
v 24.250000 110.800000 -22.500000
vt 1.000000 0.000000
vn 0.000000 0.735931 -0.677057
v 24.250000 103.900000 -30.000000
vt 1.000000 1.000000
vn 0.000000 0.735931 -0.677057
v 12.500000 103.900000 -30.000000
vt 0.000000 1.000000
vn 0.000000 0.735931 -0.677057
f 2983/2983/2983 2984/2984/2984 2985/2985/2985
f 2983/2983/2983 2985/2985/2985 2986/2986/2986
v 12.500000 101.900000 -30.000000
vt 0.000000 0.000000
vn 0.000000 -0.735931 0.677057
v 24.250000 101.900000 -30.000000
vt 1.000000 0.000000
vn 0.000000 -0.735931 0.677057
v 24.250000 108.800000 -22.500000
vt 1.000000 1.000000
vn 0.000000 -0.735931 0.677057
v 12.500000 108.800000 -22.500000
vt 0.000000 1.000000
vn 0.000000 -0.735931 0.677057
f 2987/2987/2987 2988/2988/2988 2989/2989/2989
f 2987/2987/2987 2989/2989/2989 2990/2990/2990
v 12.500000 110.800000 -22.500000
vt 0.000000 0.000000
vn 0.000000 0.000000 1.000000
v 12.500000 108.800000 -22.500000
vt 1.000000 0.000000
vn 0.000000 0.000000 1.000000
v 24.250000 108.800000 -22.500000
vt 1.000000 1.000000
vn 0.000000 0.000000 1.000000
v 24.250000 110.800000 -22.500000
vt 0.000000 1.000000
vn 0.000000 0.000000 1.000000
f 2991/2991/2991 2992/2992/2992 2993/2993/2993
f 2991/2991/2991 2993/2993/2993 2994/2994/2994
v 24.250000 110.800000 -22.500000
vt 0.000000 0.000000
vn 1.000000 0.000000 0.000000
v 24.250000 108.800000 -22.500000
vt 1.000000 0.000000
vn 1.000000 0.000000 0.000000
v 24.250000 101.900000 -30.000000
vt 1.000000 1.000000
vn 1.000000 0.000000 0.000000
v 24.250000 103.900000 -30.000000
vt 0.000000 1.000000
vn 1.000000 0.000000 0.000000
f 2995/2995/2995 2996/2996/2996 2997/2997/2997
f 2995/2995/2995 2997/2997/2997 2998/2998/2998
v 24.250000 103.900000 -30.000000
vt 0.000000 0.000000
vn 0.000000 -0.000000 -1.000000
v 24.250000 101.900000 -30.000000
vt 1.000000 0.000000
vn 0.000000 -0.000000 -1.000000
v 12.500000 101.900000 -30.000000
vt 1.000000 1.000000
vn 0.000000 -0.000000 -1.000000
v 12.500000 103.900000 -30.000000
vt 0.000000 1.000000
vn 0.000000 -0.000000 -1.000000
f 2999/2999/2999 3000/3000/3000 3001/3001/3001
f 2999/2999/2999 3001/3001/3001 3002/3002/3002
v 12.500000 103.900000 -30.000000
vt 0.000000 0.000000
vn -1.000000 0.000000 0.000000
v 12.500000 101.900000 -30.000000
vt 1.000000 0.000000
vn -1.000000 0.000000 0.000000
v 12.500000 108.800000 -22.500000
vt 1.000000 1.000000
vn -1.000000 0.000000 0.000000
v 12.500000 110.800000 -22.500000
vt 0.000000 1.000000
vn -1.000000 0.000000 0.000000
f 3003/3003/3003 3004/3004/3004 3005/3005/3005
f 3003/3003/3003 3005/3005/3005 3006/3006/3006
v 24.750000 110.800000 -22.500000
vt 0.000000 0.000000
vn 0.000000 0.735931 -0.677057
v 36.500000 110.800000 -22.500000
vt 1.000000 0.000000
vn 0.000000 0.735931 -0.677057
v 36.500000 103.900000 -30.000000
vt 1.000000 1.000000
vn 0.000000 0.735931 -0.677057
v 24.750000 103.900000 -30.000000
vt 0.000000 1.000000
vn 0.000000 0.735931 -0.677057
f 3007/3007/3007 3008/3008/3008 3009/3009/3009
f 3007/3007/3007 3009/3009/3009 3010/3010/3010
v 24.750000 101.900000 -30.000000
vt 0.000000 0.000000
vn 0.000000 -0.735931 0.677057
v 36.500000 101.900000 -30.000000
vt 1.000000 0.000000
vn 0.000000 -0.735931 0.677057
v 36.500000 108.800000 -22.500000
vt 1.000000 1.000000
vn 0.000000 -0.735931 0.677057
v 24.750000 108.800000 -22.500000
vt 0.000000 1.000000
vn 0.000000 -0.735931 0.677057
f 3011/3011/3011 3012/3012/3012 3013/3013/3013
f 3011/3011/3011 3013/3013/3013 3014/3014/3014
v 24.750000 110.800000 -22.500000
vt 0.000000 0.000000
vn 0.000000 0.000000 1.000000
v 24.750000 108.800000 -22.500000
vt 1.000000 0.000000
vn 0.000000 0.000000 1.000000
v 36.500000 108.800000 -22.500000
vt 1.000000 1.000000
vn 0.000000 0.000000 1.000000
v 36.500000 110.800000 -22.500000
vt 0.000000 1.000000
vn 0.000000 0.000000 1.000000
f 3015/3015/3015 3016/3016/3016 3017/3017/3017
f 3015/3015/3015 3017/3017/3017 3018/3018/3018
v 36.500000 110.800000 -22.500000
vt 0.000000 0.000000
vn 1.000000 0.000000 0.000000
v 36.500000 108.800000 -22.500000
vt 1.000000 0.000000
vn 1.000000 0.000000 0.000000
v 36.500000 101.900000 -30.000000
vt 1.000000 1.000000
vn 1.000000 0.000000 0.000000
v 36.500000 103.900000 -30.000000
vt 0.000000 1.000000
vn 1.000000 0.000000 0.000000
f 3019/3019/3019 3020/3020/3020 3021/3021/3021
f 3019/3019/3019 3021/3021/3021 3022/3022/3022
v 36.500000 103.900000 -30.000000
vt 0.000000 0.000000
vn 0.000000 -0.000000 -1.000000
v 36.500000 101.900000 -30.000000
vt 1.000000 0.000000
vn 0.000000 -0.000000 -1.000000
v 24.750000 101.900000 -30.000000
vt 1.000000 1.000000
vn 0.000000 -0.000000 -1.000000
v 24.750000 103.900000 -30.000000
vt 0.000000 1.000000
vn 0.000000 -0.000000 -1.000000
f 3023/3023/3023 3024/3024/3024 3025/3025/3025
f 3023/3023/3023 3025/3025/3025 3026/3026/3026
v 24.750000 103.900000 -30.000000
vt 0.000000 0.000000
vn -1.000000 0.000000 0.000000
v 24.750000 101.900000 -30.000000
vt 1.000000 0.000000
vn -1.000000 0.000000 0.000000
v 24.750000 108.800000 -22.500000
vt 1.000000 1.000000
vn -1.000000 0.000000 0.000000
v 24.750000 110.800000 -22.500000
vt 0.000000 1.000000
vn -1.000000 0.000000 0.000000
f 3027/3027/3027 3028/3028/3028 3029/3029/3029
f 3027/3027/3027 3029/3029/3029 3030/3030/3030
v 49.250000 110.800000 -22.500000
vt 0.000000 0.000000
vn 0.000000 0.735931 -0.677057
v 61.000000 110.800000 -22.500000
vt 1.000000 0.000000
vn 0.000000 0.735931 -0.677057
v 61.000000 103.900000 -30.000000
vt 1.000000 1.000000
vn 0.000000 0.735931 -0.677057
v 49.250000 103.900000 -30.000000
vt 0.000000 1.000000
vn 0.000000 0.735931 -0.677057
f 3031/3031/3031 3032/3032/3032 3033/3033/3033
f 3031/3031/3031 3033/3033/3033 3034/3034/3034
v 49.250000 101.900000 -30.000000
vt 0.000000 0.000000
vn 0.000000 -0.735931 0.677057
v 61.000000 101.900000 -30.000000
vt 1.000000 0.000000
vn 0.000000 -0.735931 0.677057
v 61.000000 108.800000 -22.500000
vt 1.000000 1.000000
vn 0.000000 -0.735931 0.677057
v 49.250000 108.800000 -22.500000
vt 0.000000 1.000000
vn 0.000000 -0.735931 0.677057
f 3035/3035/3035 3036/3036/3036 3037/3037/3037
f 3035/3035/3035 3037/3037/3037 3038/3038/3038
v 49.250000 110.800000 -22.500000
vt 0.000000 0.000000
vn 0.000000 0.000000 1.000000
v 49.250000 108.800000 -22.500000
vt 1.000000 0.000000
vn 0.000000 0.000000 1.000000
v 61.000000 108.800000 -22.500000
vt 1.000000 1.000000
vn 0.000000 0.000000 1.000000
v 61.000000 110.800000 -22.500000
vt 0.000000 1.000000
vn 0.000000 0.000000 1.000000
f 3039/3039/3039 3040/3040/3040 3041/3041/3041
f 3039/3039/3039 3041/3041/3041 3042/3042/3042
v 61.000000 110.800000 -22.500000
vt 0.000000 0.000000
vn 1.000000 0.000000 0.000000
v 61.000000 108.800000 -22.500000
vt 1.000000 0.000000
vn 1.000000 0.000000 0.000000
v 61.000000 101.900000 -30.000000
vt 1.000000 1.000000
vn 1.000000 0.000000 0.000000
v 61.000000 103.900000 -30.000000
vt 0.000000 1.000000
vn 1.000000 0.000000 0.000000
f 3043/3043/3043 3044/3044/3044 3045/3045/3045
f 3043/3043/3043 3045/3045/3045 3046/3046/3046
v 61.000000 103.900000 -30.000000
vt 0.000000 0.000000
vn 0.000000 -0.000000 -1.000000
v 61.000000 101.900000 -30.000000
vt 1.000000 0.000000
vn 0.000000 -0.000000 -1.000000
v 49.250000 101.900000 -30.000000
vt 1.000000 1.000000
vn 0.000000 -0.000000 -1.000000
v 49.250000 103.900000 -30.000000
vt 0.000000 1.000000
vn 0.000000 -0.000000 -1.000000
f 3047/3047/3047 3048/3048/3048 3049/3049/3049
f 3047/3047/3047 3049/3049/3049 3050/3050/3050
v 49.250000 103.900000 -30.000000
vt 0.000000 0.000000
vn -1.000000 0.000000 0.000000
v 49.250000 101.900000 -30.000000
vt 1.000000 0.000000
vn -1.000000 0.000000 0.000000
v 49.250000 108.800000 -22.500000
vt 1.000000 1.000000
vn -1.000000 0.000000 0.000000
v 49.250000 110.800000 -22.500000
vt 0.000000 1.000000
vn -1.000000 0.000000 0.000000
f 3051/3051/3051 3052/3052/3052 3053/3053/3053
f 3051/3051/3051 3053/3053/3053 3054/3054/3054
v 61.500000 110.800000 -22.500000
vt 0.000000 0.000000
vn 0.000000 0.735931 -0.677057
v 73.250000 110.800000 -22.500000
vt 1.000000 0.000000
vn 0.000000 0.735931 -0.677057
v 73.250000 103.900000 -30.000000
vt 1.000000 1.000000
vn 0.000000 0.735931 -0.677057
v 61.500000 103.900000 -30.000000
vt 0.000000 1.000000
vn 0.000000 0.735931 -0.677057
f 3055/3055/3055 3056/3056/3056 3057/3057/3057
f 3055/3055/3055 3057/3057/3057 3058/3058/3058
v 61.500000 101.900000 -30.000000
vt 0.000000 0.000000
vn 0.000000 -0.735931 0.677057
v 73.250000 101.900000 -30.000000
vt 1.000000 0.000000
vn 0.000000 -0.735931 0.677057
v 73.250000 108.800000 -22.500000
vt 1.000000 1.000000
vn 0.000000 -0.735931 0.677057
v 61.500000 108.800000 -22.500000
vt 0.000000 1.000000
vn 0.000000 -0.735931 0.677057
f 3059/3059/3059 3060/3060/3060 3061/3061/3061
f 3059/3059/3059 3061/3061/3061 3062/3062/3062
v 61.500000 110.800000 -22.500000
vt 0.000000 0.000000
vn 0.000000 0.000000 1.000000
v 61.500000 108.800000 -22.500000
vt 1.000000 0.000000
vn 0.000000 0.000000 1.000000
v 73.250000 108.800000 -22.500000
vt 1.000000 1.000000
vn 0.000000 0.000000 1.000000
v 73.250000 110.800000 -22.500000
vt 0.000000 1.000000
vn 0.000000 0.000000 1.000000
f 3063/3063/3063 3064/3064/3064 3065/3065/3065
f 3063/3063/3063 3065/3065/3065 3066/3066/3066
v 73.250000 110.800000 -22.500000
vt 0.000000 0.000000
vn 1.000000 0.000000 0.000000
v 73.250000 108.800000 -22.500000
vt 1.000000 0.000000
vn 1.000000 0.000000 0.000000
v 73.250000 101.900000 -30.000000
vt 1.000000 1.000000
vn 1.000000 0.000000 0.000000
v 73.250000 103.900000 -30.000000
vt 0.000000 1.000000
vn 1.000000 0.000000 0.000000
f 3067/3067/3067 3068/3068/3068 3069/3069/3069
f 3067/3067/3067 3069/3069/3069 3070/3070/3070
v 73.250000 103.900000 -30.000000
vt 0.000000 0.000000
vn 0.000000 -0.000000 -1.000000
v 73.250000 101.900000 -30.000000
vt 1.000000 0.000000
vn 0.000000 -0.000000 -1.000000
v 61.500000 101.900000 -30.000000
vt 1.000000 1.000000
vn 0.000000 -0.000000 -1.000000
v 61.500000 103.900000 -30.000000
vt 0.000000 1.000000
vn 0.000000 -0.000000 -1.000000
f 3071/3071/3071 3072/3072/3072 3073/3073/3073
f 3071/3071/3071 3073/3073/3073 3074/3074/3074
v 61.500000 103.900000 -30.000000
vt 0.000000 0.000000
vn -1.000000 0.000000 0.000000
v 61.500000 101.900000 -30.000000
vt 1.000000 0.000000
vn -1.000000 0.000000 0.000000
v 61.500000 108.800000 -22.500000
vt 1.000000 1.000000
vn -1.000000 0.000000 0.000000
v 61.500000 110.800000 -22.500000
vt 0.000000 1.000000
vn -1.000000 0.000000 0.000000
f 3075/3075/3075 3076/3076/3076 3077/3077/3077
f 3075/3075/3075 3077/3077/3077 3078/3078/3078
v 86.000000 110.800000 -22.500000
vt 0.000000 0.000000
vn 0.000000 0.735931 -0.677057
v 97.750000 110.800000 -22.500000
vt 1.000000 0.000000
vn 0.000000 0.735931 -0.677057
v 97.750000 103.900000 -30.000000
vt 1.000000 1.000000
vn 0.000000 0.735931 -0.677057
v 86.000000 103.900000 -30.000000
vt 0.000000 1.000000
vn 0.000000 0.735931 -0.677057
f 3079/3079/3079 3080/3080/3080 3081/3081/3081
f 3079/3079/3079 3081/3081/3081 3082/3082/3082
v 86.000000 101.900000 -30.000000
vt 0.000000 0.000000
vn 0.000000 -0.735931 0.677057
v 97.750000 101.900000 -30.000000
vt 1.000000 0.000000
vn 0.000000 -0.735931 0.677057
v 97.750000 108.800000 -22.500000
vt 1.000000 1.000000
vn 0.000000 -0.735931 0.677057
v 86.000000 108.800000 -22.500000
vt 0.000000 1.000000
vn 0.000000 -0.735931 0.677057
f 3083/3083/3083 3084/3084/3084 3085/3085/3085
f 3083/3083/3083 3085/3085/3085 3086/3086/3086
v 86.000000 110.800000 -22.500000
vt 0.000000 0.000000
vn 0.000000 0.000000 1.000000
v 86.000000 108.800000 -22.500000
vt 1.000000 0.000000
vn 0.000000 0.000000 1.000000
v 97.750000 108.800000 -22.500000
vt 1.000000 1.000000
vn 0.000000 0.000000 1.000000
v 97.750000 110.800000 -22.500000
vt 0.000000 1.000000
vn 0.000000 0.000000 1.000000
f 3087/3087/3087 3088/3088/3088 3089/3089/3089
f 3087/3087/3087 3089/3089/3089 3090/3090/3090
v 97.750000 110.800000 -22.500000
vt 0.000000 0.000000
vn 1.000000 0.000000 0.000000
v 97.750000 108.800000 -22.500000
vt 1.000000 0.000000
vn 1.000000 0.000000 0.000000
v 97.750000 101.900000 -30.000000
vt 1.000000 1.000000
vn 1.000000 0.000000 0.000000
v 97.750000 103.900000 -30.000000
vt 0.000000 1.000000
vn 1.000000 0.000000 0.000000
f 3091/3091/3091 3092/3092/3092 3093/3093/3093
f 3091/3091/3091 3093/3093/3093 3094/3094/3094
v 97.750000 103.900000 -30.000000
vt 0.000000 0.000000
vn 0.000000 -0.000000 -1.000000
v 97.750000 101.900000 -30.000000
vt 1.000000 0.000000
vn 0.000000 -0.000000 -1.000000
v 86.000000 101.900000 -30.000000
vt 1.000000 1.000000
vn 0.000000 -0.000000 -1.000000
v 86.000000 103.900000 -30.000000
vt 0.000000 1.000000
vn 0.000000 -0.000000 -1.000000
f 3095/3095/3095 3096/3096/3096 3097/3097/3097
f 3095/3095/3095 3097/3097/3097 3098/3098/3098
v 86.000000 103.900000 -30.000000
vt 0.000000 0.000000
vn -1.000000 0.000000 0.000000
v 86.000000 101.900000 -30.000000
vt 1.000000 0.000000
vn -1.000000 0.000000 0.000000
v 86.000000 108.800000 -22.500000
vt 1.000000 1.000000
vn -1.000000 0.000000 0.000000
v 86.000000 110.800000 -22.500000
vt 0.000000 1.000000
vn -1.000000 0.000000 0.000000
f 3099/3099/3099 3100/3100/3100 3101/3101/3101
f 3099/3099/3099 3101/3101/3101 3102/3102/3102
v -97.750000 103.900000 -30.000000
vt 0.000000 0.000000
vn 0.000000 0.735931 -0.677057
v -86.000000 103.900000 -30.000000
vt 1.000000 0.000000
vn 0.000000 0.735931 -0.677057
v -86.000000 97.000000 -37.500000
vt 1.000000 1.000000
vn 0.000000 0.735931 -0.677057
v -97.750000 97.000000 -37.500000
vt 0.000000 1.000000
vn 0.000000 0.735931 -0.677057
f 3103/3103/3103 3104/3104/3104 3105/3105/3105
f 3103/3103/3103 3105/3105/3105 3106/3106/3106
v -97.750000 95.000000 -37.500000
vt 0.000000 0.000000
vn 0.000000 -0.735931 0.677057
v -86.000000 95.000000 -37.500000
vt 1.000000 0.000000
vn 0.000000 -0.735931 0.677057
v -86.000000 101.900000 -30.000000
vt 1.000000 1.000000
vn 0.000000 -0.735931 0.677057
v -97.750000 101.900000 -30.000000
vt 0.000000 1.000000
vn 0.000000 -0.735931 0.677057
f 3107/3107/3107 3108/3108/3108 3109/3109/3109
f 3107/3107/3107 3109/3109/3109 3110/3110/3110
v -97.750000 103.900000 -30.000000
vt 0.000000 0.000000
vn 0.000000 0.000000 1.000000
v -97.750000 101.900000 -30.000000
vt 1.000000 0.000000
vn 0.000000 0.000000 1.000000
v -86.000000 101.900000 -30.000000
vt 1.000000 1.000000
vn 0.000000 0.000000 1.000000
v -86.000000 103.900000 -30.000000
vt 0.000000 1.000000
vn 0.000000 0.000000 1.000000
f 3111/3111/3111 3112/3112/3112 3113/3113/3113
f 3111/3111/3111 3113/3113/3113 3114/3114/3114
v -86.000000 103.900000 -30.000000
vt 0.000000 0.000000
vn 1.000000 0.000000 0.000000
v -86.000000 101.900000 -30.000000
vt 1.000000 0.000000
vn 1.000000 0.000000 0.000000
v -86.000000 95.000000 -37.500000
vt 1.000000 1.000000
vn 1.000000 0.000000 0.000000
v -86.000000 97.000000 -37.500000
vt 0.000000 1.000000
vn 1.000000 0.000000 0.000000
f 3115/3115/3115 3116/3116/3116 3117/3117/3117
f 3115/3115/3115 3117/3117/3117 3118/3118/3118
v -86.000000 97.000000 -37.500000
vt 0.000000 0.000000
vn 0.000000 -0.000000 -1.000000
v -86.000000 95.000000 -37.500000
vt 1.000000 0.000000
vn 0.000000 -0.000000 -1.000000
v -97.750000 95.000000 -37.500000
vt 1.000000 1.000000
vn 0.000000 -0.000000 -1.000000
v -97.750000 97.000000 -37.500000
vt 0.000000 1.000000
vn 0.000000 -0.000000 -1.000000
f 3119/3119/3119 3120/3120/3120 3121/3121/3121
f 3119/3119/3119 3121/3121/3121 3122/3122/3122
v -97.750000 97.000000 -37.500000
vt 0.000000 0.000000
vn -1.000000 0.000000 0.000000
v -97.750000 95.000000 -37.500000
vt 1.000000 0.000000
vn -1.000000 0.000000 0.000000
v -97.750000 101.900000 -30.000000
vt 1.000000 1.000000
vn -1.000000 0.000000 0.000000
v -97.750000 103.900000 -30.000000
vt 0.000000 1.000000
vn -1.000000 0.000000 0.000000
f 3123/3123/3123 3124/3124/3124 3125/3125/3125
f 3123/3123/3123 3125/3125/3125 3126/3126/3126
v -85.500000 103.900000 -30.000000
vt 0.000000 0.000000
vn 0.000000 0.735931 -0.677057
v -73.750000 103.900000 -30.000000
vt 1.000000 0.000000
vn 0.000000 0.735931 -0.677057
v -73.750000 97.000000 -37.500000
vt 1.000000 1.000000
vn 0.000000 0.735931 -0.677057
v -85.500000 97.000000 -37.500000
vt 0.000000 1.000000
vn 0.000000 0.735931 -0.677057
f 3127/3127/3127 3128/3128/3128 3129/3129/3129
f 3127/3127/3127 3129/3129/3129 3130/3130/3130
v -85.500000 95.000000 -37.500000
vt 0.000000 0.000000
vn 0.000000 -0.735931 0.677057
v -73.750000 95.000000 -37.500000
vt 1.000000 0.000000
vn 0.000000 -0.735931 0.677057
v -73.750000 101.900000 -30.000000
vt 1.000000 1.000000
vn 0.000000 -0.735931 0.677057
v -85.500000 101.900000 -30.000000
vt 0.000000 1.000000
vn 0.000000 -0.735931 0.677057
f 3131/3131/3131 3132/3132/3132 3133/3133/3133
f 3131/3131/3131 3133/3133/3133 3134/3134/3134
v -85.500000 103.900000 -30.000000
vt 0.000000 0.000000
vn 0.000000 0.000000 1.000000
v -85.500000 101.900000 -30.000000
vt 1.000000 0.000000
vn 0.000000 0.000000 1.000000
v -73.750000 101.900000 -30.000000
vt 1.000000 1.000000
vn 0.000000 0.000000 1.000000
v -73.750000 103.900000 -30.000000
vt 0.000000 1.000000
vn 0.000000 0.000000 1.000000
f 3135/3135/3135 3136/3136/3136 3137/3137/3137
f 3135/3135/3135 3137/3137/3137 3138/3138/3138
v -73.750000 103.900000 -30.000000
vt 0.000000 0.000000
vn 1.000000 0.000000 0.000000
v -73.750000 101.900000 -30.000000
vt 1.000000 0.000000
vn 1.000000 0.000000 0.000000
v -73.750000 95.000000 -37.500000
vt 1.000000 1.000000
vn 1.000000 0.000000 0.000000
v -73.750000 97.000000 -37.500000
vt 0.000000 1.000000
vn 1.000000 0.000000 0.000000
f 3139/3139/3139 3140/3140/3140 3141/3141/3141
f 3139/3139/3139 3141/3141/3141 3142/3142/3142
v -73.750000 97.000000 -37.500000
vt 0.000000 0.000000
vn 0.000000 -0.000000 -1.000000
v -73.750000 95.000000 -37.500000
vt 1.000000 0.000000
vn 0.000000 -0.000000 -1.000000
v -85.500000 95.000000 -37.500000
vt 1.000000 1.000000
vn 0.000000 -0.000000 -1.000000
v -85.500000 97.000000 -37.500000
vt 0.000000 1.000000
vn 0.000000 -0.000000 -1.000000
f 3143/3143/3143 3144/3144/3144 3145/3145/3145
f 3143/3143/3143 3145/3145/3145 3146/3146/3146
v -85.500000 97.000000 -37.500000
vt 0.000000 0.000000
vn -1.000000 0.000000 0.000000
v -85.500000 95.000000 -37.500000
vt 1.000000 0.000000
vn -1.000000 0.000000 0.000000
v -85.500000 101.900000 -30.000000
vt 1.000000 1.000000
vn -1.000000 0.000000 0.000000
v -85.500000 103.900000 -30.000000
vt 0.000000 1.000000
vn -1.000000 0.000000 0.000000
f 3147/3147/3147 3148/3148/3148 3149/3149/3149
f 3147/3147/3147 3149/3149/3149 3150/3150/3150
v -61.000000 103.900000 -30.000000
vt 0.000000 0.000000
vn 0.000000 0.735931 -0.677057
v -49.250000 103.900000 -30.000000
vt 1.000000 0.000000
vn 0.000000 0.735931 -0.677057
v -49.250000 97.000000 -37.500000
vt 1.000000 1.000000
vn 0.000000 0.735931 -0.677057
v -61.000000 97.000000 -37.500000
vt 0.000000 1.000000
vn 0.000000 0.735931 -0.677057
f 3151/3151/3151 3152/3152/3152 3153/3153/3153
f 3151/3151/3151 3153/3153/3153 3154/3154/3154
v -61.000000 95.000000 -37.500000
vt 0.000000 0.000000
vn 0.000000 -0.735931 0.677057
v -49.250000 95.000000 -37.500000
vt 1.000000 0.000000
vn 0.000000 -0.735931 0.677057
v -49.250000 101.900000 -30.000000
vt 1.000000 1.000000
vn 0.000000 -0.735931 0.677057
v -61.000000 101.900000 -30.000000
vt 0.000000 1.000000
vn 0.000000 -0.735931 0.677057
f 3155/3155/3155 3156/3156/3156 3157/3157/3157
f 3155/3155/3155 3157/3157/3157 3158/3158/3158
v -61.000000 103.900000 -30.000000
vt 0.000000 0.000000
vn 0.000000 0.000000 1.000000
v -61.000000 101.900000 -30.000000
vt 1.000000 0.000000
vn 0.000000 0.000000 1.000000
v -49.250000 101.900000 -30.000000
vt 1.000000 1.000000
vn 0.000000 0.000000 1.000000
v -49.250000 103.900000 -30.000000
vt 0.000000 1.000000
vn 0.000000 0.000000 1.000000
f 3159/3159/3159 3160/3160/3160 3161/3161/3161
f 3159/3159/3159 3161/3161/3161 3162/3162/3162
v -49.250000 103.900000 -30.000000
vt 0.000000 0.000000
vn 1.000000 0.000000 0.000000
v -49.250000 101.900000 -30.000000
vt 1.000000 0.000000
vn 1.000000 0.000000 0.000000
v -49.250000 95.000000 -37.500000
vt 1.000000 1.000000
vn 1.000000 0.000000 0.000000
v -49.250000 97.000000 -37.500000
vt 0.000000 1.000000
vn 1.000000 0.000000 0.000000
f 3163/3163/3163 3164/3164/3164 3165/3165/3165
f 3163/3163/3163 3165/3165/3165 3166/3166/3166
v -49.250000 97.000000 -37.500000
vt 0.000000 0.000000
vn 0.000000 -0.000000 -1.000000
v -49.250000 95.000000 -37.500000
vt 1.000000 0.000000
vn 0.000000 -0.000000 -1.000000
v -61.000000 95.000000 -37.500000
vt 1.000000 1.000000
vn 0.000000 -0.000000 -1.000000
v -61.000000 97.000000 -37.500000
vt 0.000000 1.000000
vn 0.000000 -0.000000 -1.000000
f 3167/3167/3167 3168/3168/3168 3169/3169/3169
f 3167/3167/3167 3169/3169/3169 3170/3170/3170
v -61.000000 97.000000 -37.500000
vt 0.000000 0.000000
vn -1.000000 0.000000 0.000000
v -61.000000 95.000000 -37.500000
vt 1.000000 0.000000
vn -1.000000 0.000000 0.000000
v -61.000000 101.900000 -30.000000
vt 1.000000 1.000000
vn -1.000000 0.000000 0.000000
v -61.000000 103.900000 -30.000000
vt 0.000000 1.000000
vn -1.000000 0.000000 0.000000
f 3171/3171/3171 3172/3172/3172 3173/3173/3173
f 3171/3171/3171 3173/3173/3173 3174/3174/3174
v -36.500000 103.900000 -30.000000
vt 0.000000 0.000000
vn 0.000000 0.735931 -0.677057
v -24.750000 103.900000 -30.000000
vt 1.000000 0.000000
vn 0.000000 0.735931 -0.677057
v -24.750000 97.000000 -37.500000
vt 1.000000 1.000000
vn 0.000000 0.735931 -0.677057
v -36.500000 97.000000 -37.500000
vt 0.000000 1.000000
vn 0.000000 0.735931 -0.677057
f 3175/3175/3175 3176/3176/3176 3177/3177/3177
f 3175/3175/3175 3177/3177/3177 3178/3178/3178
v -36.500000 95.000000 -37.500000
vt 0.000000 0.000000
vn 0.000000 -0.735931 0.677057
v -24.750000 95.000000 -37.500000
vt 1.000000 0.000000
vn 0.000000 -0.735931 0.677057
v -24.750000 101.900000 -30.000000
vt 1.000000 1.000000
vn 0.000000 -0.735931 0.677057
v -36.500000 101.900000 -30.000000
vt 0.000000 1.000000
vn 0.000000 -0.735931 0.677057
f 3179/3179/3179 3180/3180/3180 3181/3181/3181
f 3179/3179/3179 3181/3181/3181 3182/3182/3182
v -36.500000 103.900000 -30.000000
vt 0.000000 0.000000
vn 0.000000 0.000000 1.000000
v -36.500000 101.900000 -30.000000
vt 1.000000 0.000000
vn 0.000000 0.000000 1.000000
v -24.750000 101.900000 -30.000000
vt 1.000000 1.000000
vn 0.000000 0.000000 1.000000
v -24.750000 103.900000 -30.000000
vt 0.000000 1.000000
vn 0.000000 0.000000 1.000000
f 3183/3183/3183 3184/3184/3184 3185/3185/3185
f 3183/3183/3183 3185/3185/3185 3186/3186/3186
v -24.750000 103.900000 -30.000000
vt 0.000000 0.000000
vn 1.000000 0.000000 0.000000
v -24.750000 101.900000 -30.000000
vt 1.000000 0.000000
vn 1.000000 0.000000 0.000000
v -24.750000 95.000000 -37.500000
vt 1.000000 1.000000
vn 1.000000 0.000000 0.000000
v -24.750000 97.000000 -37.500000
vt 0.000000 1.000000
vn 1.000000 0.000000 0.000000
f 3187/3187/3187 3188/3188/3188 3189/3189/3189
f 3187/3187/3187 3189/3189/3189 3190/3190/3190
v -24.750000 97.000000 -37.500000
vt 0.000000 0.000000
vn 0.000000 -0.000000 -1.000000
v -24.750000 95.000000 -37.500000
vt 1.000000 0.000000
vn 0.000000 -0.000000 -1.000000
v -36.500000 95.000000 -37.500000
vt 1.000000 1.000000
vn 0.000000 -0.000000 -1.000000
v -36.500000 97.000000 -37.500000
vt 0.000000 1.000000
vn 0.000000 -0.000000 -1.000000
f 3191/3191/3191 3192/3192/3192 3193/3193/3193
f 3191/3191/3191 3193/3193/3193 3194/3194/3194
v -36.500000 97.000000 -37.500000
vt 0.000000 0.000000
vn -1.000000 0.000000 0.000000
v -36.500000 95.000000 -37.500000
vt 1.000000 0.000000
vn -1.000000 0.000000 0.000000
v -36.500000 101.900000 -30.000000
vt 1.000000 1.000000
vn -1.000000 0.000000 0.000000
v -36.500000 103.900000 -30.000000
vt 0.000000 1.000000
vn -1.000000 0.000000 0.000000
f 3195/3195/3195 3196/3196/3196 3197/3197/3197
f 3195/3195/3195 3197/3197/3197 3198/3198/3198
v -24.250000 103.900000 -30.000000
vt 0.000000 0.000000
vn 0.000000 0.735931 -0.677057
v -12.500000 103.900000 -30.000000
vt 1.000000 0.000000
vn 0.000000 0.735931 -0.677057
v -12.500000 97.000000 -37.500000
vt 1.000000 1.000000
vn 0.000000 0.735931 -0.677057
v -24.250000 97.000000 -37.500000
vt 0.000000 1.000000
vn 0.000000 0.735931 -0.677057
f 3199/3199/3199 3200/3200/3200 3201/3201/3201
f 3199/3199/3199 3201/3201/3201 3202/3202/3202
v -24.250000 95.000000 -37.500000
vt 0.000000 0.000000
vn 0.000000 -0.735931 0.677057
v -12.500000 95.000000 -37.500000
vt 1.000000 0.000000
vn 0.000000 -0.735931 0.677057
v -12.500000 101.900000 -30.000000
vt 1.000000 1.000000
vn 0.000000 -0.735931 0.677057
v -24.250000 101.900000 -30.000000
vt 0.000000 1.000000
vn 0.000000 -0.735931 0.677057
f 3203/3203/3203 3204/3204/3204 3205/3205/3205
f 3203/3203/3203 3205/3205/3205 3206/3206/3206
v -24.250000 103.900000 -30.000000
vt 0.000000 0.000000
vn 0.000000 0.000000 1.000000
v -24.250000 101.900000 -30.000000
vt 1.000000 0.000000
vn 0.000000 0.000000 1.000000
v -12.500000 101.900000 -30.000000
vt 1.000000 1.000000
vn 0.000000 0.000000 1.000000
v -12.500000 103.900000 -30.000000
vt 0.000000 1.000000
vn 0.000000 0.000000 1.000000
f 3207/3207/3207 3208/3208/3208 3209/3209/3209
f 3207/3207/3207 3209/3209/3209 3210/3210/3210
v -12.500000 103.900000 -30.000000
vt 0.000000 0.000000
vn 1.000000 0.000000 0.000000
v -12.500000 101.900000 -30.000000
vt 1.000000 0.000000
vn 1.000000 0.000000 0.000000
v -12.500000 95.000000 -37.500000
vt 1.000000 1.000000
vn 1.000000 0.000000 0.000000
v -12.500000 97.000000 -37.500000
vt 0.000000 1.000000
vn 1.000000 0.000000 0.000000
f 3211/3211/3211 3212/3212/3212 3213/3213/3213
f 3211/3211/3211 3213/3213/3213 3214/3214/3214
v -12.500000 97.000000 -37.500000
vt 0.000000 0.000000
vn 0.000000 -0.000000 -1.000000
v -12.500000 95.000000 -37.500000
vt 1.000000 0.000000
vn 0.000000 -0.000000 -1.000000
v -24.250000 95.000000 -37.500000
vt 1.000000 1.000000
vn 0.000000 -0.000000 -1.000000
v -24.250000 97.000000 -37.500000
vt 0.000000 1.000000
vn 0.000000 -0.000000 -1.000000
f 3215/3215/3215 3216/3216/3216 3217/3217/3217
f 3215/3215/3215 3217/3217/3217 3218/3218/3218
v -24.250000 97.000000 -37.500000
vt 0.000000 0.000000
vn -1.000000 0.000000 0.000000
v -24.250000 95.000000 -37.500000
vt 1.000000 0.000000
vn -1.000000 0.000000 0.000000
v -24.250000 101.900000 -30.000000
vt 1.000000 1.000000
vn -1.000000 0.000000 0.000000
v -24.250000 103.900000 -30.000000
vt 0.000000 1.000000
vn -1.000000 0.000000 0.000000
f 3219/3219/3219 3220/3220/3220 3221/3221/3221
f 3219/3219/3219 3221/3221/3221 3222/3222/3222
v 0.250000 103.900000 -30.000000
vt 0.000000 0.000000
vn 0.000000 0.735931 -0.677057
v 12.000000 103.900000 -30.000000
vt 1.000000 0.000000
vn 0.000000 0.735931 -0.677057
v 12.000000 97.000000 -37.500000
vt 1.000000 1.000000
vn 0.000000 0.735931 -0.677057
v 0.250000 97.000000 -37.500000
vt 0.000000 1.000000
vn 0.000000 0.735931 -0.677057
f 3223/3223/3223 3224/3224/3224 3225/3225/3225
f 3223/3223/3223 3225/3225/3225 3226/3226/3226
v 0.250000 95.000000 -37.500000
vt 0.000000 0.000000
vn 0.000000 -0.735931 0.677057
v 12.000000 95.000000 -37.500000
vt 1.000000 0.000000
vn 0.000000 -0.735931 0.677057
v 12.000000 101.900000 -30.000000
vt 1.000000 1.000000
vn 0.000000 -0.735931 0.677057
v 0.250000 101.900000 -30.000000
vt 0.000000 1.000000
vn 0.000000 -0.735931 0.677057
f 3227/3227/3227 3228/3228/3228 3229/3229/3229
f 3227/3227/3227 3229/3229/3229 3230/3230/3230
v 0.250000 103.900000 -30.000000
vt 0.000000 0.000000
vn 0.000000 0.000000 1.000000
v 0.250000 101.900000 -30.000000
vt 1.000000 0.000000
vn 0.000000 0.000000 1.000000
v 12.000000 101.900000 -30.000000
vt 1.000000 1.000000
vn 0.000000 0.000000 1.000000
v 12.000000 103.900000 -30.000000
vt 0.000000 1.000000
vn 0.000000 0.000000 1.000000
f 3231/3231/3231 3232/3232/3232 3233/3233/3233
f 3231/3231/3231 3233/3233/3233 3234/3234/3234
v 12.000000 103.900000 -30.000000
vt 0.000000 0.000000
vn 1.000000 0.000000 0.000000
v 12.000000 101.900000 -30.000000
vt 1.000000 0.000000
vn 1.000000 0.000000 0.000000
v 12.000000 95.000000 -37.500000
vt 1.000000 1.000000
vn 1.000000 0.000000 0.000000
v 12.000000 97.000000 -37.500000
vt 0.000000 1.000000
vn 1.000000 0.000000 0.000000
f 3235/3235/3235 3236/3236/3236 3237/3237/3237
f 3235/3235/3235 3237/3237/3237 3238/3238/3238
v 12.000000 97.000000 -37.500000
vt 0.000000 0.000000
vn 0.000000 -0.000000 -1.000000
v 12.000000 95.000000 -37.500000
vt 1.000000 0.000000
vn 0.000000 -0.000000 -1.000000
v 0.250000 95.000000 -37.500000
vt 1.000000 1.000000
vn 0.000000 -0.000000 -1.000000
v 0.250000 97.000000 -37.500000
vt 0.000000 1.000000
vn 0.000000 -0.000000 -1.000000
f 3239/3239/3239 3240/3240/3240 3241/3241/3241
f 3239/3239/3239 3241/3241/3241 3242/3242/3242
v 0.250000 97.000000 -37.500000
vt 0.000000 0.000000
vn -1.000000 0.000000 0.000000
v 0.250000 95.000000 -37.500000
vt 1.000000 0.000000
vn -1.000000 0.000000 0.000000
v 0.250000 101.900000 -30.000000
vt 1.000000 1.000000
vn -1.000000 0.000000 0.000000
v 0.250000 103.900000 -30.000000
vt 0.000000 1.000000
vn -1.000000 0.000000 0.000000
f 3243/3243/3243 3244/3244/3244 3245/3245/3245
f 3243/3243/3243 3245/3245/3245 3246/3246/3246
v 12.500000 103.900000 -30.000000
vt 0.000000 0.000000
vn 0.000000 0.735931 -0.677057
v 24.250000 103.900000 -30.000000
vt 1.000000 0.000000
vn 0.000000 0.735931 -0.677057
v 24.250000 97.000000 -37.500000
vt 1.000000 1.000000
vn 0.000000 0.735931 -0.677057
v 12.500000 97.000000 -37.500000
vt 0.000000 1.000000
vn 0.000000 0.735931 -0.677057
f 3247/3247/3247 3248/3248/3248 3249/3249/3249
f 3247/3247/3247 3249/3249/3249 3250/3250/3250
v 12.500000 95.000000 -37.500000
vt 0.000000 0.000000
vn 0.000000 -0.735931 0.677057
v 24.250000 95.000000 -37.500000
vt 1.000000 0.000000
vn 0.000000 -0.735931 0.677057
v 24.250000 101.900000 -30.000000
vt 1.000000 1.000000
vn 0.000000 -0.735931 0.677057
v 12.500000 101.900000 -30.000000
vt 0.000000 1.000000
vn 0.000000 -0.735931 0.677057
f 3251/3251/3251 3252/3252/3252 3253/3253/3253
f 3251/3251/3251 3253/3253/3253 3254/3254/3254
v 12.500000 103.900000 -30.000000
vt 0.000000 0.000000
vn 0.000000 0.000000 1.000000
v 12.500000 101.900000 -30.000000
vt 1.000000 0.000000
vn 0.000000 0.000000 1.000000
v 24.250000 101.900000 -30.000000
vt 1.000000 1.000000
vn 0.000000 0.000000 1.000000
v 24.250000 103.900000 -30.000000
vt 0.000000 1.000000
vn 0.000000 0.000000 1.000000
f 3255/3255/3255 3256/3256/3256 3257/3257/3257
f 3255/3255/3255 3257/3257/3257 3258/3258/3258
v 24.250000 103.900000 -30.000000
vt 0.000000 0.000000
vn 1.000000 0.000000 0.000000
v 24.250000 101.900000 -30.000000
vt 1.000000 0.000000
vn 1.000000 0.000000 0.000000
v 24.250000 95.000000 -37.500000
vt 1.000000 1.000000
vn 1.000000 0.000000 0.000000
v 24.250000 97.000000 -37.500000
vt 0.000000 1.000000
vn 1.000000 0.000000 0.000000
f 3259/3259/3259 3260/3260/3260 3261/3261/3261
f 3259/3259/3259 3261/3261/3261 3262/3262/3262
v 24.250000 97.000000 -37.500000
vt 0.000000 0.000000
vn 0.000000 -0.000000 -1.000000
v 24.250000 95.000000 -37.500000
vt 1.000000 0.000000
vn 0.000000 -0.000000 -1.000000
v 12.500000 95.000000 -37.500000
vt 1.000000 1.000000
vn 0.000000 -0.000000 -1.000000
v 12.500000 97.000000 -37.500000
vt 0.000000 1.000000
vn 0.000000 -0.000000 -1.000000
f 3263/3263/3263 3264/3264/3264 3265/3265/3265
f 3263/3263/3263 3265/3265/3265 3266/3266/3266
v 12.500000 97.000000 -37.500000
vt 0.000000 0.000000
vn -1.000000 0.000000 0.000000
v 12.500000 95.000000 -37.500000
vt 1.000000 0.000000
vn -1.000000 0.000000 0.000000
v 12.500000 101.900000 -30.000000
vt 1.000000 1.000000
vn -1.000000 0.000000 0.000000
v 12.500000 103.900000 -30.000000
vt 0.000000 1.000000
vn -1.000000 0.000000 0.000000
f 3267/3267/3267 3268/3268/3268 3269/3269/3269
f 3267/3267/3267 3269/3269/3269 3270/3270/3270
v 37.000000 103.900000 -30.000000
vt 0.000000 0.000000
vn 0.000000 0.735931 -0.677057
v 48.750000 103.900000 -30.000000
vt 1.000000 0.000000
vn 0.000000 0.735931 -0.677057
v 48.750000 97.000000 -37.500000
vt 1.000000 1.000000
vn 0.000000 0.735931 -0.677057
v 37.000000 97.000000 -37.500000
vt 0.000000 1.000000
vn 0.000000 0.735931 -0.677057
f 3271/3271/3271 3272/3272/3272 3273/3273/3273
f 3271/3271/3271 3273/3273/3273 3274/3274/3274
v 37.000000 95.000000 -37.500000
vt 0.000000 0.000000
vn 0.000000 -0.735931 0.677057
v 48.750000 95.000000 -37.500000
vt 1.000000 0.000000
vn 0.000000 -0.735931 0.677057
v 48.750000 101.900000 -30.000000
vt 1.000000 1.000000
vn 0.000000 -0.735931 0.677057
v 37.000000 101.900000 -30.000000
vt 0.000000 1.000000
vn 0.000000 -0.735931 0.677057
f 3275/3275/3275 3276/3276/3276 3277/3277/3277
f 3275/3275/3275 3277/3277/3277 3278/3278/3278
v 37.000000 103.900000 -30.000000
vt 0.000000 0.000000
vn 0.000000 0.000000 1.000000
v 37.000000 101.900000 -30.000000
vt 1.000000 0.000000
vn 0.000000 0.000000 1.000000
v 48.750000 101.900000 -30.000000
vt 1.000000 1.000000
vn 0.000000 0.000000 1.000000
v 48.750000 103.900000 -30.000000
vt 0.000000 1.000000
vn 0.000000 0.000000 1.000000
f 3279/3279/3279 3280/3280/3280 3281/3281/3281
f 3279/3279/3279 3281/3281/3281 3282/3282/3282
v 48.750000 103.900000 -30.000000
vt 0.000000 0.000000
vn 1.000000 0.000000 0.000000
v 48.750000 101.900000 -30.000000
vt 1.000000 0.000000
vn 1.000000 0.000000 0.000000
v 48.750000 95.000000 -37.500000
vt 1.000000 1.000000
vn 1.000000 0.000000 0.000000
v 48.750000 97.000000 -37.500000
vt 0.000000 1.000000
vn 1.000000 0.000000 0.000000
f 3283/3283/3283 3284/3284/3284 3285/3285/3285
f 3283/3283/3283 3285/3285/3285 3286/3286/3286
v 48.750000 97.000000 -37.500000
vt 0.000000 0.000000
vn 0.000000 -0.000000 -1.000000
v 48.750000 95.000000 -37.500000
vt 1.000000 0.000000
vn 0.000000 -0.000000 -1.000000
v 37.000000 95.000000 -37.500000
vt 1.000000 1.000000
vn 0.000000 -0.000000 -1.000000
v 37.000000 97.000000 -37.500000
vt 0.000000 1.000000
vn 0.000000 -0.000000 -1.000000
f 3287/3287/3287 3288/3288/3288 3289/3289/3289
f 3287/3287/3287 3289/3289/3289 3290/3290/3290
v 37.000000 97.000000 -37.500000
vt 0.000000 0.000000
vn -1.000000 0.000000 0.000000
v 37.000000 95.000000 -37.500000
vt 1.000000 0.000000
vn -1.000000 0.000000 0.000000
v 37.000000 101.900000 -30.000000
vt 1.000000 1.000000
vn -1.000000 0.000000 0.000000
v 37.000000 103.900000 -30.000000
vt 0.000000 1.000000
vn -1.000000 0.000000 0.000000
f 3291/3291/3291 3292/3292/3292 3293/3293/3293
f 3291/3291/3291 3293/3293/3293 3294/3294/3294
v 49.250000 103.900000 -30.000000
vt 0.000000 0.000000
vn 0.000000 0.735931 -0.677057
v 61.000000 103.900000 -30.000000
vt 1.000000 0.000000
vn 0.000000 0.735931 -0.677057
v 61.000000 97.000000 -37.500000
vt 1.000000 1.000000
vn 0.000000 0.735931 -0.677057
v 49.250000 97.000000 -37.500000
vt 0.000000 1.000000
vn 0.000000 0.735931 -0.677057
f 3295/3295/3295 3296/3296/3296 3297/3297/3297
f 3295/3295/3295 3297/3297/3297 3298/3298/3298
v 49.250000 95.000000 -37.500000
vt 0.000000 0.000000
vn 0.000000 -0.735931 0.677057
v 61.000000 95.000000 -37.500000
vt 1.000000 0.000000
vn 0.000000 -0.735931 0.677057
v 61.000000 101.900000 -30.000000
vt 1.000000 1.000000
vn 0.000000 -0.735931 0.677057
v 49.250000 101.900000 -30.000000
vt 0.000000 1.000000
vn 0.000000 -0.735931 0.677057
f 3299/3299/3299 3300/3300/3300 3301/3301/3301
f 3299/3299/3299 3301/3301/3301 3302/3302/3302
v 49.250000 103.900000 -30.000000
vt 0.000000 0.000000
vn 0.000000 0.000000 1.000000
v 49.250000 101.900000 -30.000000
vt 1.000000 0.000000
vn 0.000000 0.000000 1.000000
v 61.000000 101.900000 -30.000000
vt 1.000000 1.000000
vn 0.000000 0.000000 1.000000
v 61.000000 103.900000 -30.000000
vt 0.000000 1.000000
vn 0.000000 0.000000 1.000000
f 3303/3303/3303 3304/3304/3304 3305/3305/3305
f 3303/3303/3303 3305/3305/3305 3306/3306/3306
v 61.000000 103.900000 -30.000000
vt 0.000000 0.000000
vn 1.000000 0.000000 0.000000
v 61.000000 101.900000 -30.000000
vt 1.000000 0.000000
vn 1.000000 0.000000 0.000000
v 61.000000 95.000000 -37.500000
vt 1.000000 1.000000
vn 1.000000 0.000000 0.000000
v 61.000000 97.000000 -37.500000
vt 0.000000 1.000000
vn 1.000000 0.000000 0.000000
f 3307/3307/3307 3308/3308/3308 3309/3309/3309
f 3307/3307/3307 3309/3309/3309 3310/3310/3310
v 61.000000 97.000000 -37.500000
vt 0.000000 0.000000
vn 0.000000 -0.000000 -1.000000
v 61.000000 95.000000 -37.500000
vt 1.000000 0.000000
vn 0.000000 -0.000000 -1.000000
v 49.250000 95.000000 -37.500000
vt 1.000000 1.000000
vn 0.000000 -0.000000 -1.000000
v 49.250000 97.000000 -37.500000
vt 0.000000 1.000000
vn 0.000000 -0.000000 -1.000000
f 3311/3311/3311 3312/3312/3312 3313/3313/3313
f 3311/3311/3311 3313/3313/3313 3314/3314/3314
v 49.250000 97.000000 -37.500000
vt 0.000000 0.000000
vn -1.000000 0.000000 0.000000
v 49.250000 95.000000 -37.500000
vt 1.000000 0.000000
vn -1.000000 0.000000 0.000000
v 49.250000 101.900000 -30.000000
vt 1.000000 1.000000
vn -1.000000 0.000000 0.000000
v 49.250000 103.900000 -30.000000
vt 0.000000 1.000000
vn -1.000000 0.000000 0.000000
f 3315/3315/3315 3316/3316/3316 3317/3317/3317
f 3315/3315/3315 3317/3317/3317 3318/3318/3318
v 73.750000 103.900000 -30.000000
vt 0.000000 0.000000
vn 0.000000 0.735931 -0.677057
v 85.500000 103.900000 -30.000000
vt 1.000000 0.000000
vn 0.000000 0.735931 -0.677057
v 85.500000 97.000000 -37.500000
vt 1.000000 1.000000
vn 0.000000 0.735931 -0.677057
v 73.750000 97.000000 -37.500000
vt 0.000000 1.000000
vn 0.000000 0.735931 -0.677057
f 3319/3319/3319 3320/3320/3320 3321/3321/3321
f 3319/3319/3319 3321/3321/3321 3322/3322/3322
v 73.750000 95.000000 -37.500000
vt 0.000000 0.000000
vn 0.000000 -0.735931 0.677057
v 85.500000 95.000000 -37.500000
vt 1.000000 0.000000
vn 0.000000 -0.735931 0.677057
v 85.500000 101.900000 -30.000000
vt 1.000000 1.000000
vn 0.000000 -0.735931 0.677057
v 73.750000 101.900000 -30.000000
vt 0.000000 1.000000
vn 0.000000 -0.735931 0.677057
f 3323/3323/3323 3324/3324/3324 3325/3325/3325
f 3323/3323/3323 3325/3325/3325 3326/3326/3326
v 73.750000 103.900000 -30.000000
vt 0.000000 0.000000
vn 0.000000 0.000000 1.000000
v 73.750000 101.900000 -30.000000
vt 1.000000 0.000000
vn 0.000000 0.000000 1.000000
v 85.500000 101.900000 -30.000000
vt 1.000000 1.000000
vn 0.000000 0.000000 1.000000
v 85.500000 103.900000 -30.000000
vt 0.000000 1.000000
vn 0.000000 0.000000 1.000000
f 3327/3327/3327 3328/3328/3328 3329/3329/3329
f 3327/3327/3327 3329/3329/3329 3330/3330/3330
v 85.500000 103.900000 -30.000000
vt 0.000000 0.000000
vn 1.000000 0.000000 0.000000
v 85.500000 101.900000 -30.000000
vt 1.000000 0.000000
vn 1.000000 0.000000 0.000000
v 85.500000 95.000000 -37.500000
vt 1.000000 1.000000
vn 1.000000 0.000000 0.000000
v 85.500000 97.000000 -37.500000
vt 0.000000 1.000000
vn 1.000000 0.000000 0.000000
f 3331/3331/3331 3332/3332/3332 3333/3333/3333
f 3331/3331/3331 3333/3333/3333 3334/3334/3334
v 85.500000 97.000000 -37.500000
vt 0.000000 0.000000
vn 0.000000 -0.000000 -1.000000
v 85.500000 95.000000 -37.500000
vt 1.000000 0.000000
vn 0.000000 -0.000000 -1.000000
v 73.750000 95.000000 -37.500000
vt 1.000000 1.000000
vn 0.000000 -0.000000 -1.000000
v 73.750000 97.000000 -37.500000
vt 0.000000 1.000000
vn 0.000000 -0.000000 -1.000000
f 3335/3335/3335 3336/3336/3336 3337/3337/3337
f 3335/3335/3335 3337/3337/3337 3338/3338/3338
v 73.750000 97.000000 -37.500000
vt 0.000000 0.000000
vn -1.000000 0.000000 0.000000
v 73.750000 95.000000 -37.500000
vt 1.000000 0.000000
vn -1.000000 0.000000 0.000000
v 73.750000 101.900000 -30.000000
vt 1.000000 1.000000
vn -1.000000 0.000000 0.000000
v 73.750000 103.900000 -30.000000
vt 0.000000 1.000000
vn -1.000000 0.000000 0.000000
f 3339/3339/3339 3340/3340/3340 3341/3341/3341
f 3339/3339/3339 3341/3341/3341 3342/3342/3342
v -97.750000 97.000000 -37.500000
vt 0.000000 0.000000
vn 0.000000 0.735931 -0.677057
v -86.000000 97.000000 -37.500000
vt 1.000000 0.000000
vn 0.000000 0.735931 -0.677057
v -86.000000 90.100000 -45.000000
vt 1.000000 1.000000
vn 0.000000 0.735931 -0.677057
v -97.750000 90.100000 -45.000000
vt 0.000000 1.000000
vn 0.000000 0.735931 -0.677057
f 3343/3343/3343 3344/3344/3344 3345/3345/3345
f 3343/3343/3343 3345/3345/3345 3346/3346/3346
v -97.750000 88.100000 -45.000000
vt 0.000000 0.000000
vn 0.000000 -0.735931 0.677057
v -86.000000 88.100000 -45.000000
vt 1.000000 0.000000
vn 0.000000 -0.735931 0.677057
v -86.000000 95.000000 -37.500000
vt 1.000000 1.000000
vn 0.000000 -0.735931 0.677057
v -97.750000 95.000000 -37.500000
vt 0.000000 1.000000
vn 0.000000 -0.735931 0.677057
f 3347/3347/3347 3348/3348/3348 3349/3349/3349
f 3347/3347/3347 3349/3349/3349 3350/3350/3350
v -97.750000 97.000000 -37.500000
vt 0.000000 0.000000
vn 0.000000 0.000000 1.000000
v -97.750000 95.000000 -37.500000
vt 1.000000 0.000000
vn 0.000000 0.000000 1.000000
v -86.000000 95.000000 -37.500000
vt 1.000000 1.000000
vn 0.000000 0.000000 1.000000
v -86.000000 97.000000 -37.500000
vt 0.000000 1.000000
vn 0.000000 0.000000 1.000000
f 3351/3351/3351 3352/3352/3352 3353/3353/3353
f 3351/3351/3351 3353/3353/3353 3354/3354/3354
v -86.000000 97.000000 -37.500000
vt 0.000000 0.000000
vn 1.000000 0.000000 0.000000
v -86.000000 95.000000 -37.500000
vt 1.000000 0.000000
vn 1.000000 0.000000 0.000000
v -86.000000 88.100000 -45.000000
vt 1.000000 1.000000
vn 1.000000 0.000000 0.000000
v -86.000000 90.100000 -45.000000
vt 0.000000 1.000000
vn 1.000000 0.000000 0.000000
f 3355/3355/3355 3356/3356/3356 3357/3357/3357
f 3355/3355/3355 3357/3357/3357 3358/3358/3358
v -86.000000 90.100000 -45.000000
vt 0.000000 0.000000
vn 0.000000 -0.000000 -1.000000
v -86.000000 88.100000 -45.000000
vt 1.000000 0.000000
vn 0.000000 -0.000000 -1.000000
v -97.750000 88.100000 -45.000000
vt 1.000000 1.000000
vn 0.000000 -0.000000 -1.000000
v -97.750000 90.100000 -45.000000
vt 0.000000 1.000000
vn 0.000000 -0.000000 -1.000000
f 3359/3359/3359 3360/3360/3360 3361/3361/3361
f 3359/3359/3359 3361/3361/3361 3362/3362/3362
v -97.750000 90.100000 -45.000000
vt 0.000000 0.000000
vn -1.000000 0.000000 0.000000
v -97.750000 88.100000 -45.000000
vt 1.000000 0.000000
vn -1.000000 0.000000 0.000000
v -97.750000 95.000000 -37.500000
vt 1.000000 1.000000
vn -1.000000 0.000000 0.000000
v -97.750000 97.000000 -37.500000
vt 0.000000 1.000000
vn -1.000000 0.000000 0.000000
f 3363/3363/3363 3364/3364/3364 3365/3365/3365
f 3363/3363/3363 3365/3365/3365 3366/3366/3366
v -36.500000 97.000000 -37.500000
vt 0.000000 0.000000
vn 0.000000 0.735931 -0.677057
v -24.750000 97.000000 -37.500000
vt 1.000000 0.000000
vn 0.000000 0.735931 -0.677057
v -24.750000 90.100000 -45.000000
vt 1.000000 1.000000
vn 0.000000 0.735931 -0.677057
v -36.500000 90.100000 -45.000000
vt 0.000000 1.000000
vn 0.000000 0.735931 -0.677057
f 3367/3367/3367 3368/3368/3368 3369/3369/3369
f 3367/3367/3367 3369/3369/3369 3370/3370/3370
v -36.500000 88.100000 -45.000000
vt 0.000000 0.000000
vn 0.000000 -0.735931 0.677057
v -24.750000 88.100000 -45.000000
vt 1.000000 0.000000
vn 0.000000 -0.735931 0.677057
v -24.750000 95.000000 -37.500000
vt 1.000000 1.000000
vn 0.000000 -0.735931 0.677057
v -36.500000 95.000000 -37.500000
vt 0.000000 1.000000
vn 0.000000 -0.735931 0.677057
f 3371/3371/3371 3372/3372/3372 3373/3373/3373
f 3371/3371/3371 3373/3373/3373 3374/3374/3374
v -36.500000 97.000000 -37.500000
vt 0.000000 0.000000
vn 0.000000 0.000000 1.000000
v -36.500000 95.000000 -37.500000
vt 1.000000 0.000000
vn 0.000000 0.000000 1.000000
v -24.750000 95.000000 -37.500000
vt 1.000000 1.000000
vn 0.000000 0.000000 1.000000
v -24.750000 97.000000 -37.500000
vt 0.000000 1.000000
vn 0.000000 0.000000 1.000000
f 3375/3375/3375 3376/3376/3376 3377/3377/3377
f 3375/3375/3375 3377/3377/3377 3378/3378/3378
v -24.750000 97.000000 -37.500000
vt 0.000000 0.000000
vn 1.000000 0.000000 0.000000
v -24.750000 95.000000 -37.500000
vt 1.000000 0.000000
vn 1.000000 0.000000 0.000000
v -24.750000 88.100000 -45.000000
vt 1.000000 1.000000
vn 1.000000 0.000000 0.000000
v -24.750000 90.100000 -45.000000
vt 0.000000 1.000000
vn 1.000000 0.000000 0.000000
f 3379/3379/3379 3380/3380/3380 3381/3381/3381
f 3379/3379/3379 3381/3381/3381 3382/3382/3382
v -24.750000 90.100000 -45.000000
vt 0.000000 0.000000
vn 0.000000 -0.000000 -1.000000
v -24.750000 88.100000 -45.000000
vt 1.000000 0.000000
vn 0.000000 -0.000000 -1.000000
v -36.500000 88.100000 -45.000000
vt 1.000000 1.000000
vn 0.000000 -0.000000 -1.000000
v -36.500000 90.100000 -45.000000
vt 0.000000 1.000000
vn 0.000000 -0.000000 -1.000000
f 3383/3383/3383 3384/3384/3384 3385/3385/3385
f 3383/3383/3383 3385/3385/3385 3386/3386/3386
v -36.500000 90.100000 -45.000000
vt 0.000000 0.000000
vn -1.000000 0.000000 0.000000
v -36.500000 88.100000 -45.000000
vt 1.000000 0.000000
vn -1.000000 0.000000 0.000000
v -36.500000 95.000000 -37.500000
vt 1.000000 1.000000
vn -1.000000 0.000000 0.000000
v -36.500000 97.000000 -37.500000
vt 0.000000 1.000000
vn -1.000000 0.000000 0.000000
f 3387/3387/3387 3388/3388/3388 3389/3389/3389
f 3387/3387/3387 3389/3389/3389 3390/3390/3390
v -24.250000 97.000000 -37.500000
vt 0.000000 0.000000
vn 0.000000 0.735931 -0.677057
v -12.500000 97.000000 -37.500000
vt 1.000000 0.000000
vn 0.000000 0.735931 -0.677057
v -12.500000 90.100000 -45.000000
vt 1.000000 1.000000
vn 0.000000 0.735931 -0.677057
v -24.250000 90.100000 -45.000000
vt 0.000000 1.000000
vn 0.000000 0.735931 -0.677057
f 3391/3391/3391 3392/3392/3392 3393/3393/3393
f 3391/3391/3391 3393/3393/3393 3394/3394/3394
v -24.250000 88.100000 -45.000000
vt 0.000000 0.000000
vn 0.000000 -0.735931 0.677057
v -12.500000 88.100000 -45.000000
vt 1.000000 0.000000
vn 0.000000 -0.735931 0.677057
v -12.500000 95.000000 -37.500000
vt 1.000000 1.000000
vn 0.000000 -0.735931 0.677057
v -24.250000 95.000000 -37.500000
vt 0.000000 1.000000
vn 0.000000 -0.735931 0.677057
f 3395/3395/3395 3396/3396/3396 3397/3397/3397
f 3395/3395/3395 3397/3397/3397 3398/3398/3398
v -24.250000 97.000000 -37.500000
vt 0.000000 0.000000
vn 0.000000 0.000000 1.000000
v -24.250000 95.000000 -37.500000
vt 1.000000 0.000000
vn 0.000000 0.000000 1.000000
v -12.500000 95.000000 -37.500000
vt 1.000000 1.000000
vn 0.000000 0.000000 1.000000
v -12.500000 97.000000 -37.500000
vt 0.000000 1.000000
vn 0.000000 0.000000 1.000000
f 3399/3399/3399 3400/3400/3400 3401/3401/3401
f 3399/3399/3399 3401/3401/3401 3402/3402/3402
v -12.500000 97.000000 -37.500000
vt 0.000000 0.000000
vn 1.000000 0.000000 0.000000
v -12.500000 95.000000 -37.500000
vt 1.000000 0.000000
vn 1.000000 0.000000 0.000000
v -12.500000 88.100000 -45.000000
vt 1.000000 1.000000
vn 1.000000 0.000000 0.000000
v -12.500000 90.100000 -45.000000
vt 0.000000 1.000000
vn 1.000000 0.000000 0.000000
f 3403/3403/3403 3404/3404/3404 3405/3405/3405
f 3403/3403/3403 3405/3405/3405 3406/3406/3406
v -12.500000 90.100000 -45.000000
vt 0.000000 0.000000
vn 0.000000 -0.000000 -1.000000
v -12.500000 88.100000 -45.000000
vt 1.000000 0.000000
vn 0.000000 -0.000000 -1.000000
v -24.250000 88.100000 -45.000000
vt 1.000000 1.000000
vn 0.000000 -0.000000 -1.000000
v -24.250000 90.100000 -45.000000
vt 0.000000 1.000000
vn 0.000000 -0.000000 -1.000000
f 3407/3407/3407 3408/3408/3408 3409/3409/3409
f 3407/3407/3407 3409/3409/3409 3410/3410/3410
v -24.250000 90.100000 -45.000000
vt 0.000000 0.000000
vn -1.000000 0.000000 0.000000
v -24.250000 88.100000 -45.000000
vt 1.000000 0.000000
vn -1.000000 0.000000 0.000000
v -24.250000 95.000000 -37.500000
vt 1.000000 1.000000
vn -1.000000 0.000000 0.000000
v -24.250000 97.000000 -37.500000
vt 0.000000 1.000000
vn -1.000000 0.000000 0.000000
f 3411/3411/3411 3412/3412/3412 3413/3413/3413
f 3411/3411/3411 3413/3413/3413 3414/3414/3414
v -12.000000 97.000000 -37.500000
vt 0.000000 0.000000
vn 0.000000 0.735931 -0.677057
v -0.250000 97.000000 -37.500000
vt 1.000000 0.000000
vn 0.000000 0.735931 -0.677057
v -0.250000 90.100000 -45.000000
vt 1.000000 1.000000
vn 0.000000 0.735931 -0.677057
v -12.000000 90.100000 -45.000000
vt 0.000000 1.000000
vn 0.000000 0.735931 -0.677057
f 3415/3415/3415 3416/3416/3416 3417/3417/3417
f 3415/3415/3415 3417/3417/3417 3418/3418/3418
v -12.000000 88.100000 -45.000000
vt 0.000000 0.000000
vn 0.000000 -0.735931 0.677057
v -0.250000 88.100000 -45.000000
vt 1.000000 0.000000
vn 0.000000 -0.735931 0.677057
v -0.250000 95.000000 -37.500000
vt 1.000000 1.000000
vn 0.000000 -0.735931 0.677057
v -12.000000 95.000000 -37.500000
vt 0.000000 1.000000
vn 0.000000 -0.735931 0.677057
f 3419/3419/3419 3420/3420/3420 3421/3421/3421
f 3419/3419/3419 3421/3421/3421 3422/3422/3422
v -12.000000 97.000000 -37.500000
vt 0.000000 0.000000
vn 0.000000 0.000000 1.000000
v -12.000000 95.000000 -37.500000
vt 1.000000 0.000000
vn 0.000000 0.000000 1.000000
v -0.250000 95.000000 -37.500000
vt 1.000000 1.000000
vn 0.000000 0.000000 1.000000
v -0.250000 97.000000 -37.500000
vt 0.000000 1.000000
vn 0.000000 0.000000 1.000000
f 3423/3423/3423 3424/3424/3424 3425/3425/3425
f 3423/3423/3423 3425/3425/3425 3426/3426/3426
v -0.250000 97.000000 -37.500000
vt 0.000000 0.000000
vn 1.000000 0.000000 0.000000
v -0.250000 95.000000 -37.500000
vt 1.000000 0.000000
vn 1.000000 0.000000 0.000000
v -0.250000 88.100000 -45.000000
vt 1.000000 1.000000
vn 1.000000 0.000000 0.000000
v -0.250000 90.100000 -45.000000
vt 0.000000 1.000000
vn 1.000000 0.000000 0.000000
f 3427/3427/3427 3428/3428/3428 3429/3429/3429
f 3427/3427/3427 3429/3429/3429 3430/3430/3430
v -0.250000 90.100000 -45.000000
vt 0.000000 0.000000
vn 0.000000 -0.000000 -1.000000
v -0.250000 88.100000 -45.000000
vt 1.000000 0.000000
vn 0.000000 -0.000000 -1.000000
v -12.000000 88.100000 -45.000000
vt 1.000000 1.000000
vn 0.000000 -0.000000 -1.000000
v -12.000000 90.100000 -45.000000
vt 0.000000 1.000000
vn 0.000000 -0.000000 -1.000000
f 3431/3431/3431 3432/3432/3432 3433/3433/3433
f 3431/3431/3431 3433/3433/3433 3434/3434/3434
v -12.000000 90.100000 -45.000000
vt 0.000000 0.000000
vn -1.000000 0.000000 0.000000
v -12.000000 88.100000 -45.000000
vt 1.000000 0.000000
vn -1.000000 0.000000 0.000000
v -12.000000 95.000000 -37.500000
vt 1.000000 1.000000
vn -1.000000 0.000000 0.000000
v -12.000000 97.000000 -37.500000
vt 0.000000 1.000000
vn -1.000000 0.000000 0.000000
f 3435/3435/3435 3436/3436/3436 3437/3437/3437
f 3435/3435/3435 3437/3437/3437 3438/3438/3438
v 0.250000 97.000000 -37.500000
vt 0.000000 0.000000
vn 0.000000 0.735931 -0.677057
v 12.000000 97.000000 -37.500000
vt 1.000000 0.000000
vn 0.000000 0.735931 -0.677057
v 12.000000 90.100000 -45.000000
vt 1.000000 1.000000
vn 0.000000 0.735931 -0.677057
v 0.250000 90.100000 -45.000000
vt 0.000000 1.000000
vn 0.000000 0.735931 -0.677057
f 3439/3439/3439 3440/3440/3440 3441/3441/3441
f 3439/3439/3439 3441/3441/3441 3442/3442/3442
v 0.250000 88.100000 -45.000000
vt 0.000000 0.000000
vn 0.000000 -0.735931 0.677057
v 12.000000 88.100000 -45.000000
vt 1.000000 0.000000
vn 0.000000 -0.735931 0.677057
v 12.000000 95.000000 -37.500000
vt 1.000000 1.000000
vn 0.000000 -0.735931 0.677057
v 0.250000 95.000000 -37.500000
vt 0.000000 1.000000
vn 0.000000 -0.735931 0.677057
f 3443/3443/3443 3444/3444/3444 3445/3445/3445
f 3443/3443/3443 3445/3445/3445 3446/3446/3446
v 0.250000 97.000000 -37.500000
vt 0.000000 0.000000
vn 0.000000 0.000000 1.000000
v 0.250000 95.000000 -37.500000
vt 1.000000 0.000000
vn 0.000000 0.000000 1.000000
v 12.000000 95.000000 -37.500000
vt 1.000000 1.000000
vn 0.000000 0.000000 1.000000
v 12.000000 97.000000 -37.500000
vt 0.000000 1.000000
vn 0.000000 0.000000 1.000000
f 3447/3447/3447 3448/3448/3448 3449/3449/3449
f 3447/3447/3447 3449/3449/3449 3450/3450/3450
v 12.000000 97.000000 -37.500000
vt 0.000000 0.000000
vn 1.000000 0.000000 0.000000
v 12.000000 95.000000 -37.500000
vt 1.000000 0.000000
vn 1.000000 0.000000 0.000000
v 12.000000 88.100000 -45.000000
vt 1.000000 1.000000
vn 1.000000 0.000000 0.000000
v 12.000000 90.100000 -45.000000
vt 0.000000 1.000000
vn 1.000000 0.000000 0.000000
f 3451/3451/3451 3452/3452/3452 3453/3453/3453
f 3451/3451/3451 3453/3453/3453 3454/3454/3454
v 12.000000 90.100000 -45.000000
vt 0.000000 0.000000
vn 0.000000 -0.000000 -1.000000
v 12.000000 88.100000 -45.000000
vt 1.000000 0.000000
vn 0.000000 -0.000000 -1.000000
v 0.250000 88.100000 -45.000000
vt 1.000000 1.000000
vn 0.000000 -0.000000 -1.000000
v 0.250000 90.100000 -45.000000
vt 0.000000 1.000000
vn 0.000000 -0.000000 -1.000000
f 3455/3455/3455 3456/3456/3456 3457/3457/3457
f 3455/3455/3455 3457/3457/3457 3458/3458/3458
v 0.250000 90.100000 -45.000000
vt 0.000000 0.000000
vn -1.000000 0.000000 0.000000
v 0.250000 88.100000 -45.000000
vt 1.000000 0.000000
vn -1.000000 0.000000 0.000000
v 0.250000 95.000000 -37.500000
vt 1.000000 1.000000
vn -1.000000 0.000000 0.000000
v 0.250000 97.000000 -37.500000
vt 0.000000 1.000000
vn -1.000000 0.000000 0.000000
f 3459/3459/3459 3460/3460/3460 3461/3461/3461
f 3459/3459/3459 3461/3461/3461 3462/3462/3462
v 12.500000 97.000000 -37.500000
vt 0.000000 0.000000
vn 0.000000 0.735931 -0.677057
v 24.250000 97.000000 -37.500000
vt 1.000000 0.000000
vn 0.000000 0.735931 -0.677057
v 24.250000 90.100000 -45.000000
vt 1.000000 1.000000
vn 0.000000 0.735931 -0.677057
v 12.500000 90.100000 -45.000000
vt 0.000000 1.000000
vn 0.000000 0.735931 -0.677057
f 3463/3463/3463 3464/3464/3464 3465/3465/3465
f 3463/3463/3463 3465/3465/3465 3466/3466/3466
v 12.500000 88.100000 -45.000000
vt 0.000000 0.000000
vn 0.000000 -0.735931 0.677057
v 24.250000 88.100000 -45.000000
vt 1.000000 0.000000
vn 0.000000 -0.735931 0.677057
v 24.250000 95.000000 -37.500000
vt 1.000000 1.000000
vn 0.000000 -0.735931 0.677057
v 12.500000 95.000000 -37.500000
vt 0.000000 1.000000
vn 0.000000 -0.735931 0.677057
f 3467/3467/3467 3468/3468/3468 3469/3469/3469
f 3467/3467/3467 3469/3469/3469 3470/3470/3470
v 12.500000 97.000000 -37.500000
vt 0.000000 0.000000
vn 0.000000 0.000000 1.000000
v 12.500000 95.000000 -37.500000
vt 1.000000 0.000000
vn 0.000000 0.000000 1.000000
v 24.250000 95.000000 -37.500000
vt 1.000000 1.000000
vn 0.000000 0.000000 1.000000
v 24.250000 97.000000 -37.500000
vt 0.000000 1.000000
vn 0.000000 0.000000 1.000000
f 3471/3471/3471 3472/3472/3472 3473/3473/3473
f 3471/3471/3471 3473/3473/3473 3474/3474/3474
v 24.250000 97.000000 -37.500000
vt 0.000000 0.000000
vn 1.000000 0.000000 0.000000
v 24.250000 95.000000 -37.500000
vt 1.000000 0.000000
vn 1.000000 0.000000 0.000000
v 24.250000 88.100000 -45.000000
vt 1.000000 1.000000
vn 1.000000 0.000000 0.000000
v 24.250000 90.100000 -45.000000
vt 0.000000 1.000000
vn 1.000000 0.000000 0.000000
f 3475/3475/3475 3476/3476/3476 3477/3477/3477
f 3475/3475/3475 3477/3477/3477 3478/3478/3478
v 24.250000 90.100000 -45.000000
vt 0.000000 0.000000
vn 0.000000 -0.000000 -1.000000
v 24.250000 88.100000 -45.000000
vt 1.000000 0.000000
vn 0.000000 -0.000000 -1.000000
v 12.500000 88.100000 -45.000000
vt 1.000000 1.000000
vn 0.000000 -0.000000 -1.000000
v 12.500000 90.100000 -45.000000
vt 0.000000 1.000000
vn 0.000000 -0.000000 -1.000000
f 3479/3479/3479 3480/3480/3480 3481/3481/3481
f 3479/3479/3479 3481/3481/3481 3482/3482/3482
v 12.500000 90.100000 -45.000000
vt 0.000000 0.000000
vn -1.000000 0.000000 0.000000
v 12.500000 88.100000 -45.000000
vt 1.000000 0.000000
vn -1.000000 0.000000 0.000000
v 12.500000 95.000000 -37.500000
vt 1.000000 1.000000
vn -1.000000 0.000000 0.000000
v 12.500000 97.000000 -37.500000
vt 0.000000 1.000000
vn -1.000000 0.000000 0.000000
f 3483/3483/3483 3484/3484/3484 3485/3485/3485
f 3483/3483/3483 3485/3485/3485 3486/3486/3486
v 24.750000 97.000000 -37.500000
vt 0.000000 0.000000
vn 0.000000 0.735931 -0.677057
v 36.500000 97.000000 -37.500000
vt 1.000000 0.000000
vn 0.000000 0.735931 -0.677057
v 36.500000 90.100000 -45.000000
vt 1.000000 1.000000
vn 0.000000 0.735931 -0.677057
v 24.750000 90.100000 -45.000000
vt 0.000000 1.000000
vn 0.000000 0.735931 -0.677057
f 3487/3487/3487 3488/3488/3488 3489/3489/3489
f 3487/3487/3487 3489/3489/3489 3490/3490/3490
v 24.750000 88.100000 -45.000000
vt 0.000000 0.000000
vn 0.000000 -0.735931 0.677057
v 36.500000 88.100000 -45.000000
vt 1.000000 0.000000
vn 0.000000 -0.735931 0.677057
v 36.500000 95.000000 -37.500000
vt 1.000000 1.000000
vn 0.000000 -0.735931 0.677057
v 24.750000 95.000000 -37.500000
vt 0.000000 1.000000
vn 0.000000 -0.735931 0.677057
f 3491/3491/3491 3492/3492/3492 3493/3493/3493
f 3491/3491/3491 3493/3493/3493 3494/3494/3494
v 24.750000 97.000000 -37.500000
vt 0.000000 0.000000
vn 0.000000 0.000000 1.000000
v 24.750000 95.000000 -37.500000
vt 1.000000 0.000000
vn 0.000000 0.000000 1.000000
v 36.500000 95.000000 -37.500000
vt 1.000000 1.000000
vn 0.000000 0.000000 1.000000
v 36.500000 97.000000 -37.500000
vt 0.000000 1.000000
vn 0.000000 0.000000 1.000000
f 3495/3495/3495 3496/3496/3496 3497/3497/3497
f 3495/3495/3495 3497/3497/3497 3498/3498/3498
v 36.500000 97.000000 -37.500000
vt 0.000000 0.000000
vn 1.000000 0.000000 0.000000
v 36.500000 95.000000 -37.500000
vt 1.000000 0.000000
vn 1.000000 0.000000 0.000000
v 36.500000 88.100000 -45.000000
vt 1.000000 1.000000
vn 1.000000 0.000000 0.000000
v 36.500000 90.100000 -45.000000
vt 0.000000 1.000000
vn 1.000000 0.000000 0.000000
f 3499/3499/3499 3500/3500/3500 3501/3501/3501
f 3499/3499/3499 3501/3501/3501 3502/3502/3502
v 36.500000 90.100000 -45.000000
vt 0.000000 0.000000
vn 0.000000 -0.000000 -1.000000
v 36.500000 88.100000 -45.000000
vt 1.000000 0.000000
vn 0.000000 -0.000000 -1.000000
v 24.750000 88.100000 -45.000000
vt 1.000000 1.000000
vn 0.000000 -0.000000 -1.000000
v 24.750000 90.100000 -45.000000
vt 0.000000 1.000000
vn 0.000000 -0.000000 -1.000000
f 3503/3503/3503 3504/3504/3504 3505/3505/3505
f 3503/3503/3503 3505/3505/3505 3506/3506/3506
v 24.750000 90.100000 -45.000000
vt 0.000000 0.000000
vn -1.000000 0.000000 0.000000
v 24.750000 88.100000 -45.000000
vt 1.000000 0.000000
vn -1.000000 0.000000 0.000000
v 24.750000 95.000000 -37.500000
vt 1.000000 1.000000
vn -1.000000 0.000000 0.000000
v 24.750000 97.000000 -37.500000
vt 0.000000 1.000000
vn -1.000000 0.000000 0.000000
f 3507/3507/3507 3508/3508/3508 3509/3509/3509
f 3507/3507/3507 3509/3509/3509 3510/3510/3510
v 37.000000 97.000000 -37.500000
vt 0.000000 0.000000
vn 0.000000 0.735931 -0.677057
v 48.750000 97.000000 -37.500000
vt 1.000000 0.000000
vn 0.000000 0.735931 -0.677057
v 48.750000 90.100000 -45.000000
vt 1.000000 1.000000
vn 0.000000 0.735931 -0.677057
v 37.000000 90.100000 -45.000000
vt 0.000000 1.000000
vn 0.000000 0.735931 -0.677057
f 3511/3511/3511 3512/3512/3512 3513/3513/3513
f 3511/3511/3511 3513/3513/3513 3514/3514/3514
v 37.000000 88.100000 -45.000000
vt 0.000000 0.000000
vn 0.000000 -0.735931 0.677057
v 48.750000 88.100000 -45.000000
vt 1.000000 0.000000
vn 0.000000 -0.735931 0.677057
v 48.750000 95.000000 -37.500000
vt 1.000000 1.000000
vn 0.000000 -0.735931 0.677057
v 37.000000 95.000000 -37.500000
vt 0.000000 1.000000
vn 0.000000 -0.735931 0.677057
f 3515/3515/3515 3516/3516/3516 3517/3517/3517
f 3515/3515/3515 3517/3517/3517 3518/3518/3518
v 37.000000 97.000000 -37.500000
vt 0.000000 0.000000
vn 0.000000 0.000000 1.000000
v 37.000000 95.000000 -37.500000
vt 1.000000 0.000000
vn 0.000000 0.000000 1.000000
v 48.750000 95.000000 -37.500000
vt 1.000000 1.000000
vn 0.000000 0.000000 1.000000
v 48.750000 97.000000 -37.500000
vt 0.000000 1.000000
vn 0.000000 0.000000 1.000000
f 3519/3519/3519 3520/3520/3520 3521/3521/3521
f 3519/3519/3519 3521/3521/3521 3522/3522/3522
v 48.750000 97.000000 -37.500000
vt 0.000000 0.000000
vn 1.000000 0.000000 0.000000
v 48.750000 95.000000 -37.500000
vt 1.000000 0.000000
vn 1.000000 0.000000 0.000000
v 48.750000 88.100000 -45.000000
vt 1.000000 1.000000
vn 1.000000 0.000000 0.000000
v 48.750000 90.100000 -45.000000
vt 0.000000 1.000000
vn 1.000000 0.000000 0.000000
f 3523/3523/3523 3524/3524/3524 3525/3525/3525
f 3523/3523/3523 3525/3525/3525 3526/3526/3526
v 48.750000 90.100000 -45.000000
vt 0.000000 0.000000
vn 0.000000 -0.000000 -1.000000
v 48.750000 88.100000 -45.000000
vt 1.000000 0.000000
vn 0.000000 -0.000000 -1.000000
v 37.000000 88.100000 -45.000000
vt 1.000000 1.000000
vn 0.000000 -0.000000 -1.000000
v 37.000000 90.100000 -45.000000
vt 0.000000 1.000000
vn 0.000000 -0.000000 -1.000000
f 3527/3527/3527 3528/3528/3528 3529/3529/3529
f 3527/3527/3527 3529/3529/3529 3530/3530/3530
v 37.000000 90.100000 -45.000000
vt 0.000000 0.000000
vn -1.000000 0.000000 0.000000
v 37.000000 88.100000 -45.000000
vt 1.000000 0.000000
vn -1.000000 0.000000 0.000000
v 37.000000 95.000000 -37.500000
vt 1.000000 1.000000
vn -1.000000 0.000000 0.000000
v 37.000000 97.000000 -37.500000
vt 0.000000 1.000000
vn -1.000000 0.000000 0.000000
f 3531/3531/3531 3532/3532/3532 3533/3533/3533
f 3531/3531/3531 3533/3533/3533 3534/3534/3534
v -73.250000 90.100000 -45.000000
vt 0.000000 0.000000
vn 0.000000 0.735931 -0.677057
v -61.500000 90.100000 -45.000000
vt 1.000000 0.000000
vn 0.000000 0.735931 -0.677057
v -61.500000 83.200000 -52.500000
vt 1.000000 1.000000
vn 0.000000 0.735931 -0.677057
v -73.250000 83.200000 -52.500000
vt 0.000000 1.000000
vn 0.000000 0.735931 -0.677057
f 3535/3535/3535 3536/3536/3536 3537/3537/3537
f 3535/3535/3535 3537/3537/3537 3538/3538/3538
v -73.250000 81.200000 -52.500000
vt 0.000000 0.000000
vn 0.000000 -0.735931 0.677057
v -61.500000 81.200000 -52.500000
vt 1.000000 0.000000
vn 0.000000 -0.735931 0.677057
v -61.500000 88.100000 -45.000000
vt 1.000000 1.000000
vn 0.000000 -0.735931 0.677057
v -73.250000 88.100000 -45.000000
vt 0.000000 1.000000
vn 0.000000 -0.735931 0.677057
f 3539/3539/3539 3540/3540/3540 3541/3541/3541
f 3539/3539/3539 3541/3541/3541 3542/3542/3542
v -73.250000 90.100000 -45.000000
vt 0.000000 0.000000
vn 0.000000 0.000000 1.000000
v -73.250000 88.100000 -45.000000
vt 1.000000 0.000000
vn 0.000000 0.000000 1.000000
v -61.500000 88.100000 -45.000000
vt 1.000000 1.000000
vn 0.000000 0.000000 1.000000
v -61.500000 90.100000 -45.000000
vt 0.000000 1.000000
vn 0.000000 0.000000 1.000000
f 3543/3543/3543 3544/3544/3544 3545/3545/3545
f 3543/3543/3543 3545/3545/3545 3546/3546/3546
v -61.500000 90.100000 -45.000000
vt 0.000000 0.000000
vn 1.000000 0.000000 0.000000
v -61.500000 88.100000 -45.000000
vt 1.000000 0.000000
vn 1.000000 0.000000 0.000000
v -61.500000 81.200000 -52.500000
vt 1.000000 1.000000
vn 1.000000 0.000000 0.000000
v -61.500000 83.200000 -52.500000
vt 0.000000 1.000000
vn 1.000000 0.000000 0.000000
f 3547/3547/3547 3548/3548/3548 3549/3549/3549
f 3547/3547/3547 3549/3549/3549 3550/3550/3550
v -61.500000 83.200000 -52.500000
vt 0.000000 0.000000
vn 0.000000 -0.000000 -1.000000
v -61.500000 81.200000 -52.500000
vt 1.000000 0.000000
vn 0.000000 -0.000000 -1.000000
v -73.250000 81.200000 -52.500000
vt 1.000000 1.000000
vn 0.000000 -0.000000 -1.000000
v -73.250000 83.200000 -52.500000
vt 0.000000 1.000000
vn 0.000000 -0.000000 -1.000000
f 3551/3551/3551 3552/3552/3552 3553/3553/3553
f 3551/3551/3551 3553/3553/3553 3554/3554/3554
v -73.250000 83.200000 -52.500000
vt 0.000000 0.000000
vn -1.000000 0.000000 0.000000
v -73.250000 81.200000 -52.500000
vt 1.000000 0.000000
vn -1.000000 0.000000 0.000000
v -73.250000 88.100000 -45.000000
vt 1.000000 1.000000
vn -1.000000 0.000000 0.000000
v -73.250000 90.100000 -45.000000
vt 0.000000 1.000000
vn -1.000000 0.000000 0.000000
f 3555/3555/3555 3556/3556/3556 3557/3557/3557
f 3555/3555/3555 3557/3557/3557 3558/3558/3558
v -61.000000 90.100000 -45.000000
vt 0.000000 0.000000
vn 0.000000 0.735931 -0.677057
v -49.250000 90.100000 -45.000000
vt 1.000000 0.000000
vn 0.000000 0.735931 -0.677057
v -49.250000 83.200000 -52.500000
vt 1.000000 1.000000
vn 0.000000 0.735931 -0.677057
v -61.000000 83.200000 -52.500000
vt 0.000000 1.000000
vn 0.000000 0.735931 -0.677057
f 3559/3559/3559 3560/3560/3560 3561/3561/3561
f 3559/3559/3559 3561/3561/3561 3562/3562/3562
v -61.000000 81.200000 -52.500000
vt 0.000000 0.000000
vn 0.000000 -0.735931 0.677057
v -49.250000 81.200000 -52.500000
vt 1.000000 0.000000
vn 0.000000 -0.735931 0.677057
v -49.250000 88.100000 -45.000000
vt 1.000000 1.000000
vn 0.000000 -0.735931 0.677057
v -61.000000 88.100000 -45.000000
vt 0.000000 1.000000
vn 0.000000 -0.735931 0.677057
f 3563/3563/3563 3564/3564/3564 3565/3565/3565
f 3563/3563/3563 3565/3565/3565 3566/3566/3566
v -61.000000 90.100000 -45.000000
vt 0.000000 0.000000
vn 0.000000 0.000000 1.000000
v -61.000000 88.100000 -45.000000
vt 1.000000 0.000000
vn 0.000000 0.000000 1.000000
v -49.250000 88.100000 -45.000000
vt 1.000000 1.000000
vn 0.000000 0.000000 1.000000
v -49.250000 90.100000 -45.000000
vt 0.000000 1.000000
vn 0.000000 0.000000 1.000000
f 3567/3567/3567 3568/3568/3568 3569/3569/3569
f 3567/3567/3567 3569/3569/3569 3570/3570/3570
v -49.250000 90.100000 -45.000000
vt 0.000000 0.000000
vn 1.000000 0.000000 0.000000
v -49.250000 88.100000 -45.000000
vt 1.000000 0.000000
vn 1.000000 0.000000 0.000000
v -49.250000 81.200000 -52.500000
vt 1.000000 1.000000
vn 1.000000 0.000000 0.000000
v -49.250000 83.200000 -52.500000
vt 0.000000 1.000000
vn 1.000000 0.000000 0.000000
f 3571/3571/3571 3572/3572/3572 3573/3573/3573
f 3571/3571/3571 3573/3573/3573 3574/3574/3574
v -49.250000 83.200000 -52.500000
vt 0.000000 0.000000
vn 0.000000 -0.000000 -1.000000
v -49.250000 81.200000 -52.500000
vt 1.000000 0.000000
vn 0.000000 -0.000000 -1.000000
v -61.000000 81.200000 -52.500000
vt 1.000000 1.000000
vn 0.000000 -0.000000 -1.000000
v -61.000000 83.200000 -52.500000
vt 0.000000 1.000000
vn 0.000000 -0.000000 -1.000000
f 3575/3575/3575 3576/3576/3576 3577/3577/3577
f 3575/3575/3575 3577/3577/3577 3578/3578/3578
v -61.000000 83.200000 -52.500000
vt 0.000000 0.000000
vn -1.000000 0.000000 0.000000
v -61.000000 81.200000 -52.500000
vt 1.000000 0.000000
vn -1.000000 0.000000 0.000000
v -61.000000 88.100000 -45.000000
vt 1.000000 1.000000
vn -1.000000 0.000000 0.000000
v -61.000000 90.100000 -45.000000
vt 0.000000 1.000000
vn -1.000000 0.000000 0.000000
f 3579/3579/3579 3580/3580/3580 3581/3581/3581
f 3579/3579/3579 3581/3581/3581 3582/3582/3582
v -48.750000 90.100000 -45.000000
vt 0.000000 0.000000
vn 0.000000 0.735931 -0.677057
v -37.000000 90.100000 -45.000000
vt 1.000000 0.000000
vn 0.000000 0.735931 -0.677057
v -37.000000 83.200000 -52.500000
vt 1.000000 1.000000
vn 0.000000 0.735931 -0.677057
v -48.750000 83.200000 -52.500000
vt 0.000000 1.000000
vn 0.000000 0.735931 -0.677057
f 3583/3583/3583 3584/3584/3584 3585/3585/3585
f 3583/3583/3583 3585/3585/3585 3586/3586/3586
v -48.750000 81.200000 -52.500000
vt 0.000000 0.000000
vn 0.000000 -0.735931 0.677057
v -37.000000 81.200000 -52.500000
vt 1.000000 0.000000
vn 0.000000 -0.735931 0.677057
v -37.000000 88.100000 -45.000000
vt 1.000000 1.000000
vn 0.000000 -0.735931 0.677057
v -48.750000 88.100000 -45.000000
vt 0.000000 1.000000
vn 0.000000 -0.735931 0.677057
f 3587/3587/3587 3588/3588/3588 3589/3589/3589
f 3587/3587/3587 3589/3589/3589 3590/3590/3590
v -48.750000 90.100000 -45.000000
vt 0.000000 0.000000
vn 0.000000 0.000000 1.000000
v -48.750000 88.100000 -45.000000
vt 1.000000 0.000000
vn 0.000000 0.000000 1.000000
v -37.000000 88.100000 -45.000000
vt 1.000000 1.000000
vn 0.000000 0.000000 1.000000
v -37.000000 90.100000 -45.000000
vt 0.000000 1.000000
vn 0.000000 0.000000 1.000000
f 3591/3591/3591 3592/3592/3592 3593/3593/3593
f 3591/3591/3591 3593/3593/3593 3594/3594/3594
v -37.000000 90.100000 -45.000000
vt 0.000000 0.000000
vn 1.000000 0.000000 0.000000
v -37.000000 88.100000 -45.000000
vt 1.000000 0.000000
vn 1.000000 0.000000 0.000000
v -37.000000 81.200000 -52.500000
vt 1.000000 1.000000
vn 1.000000 0.000000 0.000000
v -37.000000 83.200000 -52.500000
vt 0.000000 1.000000
vn 1.000000 0.000000 0.000000
f 3595/3595/3595 3596/3596/3596 3597/3597/3597
f 3595/3595/3595 3597/3597/3597 3598/3598/3598
v -37.000000 83.200000 -52.500000
vt 0.000000 0.000000
vn 0.000000 -0.000000 -1.000000
v -37.000000 81.200000 -52.500000
vt 1.000000 0.000000
vn 0.000000 -0.000000 -1.000000
v -48.750000 81.200000 -52.500000
vt 1.000000 1.000000
vn 0.000000 -0.000000 -1.000000
v -48.750000 83.200000 -52.500000
vt 0.000000 1.000000
vn 0.000000 -0.000000 -1.000000
f 3599/3599/3599 3600/3600/3600 3601/3601/3601
f 3599/3599/3599 3601/3601/3601 3602/3602/3602
v -48.750000 83.200000 -52.500000
vt 0.000000 0.000000
vn -1.000000 0.000000 0.000000
v -48.750000 81.200000 -52.500000
vt 1.000000 0.000000
vn -1.000000 0.000000 0.000000
v -48.750000 88.100000 -45.000000
vt 1.000000 1.000000
vn -1.000000 0.000000 0.000000
v -48.750000 90.100000 -45.000000
vt 0.000000 1.000000
vn -1.000000 0.000000 0.000000
f 3603/3603/3603 3604/3604/3604 3605/3605/3605
f 3603/3603/3603 3605/3605/3605 3606/3606/3606
v -36.500000 90.100000 -45.000000
vt 0.000000 0.000000
vn 0.000000 0.735931 -0.677057
v -24.750000 90.100000 -45.000000
vt 1.000000 0.000000
vn 0.000000 0.735931 -0.677057
v -24.750000 83.200000 -52.500000
vt 1.000000 1.000000
vn 0.000000 0.735931 -0.677057
v -36.500000 83.200000 -52.500000
vt 0.000000 1.000000
vn 0.000000 0.735931 -0.677057
f 3607/3607/3607 3608/3608/3608 3609/3609/3609
f 3607/3607/3607 3609/3609/3609 3610/3610/3610
v -36.500000 81.200000 -52.500000
vt 0.000000 0.000000
vn 0.000000 -0.735931 0.677057
v -24.750000 81.200000 -52.500000
vt 1.000000 0.000000
vn 0.000000 -0.735931 0.677057
v -24.750000 88.100000 -45.000000
vt 1.000000 1.000000
vn 0.000000 -0.735931 0.677057
v -36.500000 88.100000 -45.000000
vt 0.000000 1.000000
vn 0.000000 -0.735931 0.677057
f 3611/3611/3611 3612/3612/3612 3613/3613/3613
f 3611/3611/3611 3613/3613/3613 3614/3614/3614
v -36.500000 90.100000 -45.000000
vt 0.000000 0.000000
vn 0.000000 0.000000 1.000000
v -36.500000 88.100000 -45.000000
vt 1.000000 0.000000
vn 0.000000 0.000000 1.000000
v -24.750000 88.100000 -45.000000
vt 1.000000 1.000000
vn 0.000000 0.000000 1.000000
v -24.750000 90.100000 -45.000000
vt 0.000000 1.000000
vn 0.000000 0.000000 1.000000
f 3615/3615/3615 3616/3616/3616 3617/3617/3617
f 3615/3615/3615 3617/3617/3617 3618/3618/3618
v -24.750000 90.100000 -45.000000
vt 0.000000 0.000000
vn 1.000000 0.000000 0.000000
v -24.750000 88.100000 -45.000000
vt 1.000000 0.000000
vn 1.000000 0.000000 0.000000
v -24.750000 81.200000 -52.500000
vt 1.000000 1.000000
vn 1.000000 0.000000 0.000000
v -24.750000 83.200000 -52.500000
vt 0.000000 1.000000
vn 1.000000 0.000000 0.000000
f 3619/3619/3619 3620/3620/3620 3621/3621/3621
f 3619/3619/3619 3621/3621/3621 3622/3622/3622
v -24.750000 83.200000 -52.500000
vt 0.000000 0.000000
vn 0.000000 -0.000000 -1.000000
v -24.750000 81.200000 -52.500000
vt 1.000000 0.000000
vn 0.000000 -0.000000 -1.000000
v -36.500000 81.200000 -52.500000
vt 1.000000 1.000000
vn 0.000000 -0.000000 -1.000000
v -36.500000 83.200000 -52.500000
vt 0.000000 1.000000
vn 0.000000 -0.000000 -1.000000
f 3623/3623/3623 3624/3624/3624 3625/3625/3625
f 3623/3623/3623 3625/3625/3625 3626/3626/3626
v -36.500000 83.200000 -52.500000
vt 0.000000 0.000000
vn -1.000000 0.000000 0.000000
v -36.500000 81.200000 -52.500000
vt 1.000000 0.000000
vn -1.000000 0.000000 0.000000
v -36.500000 88.100000 -45.000000
vt 1.000000 1.000000
vn -1.000000 0.000000 0.000000
v -36.500000 90.100000 -45.000000
vt 0.000000 1.000000
vn -1.000000 0.000000 0.000000
f 3627/3627/3627 3628/3628/3628 3629/3629/3629
f 3627/3627/3627 3629/3629/3629 3630/3630/3630
v 0.250000 90.100000 -45.000000
vt 0.000000 0.000000
vn 0.000000 0.735931 -0.677057
v 12.000000 90.100000 -45.000000
vt 1.000000 0.000000
vn 0.000000 0.735931 -0.677057
v 12.000000 83.200000 -52.500000
vt 1.000000 1.000000
vn 0.000000 0.735931 -0.677057
v 0.250000 83.200000 -52.500000
vt 0.000000 1.000000
vn 0.000000 0.735931 -0.677057
f 3631/3631/3631 3632/3632/3632 3633/3633/3633
f 3631/3631/3631 3633/3633/3633 3634/3634/3634
v 0.250000 81.200000 -52.500000
vt 0.000000 0.000000
vn 0.000000 -0.735931 0.677057
v 12.000000 81.200000 -52.500000
vt 1.000000 0.000000
vn 0.000000 -0.735931 0.677057
v 12.000000 88.100000 -45.000000
vt 1.000000 1.000000
vn 0.000000 -0.735931 0.677057
v 0.250000 88.100000 -45.000000
vt 0.000000 1.000000
vn 0.000000 -0.735931 0.677057
f 3635/3635/3635 3636/3636/3636 3637/3637/3637
f 3635/3635/3635 3637/3637/3637 3638/3638/3638
v 0.250000 90.100000 -45.000000
vt 0.000000 0.000000
vn 0.000000 0.000000 1.000000
v 0.250000 88.100000 -45.000000
vt 1.000000 0.000000
vn 0.000000 0.000000 1.000000
v 12.000000 88.100000 -45.000000
vt 1.000000 1.000000
vn 0.000000 0.000000 1.000000
v 12.000000 90.100000 -45.000000
vt 0.000000 1.000000
vn 0.000000 0.000000 1.000000
f 3639/3639/3639 3640/3640/3640 3641/3641/3641
f 3639/3639/3639 3641/3641/3641 3642/3642/3642
v 12.000000 90.100000 -45.000000
vt 0.000000 0.000000
vn 1.000000 0.000000 0.000000
v 12.000000 88.100000 -45.000000
vt 1.000000 0.000000
vn 1.000000 0.000000 0.000000
v 12.000000 81.200000 -52.500000
vt 1.000000 1.000000
vn 1.000000 0.000000 0.000000
v 12.000000 83.200000 -52.500000
vt 0.000000 1.000000
vn 1.000000 0.000000 0.000000
f 3643/3643/3643 3644/3644/3644 3645/3645/3645
f 3643/3643/3643 3645/3645/3645 3646/3646/3646
v 12.000000 83.200000 -52.500000
vt 0.000000 0.000000
vn 0.000000 -0.000000 -1.000000
v 12.000000 81.200000 -52.500000
vt 1.000000 0.000000
vn 0.000000 -0.000000 -1.000000
v 0.250000 81.200000 -52.500000
vt 1.000000 1.000000
vn 0.000000 -0.000000 -1.000000
v 0.250000 83.200000 -52.500000
vt 0.000000 1.000000
vn 0.000000 -0.000000 -1.000000
f 3647/3647/3647 3648/3648/3648 3649/3649/3649
f 3647/3647/3647 3649/3649/3649 3650/3650/3650
v 0.250000 83.200000 -52.500000
vt 0.000000 0.000000
vn -1.000000 0.000000 0.000000
v 0.250000 81.200000 -52.500000
vt 1.000000 0.000000
vn -1.000000 0.000000 0.000000
v 0.250000 88.100000 -45.000000
vt 1.000000 1.000000
vn -1.000000 0.000000 0.000000
v 0.250000 90.100000 -45.000000
vt 0.000000 1.000000
vn -1.000000 0.000000 0.000000
f 3651/3651/3651 3652/3652/3652 3653/3653/3653
f 3651/3651/3651 3653/3653/3653 3654/3654/3654
v 12.500000 90.100000 -45.000000
vt 0.000000 0.000000
vn 0.000000 0.735931 -0.677057
v 24.250000 90.100000 -45.000000
vt 1.000000 0.000000
vn 0.000000 0.735931 -0.677057
v 24.250000 83.200000 -52.500000
vt 1.000000 1.000000
vn 0.000000 0.735931 -0.677057
v 12.500000 83.200000 -52.500000
vt 0.000000 1.000000
vn 0.000000 0.735931 -0.677057
f 3655/3655/3655 3656/3656/3656 3657/3657/3657
f 3655/3655/3655 3657/3657/3657 3658/3658/3658
v 12.500000 81.200000 -52.500000
vt 0.000000 0.000000
vn 0.000000 -0.735931 0.677057
v 24.250000 81.200000 -52.500000
vt 1.000000 0.000000
vn 0.000000 -0.735931 0.677057
v 24.250000 88.100000 -45.000000
vt 1.000000 1.000000
vn 0.000000 -0.735931 0.677057
v 12.500000 88.100000 -45.000000
vt 0.000000 1.000000
vn 0.000000 -0.735931 0.677057
f 3659/3659/3659 3660/3660/3660 3661/3661/3661
f 3659/3659/3659 3661/3661/3661 3662/3662/3662
v 12.500000 90.100000 -45.000000
vt 0.000000 0.000000
vn 0.000000 0.000000 1.000000
v 12.500000 88.100000 -45.000000
vt 1.000000 0.000000
vn 0.000000 0.000000 1.000000
v 24.250000 88.100000 -45.000000
vt 1.000000 1.000000
vn 0.000000 0.000000 1.000000
v 24.250000 90.100000 -45.000000
vt 0.000000 1.000000
vn 0.000000 0.000000 1.000000
f 3663/3663/3663 3664/3664/3664 3665/3665/3665
f 3663/3663/3663 3665/3665/3665 3666/3666/3666
v 24.250000 90.100000 -45.000000
vt 0.000000 0.000000
vn 1.000000 0.000000 0.000000
v 24.250000 88.100000 -45.000000
vt 1.000000 0.000000
vn 1.000000 0.000000 0.000000
v 24.250000 81.200000 -52.500000
vt 1.000000 1.000000
vn 1.000000 0.000000 0.000000
v 24.250000 83.200000 -52.500000
vt 0.000000 1.000000
vn 1.000000 0.000000 0.000000
f 3667/3667/3667 3668/3668/3668 3669/3669/3669
f 3667/3667/3667 3669/3669/3669 3670/3670/3670
v 24.250000 83.200000 -52.500000
vt 0.000000 0.000000
vn 0.000000 -0.000000 -1.000000
v 24.250000 81.200000 -52.500000
vt 1.000000 0.000000
vn 0.000000 -0.000000 -1.000000
v 12.500000 81.200000 -52.500000
vt 1.000000 1.000000
vn 0.000000 -0.000000 -1.000000
v 12.500000 83.200000 -52.500000
vt 0.000000 1.000000
vn 0.000000 -0.000000 -1.000000
f 3671/3671/3671 3672/3672/3672 3673/3673/3673
f 3671/3671/3671 3673/3673/3673 3674/3674/3674
v 12.500000 83.200000 -52.500000
vt 0.000000 0.000000
vn -1.000000 0.000000 0.000000
v 12.500000 81.200000 -52.500000
vt 1.000000 0.000000
vn -1.000000 0.000000 0.000000
v 12.500000 88.100000 -45.000000
vt 1.000000 1.000000
vn -1.000000 0.000000 0.000000
v 12.500000 90.100000 -45.000000
vt 0.000000 1.000000
vn -1.000000 0.000000 0.000000
f 3675/3675/3675 3676/3676/3676 3677/3677/3677
f 3675/3675/3675 3677/3677/3677 3678/3678/3678
v 24.750000 90.100000 -45.000000
vt 0.000000 0.000000
vn 0.000000 0.735931 -0.677057
v 36.500000 90.100000 -45.000000
vt 1.000000 0.000000
vn 0.000000 0.735931 -0.677057
v 36.500000 83.200000 -52.500000
vt 1.000000 1.000000
vn 0.000000 0.735931 -0.677057
v 24.750000 83.200000 -52.500000
vt 0.000000 1.000000
vn 0.000000 0.735931 -0.677057
f 3679/3679/3679 3680/3680/3680 3681/3681/3681
f 3679/3679/3679 3681/3681/3681 3682/3682/3682
v 24.750000 81.200000 -52.500000
vt 0.000000 0.000000
vn 0.000000 -0.735931 0.677057
v 36.500000 81.200000 -52.500000
vt 1.000000 0.000000
vn 0.000000 -0.735931 0.677057
v 36.500000 88.100000 -45.000000
vt 1.000000 1.000000
vn 0.000000 -0.735931 0.677057
v 24.750000 88.100000 -45.000000
vt 0.000000 1.000000
vn 0.000000 -0.735931 0.677057
f 3683/3683/3683 3684/3684/3684 3685/3685/3685
f 3683/3683/3683 3685/3685/3685 3686/3686/3686
v 24.750000 90.100000 -45.000000
vt 0.000000 0.000000
vn 0.000000 0.000000 1.000000
v 24.750000 88.100000 -45.000000
vt 1.000000 0.000000
vn 0.000000 0.000000 1.000000
v 36.500000 88.100000 -45.000000
vt 1.000000 1.000000
vn 0.000000 0.000000 1.000000
v 36.500000 90.100000 -45.000000
vt 0.000000 1.000000
vn 0.000000 0.000000 1.000000
f 3687/3687/3687 3688/3688/3688 3689/3689/3689
f 3687/3687/3687 3689/3689/3689 3690/3690/3690
v 36.500000 90.100000 -45.000000
vt 0.000000 0.000000
vn 1.000000 0.000000 0.000000
v 36.500000 88.100000 -45.000000
vt 1.000000 0.000000
vn 1.000000 0.000000 0.000000
v 36.500000 81.200000 -52.500000
vt 1.000000 1.000000
vn 1.000000 0.000000 0.000000
v 36.500000 83.200000 -52.500000
vt 0.000000 1.000000
vn 1.000000 0.000000 0.000000
f 3691/3691/3691 3692/3692/3692 3693/3693/3693
f 3691/3691/3691 3693/3693/3693 3694/3694/3694
v 36.500000 83.200000 -52.500000
vt 0.000000 0.000000
vn 0.000000 -0.000000 -1.000000
v 36.500000 81.200000 -52.500000
vt 1.000000 0.000000
vn 0.000000 -0.000000 -1.000000
v 24.750000 81.200000 -52.500000
vt 1.000000 1.000000
vn 0.000000 -0.000000 -1.000000
v 24.750000 83.200000 -52.500000
vt 0.000000 1.000000
vn 0.000000 -0.000000 -1.000000
f 3695/3695/3695 3696/3696/3696 3697/3697/3697
f 3695/3695/3695 3697/3697/3697 3698/3698/3698
v 24.750000 83.200000 -52.500000
vt 0.000000 0.000000
vn -1.000000 0.000000 0.000000
v 24.750000 81.200000 -52.500000
vt 1.000000 0.000000
vn -1.000000 0.000000 0.000000
v 24.750000 88.100000 -45.000000
vt 1.000000 1.000000
vn -1.000000 0.000000 0.000000
v 24.750000 90.100000 -45.000000
vt 0.000000 1.000000
vn -1.000000 0.000000 0.000000
f 3699/3699/3699 3700/3700/3700 3701/3701/3701
f 3699/3699/3699 3701/3701/3701 3702/3702/3702
v 61.500000 90.100000 -45.000000
vt 0.000000 0.000000
vn 0.000000 0.735931 -0.677057
v 73.250000 90.100000 -45.000000
vt 1.000000 0.000000
vn 0.000000 0.735931 -0.677057
v 73.250000 83.200000 -52.500000
vt 1.000000 1.000000
vn 0.000000 0.735931 -0.677057
v 61.500000 83.200000 -52.500000
vt 0.000000 1.000000
vn 0.000000 0.735931 -0.677057
f 3703/3703/3703 3704/3704/3704 3705/3705/3705
f 3703/3703/3703 3705/3705/3705 3706/3706/3706
v 61.500000 81.200000 -52.500000
vt 0.000000 0.000000
vn 0.000000 -0.735931 0.677057
v 73.250000 81.200000 -52.500000
vt 1.000000 0.000000
vn 0.000000 -0.735931 0.677057
v 73.250000 88.100000 -45.000000
vt 1.000000 1.000000
vn 0.000000 -0.735931 0.677057
v 61.500000 88.100000 -45.000000
vt 0.000000 1.000000
vn 0.000000 -0.735931 0.677057
f 3707/3707/3707 3708/3708/3708 3709/3709/3709
f 3707/3707/3707 3709/3709/3709 3710/3710/3710
v 61.500000 90.100000 -45.000000
vt 0.000000 0.000000
vn 0.000000 0.000000 1.000000
v 61.500000 88.100000 -45.000000
vt 1.000000 0.000000
vn 0.000000 0.000000 1.000000
v 73.250000 88.100000 -45.000000
vt 1.000000 1.000000
vn 0.000000 0.000000 1.000000
v 73.250000 90.100000 -45.000000
vt 0.000000 1.000000
vn 0.000000 0.000000 1.000000
f 3711/3711/3711 3712/3712/3712 3713/3713/3713
f 3711/3711/3711 3713/3713/3713 3714/3714/3714
v 73.250000 90.100000 -45.000000
vt 0.000000 0.000000
vn 1.000000 0.000000 0.000000
v 73.250000 88.100000 -45.000000
vt 1.000000 0.000000
vn 1.000000 0.000000 0.000000
v 73.250000 81.200000 -52.500000
vt 1.000000 1.000000
vn 1.000000 0.000000 0.000000
v 73.250000 83.200000 -52.500000
vt 0.000000 1.000000
vn 1.000000 0.000000 0.000000
f 3715/3715/3715 3716/3716/3716 3717/3717/3717
f 3715/3715/3715 3717/3717/3717 3718/3718/3718
v 73.250000 83.200000 -52.500000
vt 0.000000 0.000000
vn 0.000000 -0.000000 -1.000000
v 73.250000 81.200000 -52.500000
vt 1.000000 0.000000
vn 0.000000 -0.000000 -1.000000
v 61.500000 81.200000 -52.500000
vt 1.000000 1.000000
vn 0.000000 -0.000000 -1.000000
v 61.500000 83.200000 -52.500000
vt 0.000000 1.000000
vn 0.000000 -0.000000 -1.000000
f 3719/3719/3719 3720/3720/3720 3721/3721/3721
f 3719/3719/3719 3721/3721/3721 3722/3722/3722
v 61.500000 83.200000 -52.500000
vt 0.000000 0.000000
vn -1.000000 0.000000 0.000000
v 61.500000 81.200000 -52.500000
vt 1.000000 0.000000
vn -1.000000 0.000000 0.000000
v 61.500000 88.100000 -45.000000
vt 1.000000 1.000000
vn -1.000000 0.000000 0.000000
v 61.500000 90.100000 -45.000000
vt 0.000000 1.000000
vn -1.000000 0.000000 0.000000
f 3723/3723/3723 3724/3724/3724 3725/3725/3725
f 3723/3723/3723 3725/3725/3725 3726/3726/3726
v 73.750000 90.100000 -45.000000
vt 0.000000 0.000000
vn 0.000000 0.735931 -0.677057
v 85.500000 90.100000 -45.000000
vt 1.000000 0.000000
vn 0.000000 0.735931 -0.677057
v 85.500000 83.200000 -52.500000
vt 1.000000 1.000000
vn 0.000000 0.735931 -0.677057
v 73.750000 83.200000 -52.500000
vt 0.000000 1.000000
vn 0.000000 0.735931 -0.677057
f 3727/3727/3727 3728/3728/3728 3729/3729/3729
f 3727/3727/3727 3729/3729/3729 3730/3730/3730
v 73.750000 81.200000 -52.500000
vt 0.000000 0.000000
vn 0.000000 -0.735931 0.677057
v 85.500000 81.200000 -52.500000
vt 1.000000 0.000000
vn 0.000000 -0.735931 0.677057
v 85.500000 88.100000 -45.000000
vt 1.000000 1.000000
vn 0.000000 -0.735931 0.677057
v 73.750000 88.100000 -45.000000
vt 0.000000 1.000000
vn 0.000000 -0.735931 0.677057
f 3731/3731/3731 3732/3732/3732 3733/3733/3733
f 3731/3731/3731 3733/3733/3733 3734/3734/3734
v 73.750000 90.100000 -45.000000
vt 0.000000 0.000000
vn 0.000000 0.000000 1.000000
v 73.750000 88.100000 -45.000000
vt 1.000000 0.000000
vn 0.000000 0.000000 1.000000
v 85.500000 88.100000 -45.000000
vt 1.000000 1.000000
vn 0.000000 0.000000 1.000000
v 85.500000 90.100000 -45.000000
vt 0.000000 1.000000
vn 0.000000 0.000000 1.000000
f 3735/3735/3735 3736/3736/3736 3737/3737/3737
f 3735/3735/3735 3737/3737/3737 3738/3738/3738
v 85.500000 90.100000 -45.000000
vt 0.000000 0.000000
vn 1.000000 0.000000 0.000000
v 85.500000 88.100000 -45.000000
vt 1.000000 0.000000
vn 1.000000 0.000000 0.000000
v 85.500000 81.200000 -52.500000
vt 1.000000 1.000000
vn 1.000000 0.000000 0.000000
v 85.500000 83.200000 -52.500000
vt 0.000000 1.000000
vn 1.000000 0.000000 0.000000
f 3739/3739/3739 3740/3740/3740 3741/3741/3741
f 3739/3739/3739 3741/3741/3741 3742/3742/3742
v 85.500000 83.200000 -52.500000
vt 0.000000 0.000000
vn 0.000000 -0.000000 -1.000000
v 85.500000 81.200000 -52.500000
vt 1.000000 0.000000
vn 0.000000 -0.000000 -1.000000
v 73.750000 81.200000 -52.500000
vt 1.000000 1.000000
vn 0.000000 -0.000000 -1.000000
v 73.750000 83.200000 -52.500000
vt 0.000000 1.000000
vn 0.000000 -0.000000 -1.000000
f 3743/3743/3743 3744/3744/3744 3745/3745/3745
f 3743/3743/3743 3745/3745/3745 3746/3746/3746
v 73.750000 83.200000 -52.500000
vt 0.000000 0.000000
vn -1.000000 0.000000 0.000000
v 73.750000 81.200000 -52.500000
vt 1.000000 0.000000
vn -1.000000 0.000000 0.000000
v 73.750000 88.100000 -45.000000
vt 1.000000 1.000000
vn -1.000000 0.000000 0.000000
v 73.750000 90.100000 -45.000000
vt 0.000000 1.000000
vn -1.000000 0.000000 0.000000
f 3747/3747/3747 3748/3748/3748 3749/3749/3749
f 3747/3747/3747 3749/3749/3749 3750/3750/3750
v 86.000000 90.100000 -45.000000
vt 0.000000 0.000000
vn 0.000000 0.735931 -0.677057
v 97.750000 90.100000 -45.000000
vt 1.000000 0.000000
vn 0.000000 0.735931 -0.677057
v 97.750000 83.200000 -52.500000
vt 1.000000 1.000000
vn 0.000000 0.735931 -0.677057
v 86.000000 83.200000 -52.500000
vt 0.000000 1.000000
vn 0.000000 0.735931 -0.677057
f 3751/3751/3751 3752/3752/3752 3753/3753/3753
f 3751/3751/3751 3753/3753/3753 3754/3754/3754
v 86.000000 81.200000 -52.500000
vt 0.000000 0.000000
vn 0.000000 -0.735931 0.677057
v 97.750000 81.200000 -52.500000
vt 1.000000 0.000000
vn 0.000000 -0.735931 0.677057
v 97.750000 88.100000 -45.000000
vt 1.000000 1.000000
vn 0.000000 -0.735931 0.677057
v 86.000000 88.100000 -45.000000
vt 0.000000 1.000000
vn 0.000000 -0.735931 0.677057
f 3755/3755/3755 3756/3756/3756 3757/3757/3757
f 3755/3755/3755 3757/3757/3757 3758/3758/3758
v 86.000000 90.100000 -45.000000
vt 0.000000 0.000000
vn 0.000000 0.000000 1.000000
v 86.000000 88.100000 -45.000000
vt 1.000000 0.000000
vn 0.000000 0.000000 1.000000
v 97.750000 88.100000 -45.000000
vt 1.000000 1.000000
vn 0.000000 0.000000 1.000000
v 97.750000 90.100000 -45.000000
vt 0.000000 1.000000
vn 0.000000 0.000000 1.000000
f 3759/3759/3759 3760/3760/3760 3761/3761/3761
f 3759/3759/3759 3761/3761/3761 3762/3762/3762
v 97.750000 90.100000 -45.000000
vt 0.000000 0.000000
vn 1.000000 0.000000 0.000000
v 97.750000 88.100000 -45.000000
vt 1.000000 0.000000
vn 1.000000 0.000000 0.000000
v 97.750000 81.200000 -52.500000
vt 1.000000 1.000000
vn 1.000000 0.000000 0.000000
v 97.750000 83.200000 -52.500000
vt 0.000000 1.000000
vn 1.000000 0.000000 0.000000
f 3763/3763/3763 3764/3764/3764 3765/3765/3765
f 3763/3763/3763 3765/3765/3765 3766/3766/3766
v 97.750000 83.200000 -52.500000
vt 0.000000 0.000000
vn 0.000000 -0.000000 -1.000000
v 97.750000 81.200000 -52.500000
vt 1.000000 0.000000
vn 0.000000 -0.000000 -1.000000
v 86.000000 81.200000 -52.500000
vt 1.000000 1.000000
vn 0.000000 -0.000000 -1.000000
v 86.000000 83.200000 -52.500000
vt 0.000000 1.000000
vn 0.000000 -0.000000 -1.000000
f 3767/3767/3767 3768/3768/3768 3769/3769/3769
f 3767/3767/3767 3769/3769/3769 3770/3770/3770
v 86.000000 83.200000 -52.500000
vt 0.000000 0.000000
vn -1.000000 0.000000 0.000000
v 86.000000 81.200000 -52.500000
vt 1.000000 0.000000
vn -1.000000 0.000000 0.000000
v 86.000000 88.100000 -45.000000
vt 1.000000 1.000000
vn -1.000000 0.000000 0.000000
v 86.000000 90.100000 -45.000000
vt 0.000000 1.000000
vn -1.000000 0.000000 0.000000
f 3771/3771/3771 3772/3772/3772 3773/3773/3773
f 3771/3771/3771 3773/3773/3773 3774/3774/3774
v -85.500000 124.600000 7.500000
vt 0.000000 0.000000
vn -0.000000 0.735931 0.677057
v -73.750000 124.600000 7.500000
vt 1.000000 0.000000
vn -0.000000 0.735931 0.677057
v -73.750000 131.500000 0.000000
vt 1.000000 1.000000
vn -0.000000 0.735931 0.677057
v -85.500000 131.500000 0.000000
vt 0.000000 1.000000
vn -0.000000 0.735931 0.677057
f 3775/3775/3775 3776/3776/3776 3777/3777/3777
f 3775/3775/3775 3777/3777/3777 3778/3778/3778
v -85.500000 129.500000 0.000000
vt 0.000000 0.000000
vn 0.000000 -0.735931 -0.677057
v -73.750000 129.500000 0.000000
vt 1.000000 0.000000
vn 0.000000 -0.735931 -0.677057
v -73.750000 122.600000 7.500000
vt 1.000000 1.000000
vn 0.000000 -0.735931 -0.677057
v -85.500000 122.600000 7.500000
vt 0.000000 1.000000
vn 0.000000 -0.735931 -0.677057
f 3779/3779/3779 3780/3780/3780 3781/3781/3781
f 3779/3779/3779 3781/3781/3781 3782/3782/3782
v -85.500000 124.600000 7.500000
vt 0.000000 0.000000
vn 0.000000 0.000000 1.000000
v -85.500000 122.600000 7.500000
vt 1.000000 0.000000
vn 0.000000 0.000000 1.000000
v -73.750000 122.600000 7.500000
vt 1.000000 1.000000
vn 0.000000 0.000000 1.000000
v -73.750000 124.600000 7.500000
vt 0.000000 1.000000
vn 0.000000 0.000000 1.000000
f 3783/3783/3783 3784/3784/3784 3785/3785/3785
f 3783/3783/3783 3785/3785/3785 3786/3786/3786
v -73.750000 124.600000 7.500000
vt 0.000000 0.000000
vn 1.000000 0.000000 0.000000
v -73.750000 122.600000 7.500000
vt 1.000000 0.000000
vn 1.000000 0.000000 0.000000
v -73.750000 129.500000 0.000000
vt 1.000000 1.000000
vn 1.000000 0.000000 0.000000
v -73.750000 131.500000 0.000000
vt 0.000000 1.000000
vn 1.000000 0.000000 0.000000
f 3787/3787/3787 3788/3788/3788 3789/3789/3789
f 3787/3787/3787 3789/3789/3789 3790/3790/3790
v -73.750000 131.500000 0.000000
vt 0.000000 0.000000
vn 0.000000 -0.000000 -1.000000
v -73.750000 129.500000 0.000000
vt 1.000000 0.000000
vn 0.000000 -0.000000 -1.000000
v -85.500000 129.500000 0.000000
vt 1.000000 1.000000
vn 0.000000 -0.000000 -1.000000
v -85.500000 131.500000 0.000000
vt 0.000000 1.000000
vn 0.000000 -0.000000 -1.000000
f 3791/3791/3791 3792/3792/3792 3793/3793/3793
f 3791/3791/3791 3793/3793/3793 3794/3794/3794
v -85.500000 131.500000 0.000000
vt 0.000000 0.000000
vn -1.000000 0.000000 0.000000
v -85.500000 129.500000 0.000000
vt 1.000000 0.000000
vn -1.000000 0.000000 0.000000
v -85.500000 122.600000 7.500000
vt 1.000000 1.000000
vn -1.000000 0.000000 0.000000
v -85.500000 124.600000 7.500000
vt 0.000000 1.000000
vn -1.000000 0.000000 0.000000
f 3795/3795/3795 3796/3796/3796 3797/3797/3797
f 3795/3795/3795 3797/3797/3797 3798/3798/3798
v -61.000000 124.600000 7.500000
vt 0.000000 0.000000
vn -0.000000 0.735931 0.677057
v -49.250000 124.600000 7.500000
vt 1.000000 0.000000
vn -0.000000 0.735931 0.677057
v -49.250000 131.500000 0.000000
vt 1.000000 1.000000
vn -0.000000 0.735931 0.677057
v -61.000000 131.500000 0.000000
vt 0.000000 1.000000
vn -0.000000 0.735931 0.677057
f 3799/3799/3799 3800/3800/3800 3801/3801/3801
f 3799/3799/3799 3801/3801/3801 3802/3802/3802
v -61.000000 129.500000 0.000000
vt 0.000000 0.000000
vn 0.000000 -0.735931 -0.677057
v -49.250000 129.500000 0.000000
vt 1.000000 0.000000
vn 0.000000 -0.735931 -0.677057
v -49.250000 122.600000 7.500000
vt 1.000000 1.000000
vn 0.000000 -0.735931 -0.677057
v -61.000000 122.600000 7.500000
vt 0.000000 1.000000
vn 0.000000 -0.735931 -0.677057
f 3803/3803/3803 3804/3804/3804 3805/3805/3805
f 3803/3803/3803 3805/3805/3805 3806/3806/3806
v -61.000000 124.600000 7.500000
vt 0.000000 0.000000
vn 0.000000 0.000000 1.000000
v -61.000000 122.600000 7.500000
vt 1.000000 0.000000
vn 0.000000 0.000000 1.000000
v -49.250000 122.600000 7.500000
vt 1.000000 1.000000
vn 0.000000 0.000000 1.000000
v -49.250000 124.600000 7.500000
vt 0.000000 1.000000
vn 0.000000 0.000000 1.000000
f 3807/3807/3807 3808/3808/3808 3809/3809/3809
f 3807/3807/3807 3809/3809/3809 3810/3810/3810
v -49.250000 124.600000 7.500000
vt 0.000000 0.000000
vn 1.000000 0.000000 0.000000
v -49.250000 122.600000 7.500000
vt 1.000000 0.000000
vn 1.000000 0.000000 0.000000
v -49.250000 129.500000 0.000000
vt 1.000000 1.000000
vn 1.000000 0.000000 0.000000
v -49.250000 131.500000 0.000000
vt 0.000000 1.000000
vn 1.000000 0.000000 0.000000
f 3811/3811/3811 3812/3812/3812 3813/3813/3813
f 3811/3811/3811 3813/3813/3813 3814/3814/3814
v -49.250000 131.500000 0.000000
vt 0.000000 0.000000
vn 0.000000 -0.000000 -1.000000
v -49.250000 129.500000 0.000000
vt 1.000000 0.000000
vn 0.000000 -0.000000 -1.000000
v -61.000000 129.500000 0.000000
vt 1.000000 1.000000
vn 0.000000 -0.000000 -1.000000
v -61.000000 131.500000 0.000000
vt 0.000000 1.000000
vn 0.000000 -0.000000 -1.000000
f 3815/3815/3815 3816/3816/3816 3817/3817/3817
f 3815/3815/3815 3817/3817/3817 3818/3818/3818
v -61.000000 131.500000 0.000000
vt 0.000000 0.000000
vn -1.000000 0.000000 0.000000
v -61.000000 129.500000 0.000000
vt 1.000000 0.000000
vn -1.000000 0.000000 0.000000
v -61.000000 122.600000 7.500000
vt 1.000000 1.000000
vn -1.000000 0.000000 0.000000
v -61.000000 124.600000 7.500000
vt 0.000000 1.000000
vn -1.000000 0.000000 0.000000
f 3819/3819/3819 3820/3820/3820 3821/3821/3821
f 3819/3819/3819 3821/3821/3821 3822/3822/3822
v -48.750000 124.600000 7.500000
vt 0.000000 0.000000
vn -0.000000 0.735931 0.677057
v -37.000000 124.600000 7.500000
vt 1.000000 0.000000
vn -0.000000 0.735931 0.677057
v -37.000000 131.500000 0.000000
vt 1.000000 1.000000
vn -0.000000 0.735931 0.677057
v -48.750000 131.500000 0.000000
vt 0.000000 1.000000
vn -0.000000 0.735931 0.677057
f 3823/3823/3823 3824/3824/3824 3825/3825/3825
f 3823/3823/3823 3825/3825/3825 3826/3826/3826
v -48.750000 129.500000 0.000000
vt 0.000000 0.000000
vn 0.000000 -0.735931 -0.677057
v -37.000000 129.500000 0.000000
vt 1.000000 0.000000
vn 0.000000 -0.735931 -0.677057
v -37.000000 122.600000 7.500000
vt 1.000000 1.000000
vn 0.000000 -0.735931 -0.677057
v -48.750000 122.600000 7.500000
vt 0.000000 1.000000
vn 0.000000 -0.735931 -0.677057
f 3827/3827/3827 3828/3828/3828 3829/3829/3829
f 3827/3827/3827 3829/3829/3829 3830/3830/3830
v -48.750000 124.600000 7.500000
vt 0.000000 0.000000
vn 0.000000 0.000000 1.000000
v -48.750000 122.600000 7.500000
vt 1.000000 0.000000
vn 0.000000 0.000000 1.000000
v -37.000000 122.600000 7.500000
vt 1.000000 1.000000
vn 0.000000 0.000000 1.000000
v -37.000000 124.600000 7.500000
vt 0.000000 1.000000
vn 0.000000 0.000000 1.000000
f 3831/3831/3831 3832/3832/3832 3833/3833/3833
f 3831/3831/3831 3833/3833/3833 3834/3834/3834
v -37.000000 124.600000 7.500000
vt 0.000000 0.000000
vn 1.000000 0.000000 0.000000
v -37.000000 122.600000 7.500000
vt 1.000000 0.000000
vn 1.000000 0.000000 0.000000
v -37.000000 129.500000 0.000000
vt 1.000000 1.000000
vn 1.000000 0.000000 0.000000
v -37.000000 131.500000 0.000000
vt 0.000000 1.000000
vn 1.000000 0.000000 0.000000
f 3835/3835/3835 3836/3836/3836 3837/3837/3837
f 3835/3835/3835 3837/3837/3837 3838/3838/3838
v -37.000000 131.500000 0.000000
vt 0.000000 0.000000
vn 0.000000 -0.000000 -1.000000
v -37.000000 129.500000 0.000000
vt 1.000000 0.000000
vn 0.000000 -0.000000 -1.000000
v -48.750000 129.500000 0.000000
vt 1.000000 1.000000
vn 0.000000 -0.000000 -1.000000
v -48.750000 131.500000 0.000000
vt 0.000000 1.000000
vn 0.000000 -0.000000 -1.000000
f 3839/3839/3839 3840/3840/3840 3841/3841/3841
f 3839/3839/3839 3841/3841/3841 3842/3842/3842
v -48.750000 131.500000 0.000000
vt 0.000000 0.000000
vn -1.000000 0.000000 0.000000
v -48.750000 129.500000 0.000000
vt 1.000000 0.000000
vn -1.000000 0.000000 0.000000
v -48.750000 122.600000 7.500000
vt 1.000000 1.000000
vn -1.000000 0.000000 0.000000
v -48.750000 124.600000 7.500000
vt 0.000000 1.000000
vn -1.000000 0.000000 0.000000
f 3843/3843/3843 3844/3844/3844 3845/3845/3845
f 3843/3843/3843 3845/3845/3845 3846/3846/3846
v -36.500000 124.600000 7.500000
vt 0.000000 0.000000
vn -0.000000 0.735931 0.677057
v -24.750000 124.600000 7.500000
vt 1.000000 0.000000
vn -0.000000 0.735931 0.677057
v -24.750000 131.500000 0.000000
vt 1.000000 1.000000
vn -0.000000 0.735931 0.677057
v -36.500000 131.500000 0.000000
vt 0.000000 1.000000
vn -0.000000 0.735931 0.677057
f 3847/3847/3847 3848/3848/3848 3849/3849/3849
f 3847/3847/3847 3849/3849/3849 3850/3850/3850
v -36.500000 129.500000 0.000000
vt 0.000000 0.000000
vn 0.000000 -0.735931 -0.677057
v -24.750000 129.500000 0.000000
vt 1.000000 0.000000
vn 0.000000 -0.735931 -0.677057
v -24.750000 122.600000 7.500000
vt 1.000000 1.000000
vn 0.000000 -0.735931 -0.677057
v -36.500000 122.600000 7.500000
vt 0.000000 1.000000
vn 0.000000 -0.735931 -0.677057
f 3851/3851/3851 3852/3852/3852 3853/3853/3853
f 3851/3851/3851 3853/3853/3853 3854/3854/3854
v -36.500000 124.600000 7.500000
vt 0.000000 0.000000
vn 0.000000 0.000000 1.000000
v -36.500000 122.600000 7.500000
vt 1.000000 0.000000
vn 0.000000 0.000000 1.000000
v -24.750000 122.600000 7.500000
vt 1.000000 1.000000
vn 0.000000 0.000000 1.000000
v -24.750000 124.600000 7.500000
vt 0.000000 1.000000
vn 0.000000 0.000000 1.000000
f 3855/3855/3855 3856/3856/3856 3857/3857/3857
f 3855/3855/3855 3857/3857/3857 3858/3858/3858
v -24.750000 124.600000 7.500000
vt 0.000000 0.000000
vn 1.000000 0.000000 0.000000
v -24.750000 122.600000 7.500000
vt 1.000000 0.000000
vn 1.000000 0.000000 0.000000
v -24.750000 129.500000 0.000000
vt 1.000000 1.000000
vn 1.000000 0.000000 0.000000
v -24.750000 131.500000 0.000000
vt 0.000000 1.000000
vn 1.000000 0.000000 0.000000
f 3859/3859/3859 3860/3860/3860 3861/3861/3861
f 3859/3859/3859 3861/3861/3861 3862/3862/3862
v -24.750000 131.500000 0.000000
vt 0.000000 0.000000
vn 0.000000 -0.000000 -1.000000
v -24.750000 129.500000 0.000000
vt 1.000000 0.000000
vn 0.000000 -0.000000 -1.000000
v -36.500000 129.500000 0.000000
vt 1.000000 1.000000
vn 0.000000 -0.000000 -1.000000
v -36.500000 131.500000 0.000000
vt 0.000000 1.000000
vn 0.000000 -0.000000 -1.000000
f 3863/3863/3863 3864/3864/3864 3865/3865/3865
f 3863/3863/3863 3865/3865/3865 3866/3866/3866
v -36.500000 131.500000 0.000000
vt 0.000000 0.000000
vn -1.000000 0.000000 0.000000
v -36.500000 129.500000 0.000000
vt 1.000000 0.000000
vn -1.000000 0.000000 0.000000
v -36.500000 122.600000 7.500000
vt 1.000000 1.000000
vn -1.000000 0.000000 0.000000
v -36.500000 124.600000 7.500000
vt 0.000000 1.000000
vn -1.000000 0.000000 0.000000
f 3867/3867/3867 3868/3868/3868 3869/3869/3869
f 3867/3867/3867 3869/3869/3869 3870/3870/3870
v -24.250000 124.600000 7.500000
vt 0.000000 0.000000
vn -0.000000 0.735931 0.677057
v -12.500000 124.600000 7.500000
vt 1.000000 0.000000
vn -0.000000 0.735931 0.677057
v -12.500000 131.500000 0.000000
vt 1.000000 1.000000
vn -0.000000 0.735931 0.677057
v -24.250000 131.500000 0.000000
vt 0.000000 1.000000
vn -0.000000 0.735931 0.677057
f 3871/3871/3871 3872/3872/3872 3873/3873/3873
f 3871/3871/3871 3873/3873/3873 3874/3874/3874
v -24.250000 129.500000 0.000000
vt 0.000000 0.000000
vn 0.000000 -0.735931 -0.677057
v -12.500000 129.500000 0.000000
vt 1.000000 0.000000
vn 0.000000 -0.735931 -0.677057
v -12.500000 122.600000 7.500000
vt 1.000000 1.000000
vn 0.000000 -0.735931 -0.677057
v -24.250000 122.600000 7.500000
vt 0.000000 1.000000
vn 0.000000 -0.735931 -0.677057
f 3875/3875/3875 3876/3876/3876 3877/3877/3877
f 3875/3875/3875 3877/3877/3877 3878/3878/3878
v -24.250000 124.600000 7.500000
vt 0.000000 0.000000
vn 0.000000 0.000000 1.000000
v -24.250000 122.600000 7.500000
vt 1.000000 0.000000
vn 0.000000 0.000000 1.000000
v -12.500000 122.600000 7.500000
vt 1.000000 1.000000
vn 0.000000 0.000000 1.000000
v -12.500000 124.600000 7.500000
vt 0.000000 1.000000
vn 0.000000 0.000000 1.000000
f 3879/3879/3879 3880/3880/3880 3881/3881/3881
f 3879/3879/3879 3881/3881/3881 3882/3882/3882
v -12.500000 124.600000 7.500000
vt 0.000000 0.000000
vn 1.000000 0.000000 0.000000
v -12.500000 122.600000 7.500000
vt 1.000000 0.000000
vn 1.000000 0.000000 0.000000
v -12.500000 129.500000 0.000000
vt 1.000000 1.000000
vn 1.000000 0.000000 0.000000
v -12.500000 131.500000 0.000000
vt 0.000000 1.000000
vn 1.000000 0.000000 0.000000
f 3883/3883/3883 3884/3884/3884 3885/3885/3885
f 3883/3883/3883 3885/3885/3885 3886/3886/3886
v -12.500000 131.500000 0.000000
vt 0.000000 0.000000
vn 0.000000 -0.000000 -1.000000
v -12.500000 129.500000 0.000000
vt 1.000000 0.000000
vn 0.000000 -0.000000 -1.000000
v -24.250000 129.500000 0.000000
vt 1.000000 1.000000
vn 0.000000 -0.000000 -1.000000
v -24.250000 131.500000 0.000000
vt 0.000000 1.000000
vn 0.000000 -0.000000 -1.000000
f 3887/3887/3887 3888/3888/3888 3889/3889/3889
f 3887/3887/3887 3889/3889/3889 3890/3890/3890
v -24.250000 131.500000 0.000000
vt 0.000000 0.000000
vn -1.000000 0.000000 0.000000
v -24.250000 129.500000 0.000000
vt 1.000000 0.000000
vn -1.000000 0.000000 0.000000
v -24.250000 122.600000 7.500000
vt 1.000000 1.000000
vn -1.000000 0.000000 0.000000
v -24.250000 124.600000 7.500000
vt 0.000000 1.000000
vn -1.000000 0.000000 0.000000
f 3891/3891/3891 3892/3892/3892 3893/3893/3893
f 3891/3891/3891 3893/3893/3893 3894/3894/3894
v 0.250000 124.600000 7.500000
vt 0.000000 0.000000
vn -0.000000 0.735931 0.677057
v 12.000000 124.600000 7.500000
vt 1.000000 0.000000
vn -0.000000 0.735931 0.677057
v 12.000000 131.500000 0.000000
vt 1.000000 1.000000
vn -0.000000 0.735931 0.677057
v 0.250000 131.500000 0.000000
vt 0.000000 1.000000
vn -0.000000 0.735931 0.677057
f 3895/3895/3895 3896/3896/3896 3897/3897/3897
f 3895/3895/3895 3897/3897/3897 3898/3898/3898
v 0.250000 129.500000 0.000000
vt 0.000000 0.000000
vn 0.000000 -0.735931 -0.677057
v 12.000000 129.500000 0.000000
vt 1.000000 0.000000
vn 0.000000 -0.735931 -0.677057
v 12.000000 122.600000 7.500000
vt 1.000000 1.000000
vn 0.000000 -0.735931 -0.677057
v 0.250000 122.600000 7.500000
vt 0.000000 1.000000
vn 0.000000 -0.735931 -0.677057
f 3899/3899/3899 3900/3900/3900 3901/3901/3901
f 3899/3899/3899 3901/3901/3901 3902/3902/3902
v 0.250000 124.600000 7.500000
vt 0.000000 0.000000
vn 0.000000 0.000000 1.000000
v 0.250000 122.600000 7.500000
vt 1.000000 0.000000
vn 0.000000 0.000000 1.000000
v 12.000000 122.600000 7.500000
vt 1.000000 1.000000
vn 0.000000 0.000000 1.000000
v 12.000000 124.600000 7.500000
vt 0.000000 1.000000
vn 0.000000 0.000000 1.000000
f 3903/3903/3903 3904/3904/3904 3905/3905/3905
f 3903/3903/3903 3905/3905/3905 3906/3906/3906
v 12.000000 124.600000 7.500000
vt 0.000000 0.000000
vn 1.000000 0.000000 0.000000
v 12.000000 122.600000 7.500000
vt 1.000000 0.000000
vn 1.000000 0.000000 0.000000
v 12.000000 129.500000 0.000000
vt 1.000000 1.000000
vn 1.000000 0.000000 0.000000
v 12.000000 131.500000 0.000000
vt 0.000000 1.000000
vn 1.000000 0.000000 0.000000
f 3907/3907/3907 3908/3908/3908 3909/3909/3909
f 3907/3907/3907 3909/3909/3909 3910/3910/3910
v 12.000000 131.500000 0.000000
vt 0.000000 0.000000
vn 0.000000 -0.000000 -1.000000
v 12.000000 129.500000 0.000000
vt 1.000000 0.000000
vn 0.000000 -0.000000 -1.000000
v 0.250000 129.500000 0.000000
vt 1.000000 1.000000
vn 0.000000 -0.000000 -1.000000
v 0.250000 131.500000 0.000000
vt 0.000000 1.000000
vn 0.000000 -0.000000 -1.000000
f 3911/3911/3911 3912/3912/3912 3913/3913/3913
f 3911/3911/3911 3913/3913/3913 3914/3914/3914
v 0.250000 131.500000 0.000000
vt 0.000000 0.000000
vn -1.000000 0.000000 0.000000
v 0.250000 129.500000 0.000000
vt 1.000000 0.000000
vn -1.000000 0.000000 0.000000
v 0.250000 122.600000 7.500000
vt 1.000000 1.000000
vn -1.000000 0.000000 0.000000
v 0.250000 124.600000 7.500000
vt 0.000000 1.000000
vn -1.000000 0.000000 0.000000
f 3915/3915/3915 3916/3916/3916 3917/3917/3917
f 3915/3915/3915 3917/3917/3917 3918/3918/3918
v 24.750000 124.600000 7.500000
vt 0.000000 0.000000
vn -0.000000 0.735931 0.677057
v 36.500000 124.600000 7.500000
vt 1.000000 0.000000
vn -0.000000 0.735931 0.677057
v 36.500000 131.500000 0.000000
vt 1.000000 1.000000
vn -0.000000 0.735931 0.677057
v 24.750000 131.500000 0.000000
vt 0.000000 1.000000
vn -0.000000 0.735931 0.677057
f 3919/3919/3919 3920/3920/3920 3921/3921/3921
f 3919/3919/3919 3921/3921/3921 3922/3922/3922
v 24.750000 129.500000 0.000000
vt 0.000000 0.000000
vn 0.000000 -0.735931 -0.677057
v 36.500000 129.500000 0.000000
vt 1.000000 0.000000
vn 0.000000 -0.735931 -0.677057
v 36.500000 122.600000 7.500000
vt 1.000000 1.000000
vn 0.000000 -0.735931 -0.677057
v 24.750000 122.600000 7.500000
vt 0.000000 1.000000
vn 0.000000 -0.735931 -0.677057
f 3923/3923/3923 3924/3924/3924 3925/3925/3925
f 3923/3923/3923 3925/3925/3925 3926/3926/3926
v 24.750000 124.600000 7.500000
vt 0.000000 0.000000
vn 0.000000 0.000000 1.000000
v 24.750000 122.600000 7.500000
vt 1.000000 0.000000
vn 0.000000 0.000000 1.000000
v 36.500000 122.600000 7.500000
vt 1.000000 1.000000
vn 0.000000 0.000000 1.000000
v 36.500000 124.600000 7.500000
vt 0.000000 1.000000
vn 0.000000 0.000000 1.000000
f 3927/3927/3927 3928/3928/3928 3929/3929/3929
f 3927/3927/3927 3929/3929/3929 3930/3930/3930
v 36.500000 124.600000 7.500000
vt 0.000000 0.000000
vn 1.000000 0.000000 0.000000
v 36.500000 122.600000 7.500000
vt 1.000000 0.000000
vn 1.000000 0.000000 0.000000
v 36.500000 129.500000 0.000000
vt 1.000000 1.000000
vn 1.000000 0.000000 0.000000
v 36.500000 131.500000 0.000000
vt 0.000000 1.000000
vn 1.000000 0.000000 0.000000
f 3931/3931/3931 3932/3932/3932 3933/3933/3933
f 3931/3931/3931 3933/3933/3933 3934/3934/3934
v 36.500000 131.500000 0.000000
vt 0.000000 0.000000
vn 0.000000 -0.000000 -1.000000
v 36.500000 129.500000 0.000000
vt 1.000000 0.000000
vn 0.000000 -0.000000 -1.000000
v 24.750000 129.500000 0.000000
vt 1.000000 1.000000
vn 0.000000 -0.000000 -1.000000
v 24.750000 131.500000 0.000000
vt 0.000000 1.000000
vn 0.000000 -0.000000 -1.000000
f 3935/3935/3935 3936/3936/3936 3937/3937/3937
f 3935/3935/3935 3937/3937/3937 3938/3938/3938
v 24.750000 131.500000 0.000000
vt 0.000000 0.000000
vn -1.000000 0.000000 0.000000
v 24.750000 129.500000 0.000000
vt 1.000000 0.000000
vn -1.000000 0.000000 0.000000
v 24.750000 122.600000 7.500000
vt 1.000000 1.000000
vn -1.000000 0.000000 0.000000
v 24.750000 124.600000 7.500000
vt 0.000000 1.000000
vn -1.000000 0.000000 0.000000
f 3939/3939/3939 3940/3940/3940 3941/3941/3941
f 3939/3939/3939 3941/3941/3941 3942/3942/3942
v 49.250000 124.600000 7.500000
vt 0.000000 0.000000
vn -0.000000 0.735931 0.677057
v 61.000000 124.600000 7.500000
vt 1.000000 0.000000
vn -0.000000 0.735931 0.677057
v 61.000000 131.500000 0.000000
vt 1.000000 1.000000
vn -0.000000 0.735931 0.677057
v 49.250000 131.500000 0.000000
vt 0.000000 1.000000
vn -0.000000 0.735931 0.677057
f 3943/3943/3943 3944/3944/3944 3945/3945/3945
f 3943/3943/3943 3945/3945/3945 3946/3946/3946
v 49.250000 129.500000 0.000000
vt 0.000000 0.000000
vn 0.000000 -0.735931 -0.677057
v 61.000000 129.500000 0.000000
vt 1.000000 0.000000
vn 0.000000 -0.735931 -0.677057
v 61.000000 122.600000 7.500000
vt 1.000000 1.000000
vn 0.000000 -0.735931 -0.677057
v 49.250000 122.600000 7.500000
vt 0.000000 1.000000
vn 0.000000 -0.735931 -0.677057
f 3947/3947/3947 3948/3948/3948 3949/3949/3949
f 3947/3947/3947 3949/3949/3949 3950/3950/3950
v 49.250000 124.600000 7.500000
vt 0.000000 0.000000
vn 0.000000 0.000000 1.000000
v 49.250000 122.600000 7.500000
vt 1.000000 0.000000
vn 0.000000 0.000000 1.000000
v 61.000000 122.600000 7.500000
vt 1.000000 1.000000
vn 0.000000 0.000000 1.000000
v 61.000000 124.600000 7.500000
vt 0.000000 1.000000
vn 0.000000 0.000000 1.000000
f 3951/3951/3951 3952/3952/3952 3953/3953/3953
f 3951/3951/3951 3953/3953/3953 3954/3954/3954
v 61.000000 124.600000 7.500000
vt 0.000000 0.000000
vn 1.000000 0.000000 0.000000
v 61.000000 122.600000 7.500000
vt 1.000000 0.000000
vn 1.000000 0.000000 0.000000
v 61.000000 129.500000 0.000000
vt 1.000000 1.000000
vn 1.000000 0.000000 0.000000
v 61.000000 131.500000 0.000000
vt 0.000000 1.000000
vn 1.000000 0.000000 0.000000
f 3955/3955/3955 3956/3956/3956 3957/3957/3957
f 3955/3955/3955 3957/3957/3957 3958/3958/3958
v 61.000000 131.500000 0.000000
vt 0.000000 0.000000
vn 0.000000 -0.000000 -1.000000
v 61.000000 129.500000 0.000000
vt 1.000000 0.000000
vn 0.000000 -0.000000 -1.000000
v 49.250000 129.500000 0.000000
vt 1.000000 1.000000
vn 0.000000 -0.000000 -1.000000
v 49.250000 131.500000 0.000000
vt 0.000000 1.000000
vn 0.000000 -0.000000 -1.000000
f 3959/3959/3959 3960/3960/3960 3961/3961/3961
f 3959/3959/3959 3961/3961/3961 3962/3962/3962
v 49.250000 131.500000 0.000000
vt 0.000000 0.000000
vn -1.000000 0.000000 0.000000
v 49.250000 129.500000 0.000000
vt 1.000000 0.000000
vn -1.000000 0.000000 0.000000
v 49.250000 122.600000 7.500000
vt 1.000000 1.000000
vn -1.000000 0.000000 0.000000
v 49.250000 124.600000 7.500000
vt 0.000000 1.000000
vn -1.000000 0.000000 0.000000
f 3963/3963/3963 3964/3964/3964 3965/3965/3965
f 3963/3963/3963 3965/3965/3965 3966/3966/3966
v 73.750000 124.600000 7.500000
vt 0.000000 0.000000
vn -0.000000 0.735931 0.677057
v 85.500000 124.600000 7.500000
vt 1.000000 0.000000
vn -0.000000 0.735931 0.677057
v 85.500000 131.500000 0.000000
vt 1.000000 1.000000
vn -0.000000 0.735931 0.677057
v 73.750000 131.500000 0.000000
vt 0.000000 1.000000
vn -0.000000 0.735931 0.677057
f 3967/3967/3967 3968/3968/3968 3969/3969/3969
f 3967/3967/3967 3969/3969/3969 3970/3970/3970
v 73.750000 129.500000 0.000000
vt 0.000000 0.000000
vn 0.000000 -0.735931 -0.677057
v 85.500000 129.500000 0.000000
vt 1.000000 0.000000
vn 0.000000 -0.735931 -0.677057
v 85.500000 122.600000 7.500000
vt 1.000000 1.000000
vn 0.000000 -0.735931 -0.677057
v 73.750000 122.600000 7.500000
vt 0.000000 1.000000
vn 0.000000 -0.735931 -0.677057
f 3971/3971/3971 3972/3972/3972 3973/3973/3973
f 3971/3971/3971 3973/3973/3973 3974/3974/3974
v 73.750000 124.600000 7.500000
vt 0.000000 0.000000
vn 0.000000 0.000000 1.000000
v 73.750000 122.600000 7.500000
vt 1.000000 0.000000
vn 0.000000 0.000000 1.000000
v 85.500000 122.600000 7.500000
vt 1.000000 1.000000
vn 0.000000 0.000000 1.000000
v 85.500000 124.600000 7.500000
vt 0.000000 1.000000
vn 0.000000 0.000000 1.000000
f 3975/3975/3975 3976/3976/3976 3977/3977/3977
f 3975/3975/3975 3977/3977/3977 3978/3978/3978
v 85.500000 124.600000 7.500000
vt 0.000000 0.000000
vn 1.000000 0.000000 0.000000
v 85.500000 122.600000 7.500000
vt 1.000000 0.000000
vn 1.000000 0.000000 0.000000
v 85.500000 129.500000 0.000000
vt 1.000000 1.000000
vn 1.000000 0.000000 0.000000
v 85.500000 131.500000 0.000000
vt 0.000000 1.000000
vn 1.000000 0.000000 0.000000
f 3979/3979/3979 3980/3980/3980 3981/3981/3981
f 3979/3979/3979 3981/3981/3981 3982/3982/3982
v 85.500000 131.500000 0.000000
vt 0.000000 0.000000
vn 0.000000 -0.000000 -1.000000
v 85.500000 129.500000 0.000000
vt 1.000000 0.000000
vn 0.000000 -0.000000 -1.000000
v 73.750000 129.500000 0.000000
vt 1.000000 1.000000
vn 0.000000 -0.000000 -1.000000
v 73.750000 131.500000 0.000000
vt 0.000000 1.000000
vn 0.000000 -0.000000 -1.000000
f 3983/3983/3983 3984/3984/3984 3985/3985/3985
f 3983/3983/3983 3985/3985/3985 3986/3986/3986
v 73.750000 131.500000 0.000000
vt 0.000000 0.000000
vn -1.000000 0.000000 0.000000
v 73.750000 129.500000 0.000000
vt 1.000000 0.000000
vn -1.000000 0.000000 0.000000
v 73.750000 122.600000 7.500000
vt 1.000000 1.000000
vn -1.000000 0.000000 0.000000
v 73.750000 124.600000 7.500000
vt 0.000000 1.000000
vn -1.000000 0.000000 0.000000
f 3987/3987/3987 3988/3988/3988 3989/3989/3989
f 3987/3987/3987 3989/3989/3989 3990/3990/3990
v 86.000000 124.600000 7.500000
vt 0.000000 0.000000
vn -0.000000 0.735931 0.677057
v 97.750000 124.600000 7.500000
vt 1.000000 0.000000
vn -0.000000 0.735931 0.677057
v 97.750000 131.500000 0.000000
vt 1.000000 1.000000
vn -0.000000 0.735931 0.677057
v 86.000000 131.500000 0.000000
vt 0.000000 1.000000
vn -0.000000 0.735931 0.677057
f 3991/3991/3991 3992/3992/3992 3993/3993/3993
f 3991/3991/3991 3993/3993/3993 3994/3994/3994
v 86.000000 129.500000 0.000000
vt 0.000000 0.000000
vn 0.000000 -0.735931 -0.677057
v 97.750000 129.500000 0.000000
vt 1.000000 0.000000
vn 0.000000 -0.735931 -0.677057
v 97.750000 122.600000 7.500000
vt 1.000000 1.000000
vn 0.000000 -0.735931 -0.677057
v 86.000000 122.600000 7.500000
vt 0.000000 1.000000
vn 0.000000 -0.735931 -0.677057
f 3995/3995/3995 3996/3996/3996 3997/3997/3997
f 3995/3995/3995 3997/3997/3997 3998/3998/3998
v 86.000000 124.600000 7.500000
vt 0.000000 0.000000
vn 0.000000 0.000000 1.000000
v 86.000000 122.600000 7.500000
vt 1.000000 0.000000
vn 0.000000 0.000000 1.000000
v 97.750000 122.600000 7.500000
vt 1.000000 1.000000
vn 0.000000 0.000000 1.000000
v 97.750000 124.600000 7.500000
vt 0.000000 1.000000
vn 0.000000 0.000000 1.000000
f 3999/3999/3999 4000/4000/4000 4001/4001/4001
f 3999/3999/3999 4001/4001/4001 4002/4002/4002
v 97.750000 124.600000 7.500000
vt 0.000000 0.000000
vn 1.000000 0.000000 0.000000
v 97.750000 122.600000 7.500000
vt 1.000000 0.000000
vn 1.000000 0.000000 0.000000
v 97.750000 129.500000 0.000000
vt 1.000000 1.000000
vn 1.000000 0.000000 0.000000
v 97.750000 131.500000 0.000000
vt 0.000000 1.000000
vn 1.000000 0.000000 0.000000
f 4003/4003/4003 4004/4004/4004 4005/4005/4005
f 4003/4003/4003 4005/4005/4005 4006/4006/4006
v 97.750000 131.500000 0.000000
vt 0.000000 0.000000
vn 0.000000 -0.000000 -1.000000
v 97.750000 129.500000 0.000000
vt 1.000000 0.000000
vn 0.000000 -0.000000 -1.000000
v 86.000000 129.500000 0.000000
vt 1.000000 1.000000
vn 0.000000 -0.000000 -1.000000
v 86.000000 131.500000 0.000000
vt 0.000000 1.000000
vn 0.000000 -0.000000 -1.000000
f 4007/4007/4007 4008/4008/4008 4009/4009/4009
f 4007/4007/4007 4009/4009/4009 4010/4010/4010
v 86.000000 131.500000 0.000000
vt 0.000000 0.000000
vn -1.000000 0.000000 0.000000
v 86.000000 129.500000 0.000000
vt 1.000000 0.000000
vn -1.000000 0.000000 0.000000
v 86.000000 122.600000 7.500000
vt 1.000000 1.000000
vn -1.000000 0.000000 0.000000
v 86.000000 124.600000 7.500000
vt 0.000000 1.000000
vn -1.000000 0.000000 0.000000
f 4011/4011/4011 4012/4012/4012 4013/4013/4013
f 4011/4011/4011 4013/4013/4013 4014/4014/4014
v -97.750000 117.700000 15.000000
vt 0.000000 0.000000
vn -0.000000 0.735931 0.677057
v -86.000000 117.700000 15.000000
vt 1.000000 0.000000
vn -0.000000 0.735931 0.677057
v -86.000000 124.600000 7.500000
vt 1.000000 1.000000
vn -0.000000 0.735931 0.677057
v -97.750000 124.600000 7.500000
vt 0.000000 1.000000
vn -0.000000 0.735931 0.677057
f 4015/4015/4015 4016/4016/4016 4017/4017/4017
f 4015/4015/4015 4017/4017/4017 4018/4018/4018
v -97.750000 122.600000 7.500000
vt 0.000000 0.000000
vn 0.000000 -0.735931 -0.677057
v -86.000000 122.600000 7.500000
vt 1.000000 0.000000
vn 0.000000 -0.735931 -0.677057
v -86.000000 115.700000 15.000000
vt 1.000000 1.000000
vn 0.000000 -0.735931 -0.677057
v -97.750000 115.700000 15.000000
vt 0.000000 1.000000
vn 0.000000 -0.735931 -0.677057
f 4019/4019/4019 4020/4020/4020 4021/4021/4021
f 4019/4019/4019 4021/4021/4021 4022/4022/4022
v -97.750000 117.700000 15.000000
vt 0.000000 0.000000
vn 0.000000 0.000000 1.000000
v -97.750000 115.700000 15.000000
vt 1.000000 0.000000
vn 0.000000 0.000000 1.000000
v -86.000000 115.700000 15.000000
vt 1.000000 1.000000
vn 0.000000 0.000000 1.000000
v -86.000000 117.700000 15.000000
vt 0.000000 1.000000
vn 0.000000 0.000000 1.000000
f 4023/4023/4023 4024/4024/4024 4025/4025/4025
f 4023/4023/4023 4025/4025/4025 4026/4026/4026
v -86.000000 117.700000 15.000000
vt 0.000000 0.000000
vn 1.000000 0.000000 0.000000
v -86.000000 115.700000 15.000000
vt 1.000000 0.000000
vn 1.000000 0.000000 0.000000
v -86.000000 122.600000 7.500000
vt 1.000000 1.000000
vn 1.000000 0.000000 0.000000
v -86.000000 124.600000 7.500000
vt 0.000000 1.000000
vn 1.000000 0.000000 0.000000
f 4027/4027/4027 4028/4028/4028 4029/4029/4029
f 4027/4027/4027 4029/4029/4029 4030/4030/4030
v -86.000000 124.600000 7.500000
vt 0.000000 0.000000
vn 0.000000 -0.000000 -1.000000
v -86.000000 122.600000 7.500000
vt 1.000000 0.000000
vn 0.000000 -0.000000 -1.000000
v -97.750000 122.600000 7.500000
vt 1.000000 1.000000
vn 0.000000 -0.000000 -1.000000
v -97.750000 124.600000 7.500000
vt 0.000000 1.000000
vn 0.000000 -0.000000 -1.000000
f 4031/4031/4031 4032/4032/4032 4033/4033/4033
f 4031/4031/4031 4033/4033/4033 4034/4034/4034
v -97.750000 124.600000 7.500000
vt 0.000000 0.000000
vn -1.000000 0.000000 0.000000
v -97.750000 122.600000 7.500000
vt 1.000000 0.000000
vn -1.000000 0.000000 0.000000
v -97.750000 115.700000 15.000000
vt 1.000000 1.000000
vn -1.000000 0.000000 0.000000
v -97.750000 117.700000 15.000000
vt 0.000000 1.000000
vn -1.000000 0.000000 0.000000
f 4035/4035/4035 4036/4036/4036 4037/4037/4037
f 4035/4035/4035 4037/4037/4037 4038/4038/4038
v -85.500000 117.700000 15.000000
vt 0.000000 0.000000
vn -0.000000 0.735931 0.677057
v -73.750000 117.700000 15.000000
vt 1.000000 0.000000
vn -0.000000 0.735931 0.677057
v -73.750000 124.600000 7.500000
vt 1.000000 1.000000
vn -0.000000 0.735931 0.677057
v -85.500000 124.600000 7.500000
vt 0.000000 1.000000
vn -0.000000 0.735931 0.677057
f 4039/4039/4039 4040/4040/4040 4041/4041/4041
f 4039/4039/4039 4041/4041/4041 4042/4042/4042
v -85.500000 122.600000 7.500000
vt 0.000000 0.000000
vn 0.000000 -0.735931 -0.677057
v -73.750000 122.600000 7.500000
vt 1.000000 0.000000
vn 0.000000 -0.735931 -0.677057
v -73.750000 115.700000 15.000000
vt 1.000000 1.000000
vn 0.000000 -0.735931 -0.677057
v -85.500000 115.700000 15.000000
vt 0.000000 1.000000
vn 0.000000 -0.735931 -0.677057
f 4043/4043/4043 4044/4044/4044 4045/4045/4045
f 4043/4043/4043 4045/4045/4045 4046/4046/4046
v -85.500000 117.700000 15.000000
vt 0.000000 0.000000
vn 0.000000 0.000000 1.000000
v -85.500000 115.700000 15.000000
vt 1.000000 0.000000
vn 0.000000 0.000000 1.000000
v -73.750000 115.700000 15.000000
vt 1.000000 1.000000
vn 0.000000 0.000000 1.000000
v -73.750000 117.700000 15.000000
vt 0.000000 1.000000
vn 0.000000 0.000000 1.000000
f 4047/4047/4047 4048/4048/4048 4049/4049/4049
f 4047/4047/4047 4049/4049/4049 4050/4050/4050
v -73.750000 117.700000 15.000000
vt 0.000000 0.000000
vn 1.000000 0.000000 0.000000
v -73.750000 115.700000 15.000000
vt 1.000000 0.000000
vn 1.000000 0.000000 0.000000
v -73.750000 122.600000 7.500000
vt 1.000000 1.000000
vn 1.000000 0.000000 0.000000
v -73.750000 124.600000 7.500000
vt 0.000000 1.000000
vn 1.000000 0.000000 0.000000
f 4051/4051/4051 4052/4052/4052 4053/4053/4053
f 4051/4051/4051 4053/4053/4053 4054/4054/4054
v -73.750000 124.600000 7.500000
vt 0.000000 0.000000
vn 0.000000 -0.000000 -1.000000
v -73.750000 122.600000 7.500000
vt 1.000000 0.000000
vn 0.000000 -0.000000 -1.000000
v -85.500000 122.600000 7.500000
vt 1.000000 1.000000
vn 0.000000 -0.000000 -1.000000
v -85.500000 124.600000 7.500000
vt 0.000000 1.000000
vn 0.000000 -0.000000 -1.000000
f 4055/4055/4055 4056/4056/4056 4057/4057/4057
f 4055/4055/4055 4057/4057/4057 4058/4058/4058
v -85.500000 124.600000 7.500000
vt 0.000000 0.000000
vn -1.000000 0.000000 0.000000
v -85.500000 122.600000 7.500000
vt 1.000000 0.000000
vn -1.000000 0.000000 0.000000
v -85.500000 115.700000 15.000000
vt 1.000000 1.000000
vn -1.000000 0.000000 0.000000
v -85.500000 117.700000 15.000000
vt 0.000000 1.000000
vn -1.000000 0.000000 0.000000
f 4059/4059/4059 4060/4060/4060 4061/4061/4061
f 4059/4059/4059 4061/4061/4061 4062/4062/4062
v -73.250000 117.700000 15.000000
vt 0.000000 0.000000
vn -0.000000 0.735931 0.677057
v -61.500000 117.700000 15.000000
vt 1.000000 0.000000
vn -0.000000 0.735931 0.677057
v -61.500000 124.600000 7.500000
vt 1.000000 1.000000
vn -0.000000 0.735931 0.677057
v -73.250000 124.600000 7.500000
vt 0.000000 1.000000
vn -0.000000 0.735931 0.677057
f 4063/4063/4063 4064/4064/4064 4065/4065/4065
f 4063/4063/4063 4065/4065/4065 4066/4066/4066
v -73.250000 122.600000 7.500000
vt 0.000000 0.000000
vn 0.000000 -0.735931 -0.677057
v -61.500000 122.600000 7.500000
vt 1.000000 0.000000
vn 0.000000 -0.735931 -0.677057
v -61.500000 115.700000 15.000000
vt 1.000000 1.000000
vn 0.000000 -0.735931 -0.677057
v -73.250000 115.700000 15.000000
vt 0.000000 1.000000
vn 0.000000 -0.735931 -0.677057
f 4067/4067/4067 4068/4068/4068 4069/4069/4069
f 4067/4067/4067 4069/4069/4069 4070/4070/4070
v -73.250000 117.700000 15.000000
vt 0.000000 0.000000
vn 0.000000 0.000000 1.000000
v -73.250000 115.700000 15.000000
vt 1.000000 0.000000
vn 0.000000 0.000000 1.000000
v -61.500000 115.700000 15.000000
vt 1.000000 1.000000
vn 0.000000 0.000000 1.000000
v -61.500000 117.700000 15.000000
vt 0.000000 1.000000
vn 0.000000 0.000000 1.000000
f 4071/4071/4071 4072/4072/4072 4073/4073/4073
f 4071/4071/4071 4073/4073/4073 4074/4074/4074
v -61.500000 117.700000 15.000000
vt 0.000000 0.000000
vn 1.000000 0.000000 0.000000
v -61.500000 115.700000 15.000000
vt 1.000000 0.000000
vn 1.000000 0.000000 0.000000
v -61.500000 122.600000 7.500000
vt 1.000000 1.000000
vn 1.000000 0.000000 0.000000
v -61.500000 124.600000 7.500000
vt 0.000000 1.000000
vn 1.000000 0.000000 0.000000
f 4075/4075/4075 4076/4076/4076 4077/4077/4077
f 4075/4075/4075 4077/4077/4077 4078/4078/4078
v -61.500000 124.600000 7.500000
vt 0.000000 0.000000
vn 0.000000 -0.000000 -1.000000
v -61.500000 122.600000 7.500000
vt 1.000000 0.000000
vn 0.000000 -0.000000 -1.000000
v -73.250000 122.600000 7.500000
vt 1.000000 1.000000
vn 0.000000 -0.000000 -1.000000
v -73.250000 124.600000 7.500000
vt 0.000000 1.000000
vn 0.000000 -0.000000 -1.000000
f 4079/4079/4079 4080/4080/4080 4081/4081/4081
f 4079/4079/4079 4081/4081/4081 4082/4082/4082
v -73.250000 124.600000 7.500000
vt 0.000000 0.000000
vn -1.000000 0.000000 0.000000
v -73.250000 122.600000 7.500000
vt 1.000000 0.000000
vn -1.000000 0.000000 0.000000
v -73.250000 115.700000 15.000000
vt 1.000000 1.000000
vn -1.000000 0.000000 0.000000
v -73.250000 117.700000 15.000000
vt 0.000000 1.000000
vn -1.000000 0.000000 0.000000
f 4083/4083/4083 4084/4084/4084 4085/4085/4085
f 4083/4083/4083 4085/4085/4085 4086/4086/4086
v -36.500000 117.700000 15.000000
vt 0.000000 0.000000
vn -0.000000 0.735931 0.677057
v -24.750000 117.700000 15.000000
vt 1.000000 0.000000
vn -0.000000 0.735931 0.677057
v -24.750000 124.600000 7.500000
vt 1.000000 1.000000
vn -0.000000 0.735931 0.677057
v -36.500000 124.600000 7.500000
vt 0.000000 1.000000
vn -0.000000 0.735931 0.677057
f 4087/4087/4087 4088/4088/4088 4089/4089/4089
f 4087/4087/4087 4089/4089/4089 4090/4090/4090
v -36.500000 122.600000 7.500000
vt 0.000000 0.000000
vn 0.000000 -0.735931 -0.677057
v -24.750000 122.600000 7.500000
vt 1.000000 0.000000
vn 0.000000 -0.735931 -0.677057
v -24.750000 115.700000 15.000000
vt 1.000000 1.000000
vn 0.000000 -0.735931 -0.677057
v -36.500000 115.700000 15.000000
vt 0.000000 1.000000
vn 0.000000 -0.735931 -0.677057
f 4091/4091/4091 4092/4092/4092 4093/4093/4093
f 4091/4091/4091 4093/4093/4093 4094/4094/4094
v -36.500000 117.700000 15.000000
vt 0.000000 0.000000
vn 0.000000 0.000000 1.000000
v -36.500000 115.700000 15.000000
vt 1.000000 0.000000
vn 0.000000 0.000000 1.000000
v -24.750000 115.700000 15.000000
vt 1.000000 1.000000
vn 0.000000 0.000000 1.000000
v -24.750000 117.700000 15.000000
vt 0.000000 1.000000
vn 0.000000 0.000000 1.000000
f 4095/4095/4095 4096/4096/4096 4097/4097/4097
f 4095/4095/4095 4097/4097/4097 4098/4098/4098
v -24.750000 117.700000 15.000000
vt 0.000000 0.000000
vn 1.000000 0.000000 0.000000
v -24.750000 115.700000 15.000000
vt 1.000000 0.000000
vn 1.000000 0.000000 0.000000
v -24.750000 122.600000 7.500000
vt 1.000000 1.000000
vn 1.000000 0.000000 0.000000
v -24.750000 124.600000 7.500000
vt 0.000000 1.000000
vn 1.000000 0.000000 0.000000
f 4099/4099/4099 4100/4100/4100 4101/4101/4101
f 4099/4099/4099 4101/4101/4101 4102/4102/4102
v -24.750000 124.600000 7.500000
vt 0.000000 0.000000
vn 0.000000 -0.000000 -1.000000
v -24.750000 122.600000 7.500000
vt 1.000000 0.000000
vn 0.000000 -0.000000 -1.000000
v -36.500000 122.600000 7.500000
vt 1.000000 1.000000
vn 0.000000 -0.000000 -1.000000
v -36.500000 124.600000 7.500000
vt 0.000000 1.000000
vn 0.000000 -0.000000 -1.000000
f 4103/4103/4103 4104/4104/4104 4105/4105/4105
f 4103/4103/4103 4105/4105/4105 4106/4106/4106
v -36.500000 124.600000 7.500000
vt 0.000000 0.000000
vn -1.000000 0.000000 0.000000
v -36.500000 122.600000 7.500000
vt 1.000000 0.000000
vn -1.000000 0.000000 0.000000
v -36.500000 115.700000 15.000000
vt 1.000000 1.000000
vn -1.000000 0.000000 0.000000
v -36.500000 117.700000 15.000000
vt 0.000000 1.000000
vn -1.000000 0.000000 0.000000
f 4107/4107/4107 4108/4108/4108 4109/4109/4109
f 4107/4107/4107 4109/4109/4109 4110/4110/4110
v -24.250000 117.700000 15.000000
vt 0.000000 0.000000
vn -0.000000 0.735931 0.677057
v -12.500000 117.700000 15.000000
vt 1.000000 0.000000
vn -0.000000 0.735931 0.677057
v -12.500000 124.600000 7.500000
vt 1.000000 1.000000
vn -0.000000 0.735931 0.677057
v -24.250000 124.600000 7.500000
vt 0.000000 1.000000
vn -0.000000 0.735931 0.677057
f 4111/4111/4111 4112/4112/4112 4113/4113/4113
f 4111/4111/4111 4113/4113/4113 4114/4114/4114
v -24.250000 122.600000 7.500000
vt 0.000000 0.000000
vn 0.000000 -0.735931 -0.677057
v -12.500000 122.600000 7.500000
vt 1.000000 0.000000
vn 0.000000 -0.735931 -0.677057
v -12.500000 115.700000 15.000000
vt 1.000000 1.000000
vn 0.000000 -0.735931 -0.677057
v -24.250000 115.700000 15.000000
vt 0.000000 1.000000
vn 0.000000 -0.735931 -0.677057
f 4115/4115/4115 4116/4116/4116 4117/4117/4117
f 4115/4115/4115 4117/4117/4117 4118/4118/4118
v -24.250000 117.700000 15.000000
vt 0.000000 0.000000
vn 0.000000 0.000000 1.000000
v -24.250000 115.700000 15.000000
vt 1.000000 0.000000
vn 0.000000 0.000000 1.000000
v -12.500000 115.700000 15.000000
vt 1.000000 1.000000
vn 0.000000 0.000000 1.000000
v -12.500000 117.700000 15.000000
vt 0.000000 1.000000
vn 0.000000 0.000000 1.000000
f 4119/4119/4119 4120/4120/4120 4121/4121/4121
f 4119/4119/4119 4121/4121/4121 4122/4122/4122
v -12.500000 117.700000 15.000000
vt 0.000000 0.000000
vn 1.000000 0.000000 0.000000
v -12.500000 115.700000 15.000000
vt 1.000000 0.000000
vn 1.000000 0.000000 0.000000
v -12.500000 122.600000 7.500000
vt 1.000000 1.000000
vn 1.000000 0.000000 0.000000
v -12.500000 124.600000 7.500000
vt 0.000000 1.000000
vn 1.000000 0.000000 0.000000
f 4123/4123/4123 4124/4124/4124 4125/4125/4125
f 4123/4123/4123 4125/4125/4125 4126/4126/4126
v -12.500000 124.600000 7.500000
vt 0.000000 0.000000
vn 0.000000 -0.000000 -1.000000
v -12.500000 122.600000 7.500000
vt 1.000000 0.000000
vn 0.000000 -0.000000 -1.000000
v -24.250000 122.600000 7.500000
vt 1.000000 1.000000
vn 0.000000 -0.000000 -1.000000
v -24.250000 124.600000 7.500000
vt 0.000000 1.000000
vn 0.000000 -0.000000 -1.000000
f 4127/4127/4127 4128/4128/4128 4129/4129/4129
f 4127/4127/4127 4129/4129/4129 4130/4130/4130
v -24.250000 124.600000 7.500000
vt 0.000000 0.000000
vn -1.000000 0.000000 0.000000
v -24.250000 122.600000 7.500000
vt 1.000000 0.000000
vn -1.000000 0.000000 0.000000
v -24.250000 115.700000 15.000000
vt 1.000000 1.000000
vn -1.000000 0.000000 0.000000
v -24.250000 117.700000 15.000000
vt 0.000000 1.000000
vn -1.000000 0.000000 0.000000
f 4131/4131/4131 4132/4132/4132 4133/4133/4133
f 4131/4131/4131 4133/4133/4133 4134/4134/4134
v -12.000000 117.700000 15.000000
vt 0.000000 0.000000
vn -0.000000 0.735931 0.677057
v -0.250000 117.700000 15.000000
vt 1.000000 0.000000
vn -0.000000 0.735931 0.677057
v -0.250000 124.600000 7.500000
vt 1.000000 1.000000
vn -0.000000 0.735931 0.677057
v -12.000000 124.600000 7.500000
vt 0.000000 1.000000
vn -0.000000 0.735931 0.677057
f 4135/4135/4135 4136/4136/4136 4137/4137/4137
f 4135/4135/4135 4137/4137/4137 4138/4138/4138
v -12.000000 122.600000 7.500000
vt 0.000000 0.000000
vn 0.000000 -0.735931 -0.677057
v -0.250000 122.600000 7.500000
vt 1.000000 0.000000
vn 0.000000 -0.735931 -0.677057
v -0.250000 115.700000 15.000000
vt 1.000000 1.000000
vn 0.000000 -0.735931 -0.677057
v -12.000000 115.700000 15.000000
vt 0.000000 1.000000
vn 0.000000 -0.735931 -0.677057
f 4139/4139/4139 4140/4140/4140 4141/4141/4141
f 4139/4139/4139 4141/4141/4141 4142/4142/4142
v -12.000000 117.700000 15.000000
vt 0.000000 0.000000
vn 0.000000 0.000000 1.000000
v -12.000000 115.700000 15.000000
vt 1.000000 0.000000
vn 0.000000 0.000000 1.000000
v -0.250000 115.700000 15.000000
vt 1.000000 1.000000
vn 0.000000 0.000000 1.000000
v -0.250000 117.700000 15.000000
vt 0.000000 1.000000
vn 0.000000 0.000000 1.000000
f 4143/4143/4143 4144/4144/4144 4145/4145/4145
f 4143/4143/4143 4145/4145/4145 4146/4146/4146
v -0.250000 117.700000 15.000000
vt 0.000000 0.000000
vn 1.000000 0.000000 0.000000
v -0.250000 115.700000 15.000000
vt 1.000000 0.000000
vn 1.000000 0.000000 0.000000
v -0.250000 122.600000 7.500000
vt 1.000000 1.000000
vn 1.000000 0.000000 0.000000
v -0.250000 124.600000 7.500000
vt 0.000000 1.000000
vn 1.000000 0.000000 0.000000
f 4147/4147/4147 4148/4148/4148 4149/4149/4149
f 4147/4147/4147 4149/4149/4149 4150/4150/4150
v -0.250000 124.600000 7.500000
vt 0.000000 0.000000
vn 0.000000 -0.000000 -1.000000
v -0.250000 122.600000 7.500000
vt 1.000000 0.000000
vn 0.000000 -0.000000 -1.000000
v -12.000000 122.600000 7.500000
vt 1.000000 1.000000
vn 0.000000 -0.000000 -1.000000
v -12.000000 124.600000 7.500000
vt 0.000000 1.000000
vn 0.000000 -0.000000 -1.000000
f 4151/4151/4151 4152/4152/4152 4153/4153/4153
f 4151/4151/4151 4153/4153/4153 4154/4154/4154
v -12.000000 124.600000 7.500000
vt 0.000000 0.000000
vn -1.000000 0.000000 0.000000
v -12.000000 122.600000 7.500000
vt 1.000000 0.000000
vn -1.000000 0.000000 0.000000
v -12.000000 115.700000 15.000000
vt 1.000000 1.000000
vn -1.000000 0.000000 0.000000
v -12.000000 117.700000 15.000000
vt 0.000000 1.000000
vn -1.000000 0.000000 0.000000
f 4155/4155/4155 4156/4156/4156 4157/4157/4157
f 4155/4155/4155 4157/4157/4157 4158/4158/4158
v 0.250000 117.700000 15.000000
vt 0.000000 0.000000
vn -0.000000 0.735931 0.677057
v 12.000000 117.700000 15.000000
vt 1.000000 0.000000
vn -0.000000 0.735931 0.677057
v 12.000000 124.600000 7.500000
vt 1.000000 1.000000
vn -0.000000 0.735931 0.677057
v 0.250000 124.600000 7.500000
vt 0.000000 1.000000
vn -0.000000 0.735931 0.677057
f 4159/4159/4159 4160/4160/4160 4161/4161/4161
f 4159/4159/4159 4161/4161/4161 4162/4162/4162
v 0.250000 122.600000 7.500000
vt 0.000000 0.000000
vn 0.000000 -0.735931 -0.677057
v 12.000000 122.600000 7.500000
vt 1.000000 0.000000
vn 0.000000 -0.735931 -0.677057
v 12.000000 115.700000 15.000000
vt 1.000000 1.000000
vn 0.000000 -0.735931 -0.677057
v 0.250000 115.700000 15.000000
vt 0.000000 1.000000
vn 0.000000 -0.735931 -0.677057
f 4163/4163/4163 4164/4164/4164 4165/4165/4165
f 4163/4163/4163 4165/4165/4165 4166/4166/4166
v 0.250000 117.700000 15.000000
vt 0.000000 0.000000
vn 0.000000 0.000000 1.000000
v 0.250000 115.700000 15.000000
vt 1.000000 0.000000
vn 0.000000 0.000000 1.000000
v 12.000000 115.700000 15.000000
vt 1.000000 1.000000
vn 0.000000 0.000000 1.000000
v 12.000000 117.700000 15.000000
vt 0.000000 1.000000
vn 0.000000 0.000000 1.000000
f 4167/4167/4167 4168/4168/4168 4169/4169/4169
f 4167/4167/4167 4169/4169/4169 4170/4170/4170
v 12.000000 117.700000 15.000000
vt 0.000000 0.000000
vn 1.000000 0.000000 0.000000
v 12.000000 115.700000 15.000000
vt 1.000000 0.000000
vn 1.000000 0.000000 0.000000
v 12.000000 122.600000 7.500000
vt 1.000000 1.000000
vn 1.000000 0.000000 0.000000
v 12.000000 124.600000 7.500000
vt 0.000000 1.000000
vn 1.000000 0.000000 0.000000
f 4171/4171/4171 4172/4172/4172 4173/4173/4173
f 4171/4171/4171 4173/4173/4173 4174/4174/4174
v 12.000000 124.600000 7.500000
vt 0.000000 0.000000
vn 0.000000 -0.000000 -1.000000
v 12.000000 122.600000 7.500000
vt 1.000000 0.000000
vn 0.000000 -0.000000 -1.000000
v 0.250000 122.600000 7.500000
vt 1.000000 1.000000
vn 0.000000 -0.000000 -1.000000
v 0.250000 124.600000 7.500000
vt 0.000000 1.000000
vn 0.000000 -0.000000 -1.000000
f 4175/4175/4175 4176/4176/4176 4177/4177/4177
f 4175/4175/4175 4177/4177/4177 4178/4178/4178
v 0.250000 124.600000 7.500000
vt 0.000000 0.000000
vn -1.000000 0.000000 0.000000
v 0.250000 122.600000 7.500000
vt 1.000000 0.000000
vn -1.000000 0.000000 0.000000
v 0.250000 115.700000 15.000000
vt 1.000000 1.000000
vn -1.000000 0.000000 0.000000
v 0.250000 117.700000 15.000000
vt 0.000000 1.000000
vn -1.000000 0.000000 0.000000
f 4179/4179/4179 4180/4180/4180 4181/4181/4181
f 4179/4179/4179 4181/4181/4181 4182/4182/4182
v 37.000000 117.700000 15.000000
vt 0.000000 0.000000
vn -0.000000 0.735931 0.677057
v 48.750000 117.700000 15.000000
vt 1.000000 0.000000
vn -0.000000 0.735931 0.677057
v 48.750000 124.600000 7.500000
vt 1.000000 1.000000
vn -0.000000 0.735931 0.677057
v 37.000000 124.600000 7.500000
vt 0.000000 1.000000
vn -0.000000 0.735931 0.677057
f 4183/4183/4183 4184/4184/4184 4185/4185/4185
f 4183/4183/4183 4185/4185/4185 4186/4186/4186
v 37.000000 122.600000 7.500000
vt 0.000000 0.000000
vn 0.000000 -0.735931 -0.677057
v 48.750000 122.600000 7.500000
vt 1.000000 0.000000
vn 0.000000 -0.735931 -0.677057
v 48.750000 115.700000 15.000000
vt 1.000000 1.000000
vn 0.000000 -0.735931 -0.677057
v 37.000000 115.700000 15.000000
vt 0.000000 1.000000
vn 0.000000 -0.735931 -0.677057
f 4187/4187/4187 4188/4188/4188 4189/4189/4189
f 4187/4187/4187 4189/4189/4189 4190/4190/4190
v 37.000000 117.700000 15.000000
vt 0.000000 0.000000
vn 0.000000 0.000000 1.000000
v 37.000000 115.700000 15.000000
vt 1.000000 0.000000
vn 0.000000 0.000000 1.000000
v 48.750000 115.700000 15.000000
vt 1.000000 1.000000
vn 0.000000 0.000000 1.000000
v 48.750000 117.700000 15.000000
vt 0.000000 1.000000
vn 0.000000 0.000000 1.000000
f 4191/4191/4191 4192/4192/4192 4193/4193/4193
f 4191/4191/4191 4193/4193/4193 4194/4194/4194
v 48.750000 117.700000 15.000000
vt 0.000000 0.000000
vn 1.000000 0.000000 0.000000
v 48.750000 115.700000 15.000000
vt 1.000000 0.000000
vn 1.000000 0.000000 0.000000
v 48.750000 122.600000 7.500000
vt 1.000000 1.000000
vn 1.000000 0.000000 0.000000
v 48.750000 124.600000 7.500000
vt 0.000000 1.000000
vn 1.000000 0.000000 0.000000
f 4195/4195/4195 4196/4196/4196 4197/4197/4197
f 4195/4195/4195 4197/4197/4197 4198/4198/4198
v 48.750000 124.600000 7.500000
vt 0.000000 0.000000
vn 0.000000 -0.000000 -1.000000
v 48.750000 122.600000 7.500000
vt 1.000000 0.000000
vn 0.000000 -0.000000 -1.000000
v 37.000000 122.600000 7.500000
vt 1.000000 1.000000
vn 0.000000 -0.000000 -1.000000
v 37.000000 124.600000 7.500000
vt 0.000000 1.000000
vn 0.000000 -0.000000 -1.000000
f 4199/4199/4199 4200/4200/4200 4201/4201/4201
f 4199/4199/4199 4201/4201/4201 4202/4202/4202
v 37.000000 124.600000 7.500000
vt 0.000000 0.000000
vn -1.000000 0.000000 0.000000
v 37.000000 122.600000 7.500000
vt 1.000000 0.000000
vn -1.000000 0.000000 0.000000
v 37.000000 115.700000 15.000000
vt 1.000000 1.000000
vn -1.000000 0.000000 0.000000
v 37.000000 117.700000 15.000000
vt 0.000000 1.000000
vn -1.000000 0.000000 0.000000
f 4203/4203/4203 4204/4204/4204 4205/4205/4205
f 4203/4203/4203 4205/4205/4205 4206/4206/4206
v 49.250000 117.700000 15.000000
vt 0.000000 0.000000
vn -0.000000 0.735931 0.677057
v 61.000000 117.700000 15.000000
vt 1.000000 0.000000
vn -0.000000 0.735931 0.677057
v 61.000000 124.600000 7.500000
vt 1.000000 1.000000
vn -0.000000 0.735931 0.677057
v 49.250000 124.600000 7.500000
vt 0.000000 1.000000
vn -0.000000 0.735931 0.677057
f 4207/4207/4207 4208/4208/4208 4209/4209/4209
f 4207/4207/4207 4209/4209/4209 4210/4210/4210
v 49.250000 122.600000 7.500000
vt 0.000000 0.000000
vn 0.000000 -0.735931 -0.677057
v 61.000000 122.600000 7.500000
vt 1.000000 0.000000
vn 0.000000 -0.735931 -0.677057
v 61.000000 115.700000 15.000000
vt 1.000000 1.000000
vn 0.000000 -0.735931 -0.677057
v 49.250000 115.700000 15.000000
vt 0.000000 1.000000
vn 0.000000 -0.735931 -0.677057
f 4211/4211/4211 4212/4212/4212 4213/4213/4213
f 4211/4211/4211 4213/4213/4213 4214/4214/4214
v 49.250000 117.700000 15.000000
vt 0.000000 0.000000
vn 0.000000 0.000000 1.000000
v 49.250000 115.700000 15.000000
vt 1.000000 0.000000
vn 0.000000 0.000000 1.000000
v 61.000000 115.700000 15.000000
vt 1.000000 1.000000
vn 0.000000 0.000000 1.000000
v 61.000000 117.700000 15.000000
vt 0.000000 1.000000
vn 0.000000 0.000000 1.000000
f 4215/4215/4215 4216/4216/4216 4217/4217/4217
f 4215/4215/4215 4217/4217/4217 4218/4218/4218
v 61.000000 117.700000 15.000000
vt 0.000000 0.000000
vn 1.000000 0.000000 0.000000
v 61.000000 115.700000 15.000000
vt 1.000000 0.000000
vn 1.000000 0.000000 0.000000
v 61.000000 122.600000 7.500000
vt 1.000000 1.000000
vn 1.000000 0.000000 0.000000
v 61.000000 124.600000 7.500000
vt 0.000000 1.000000
vn 1.000000 0.000000 0.000000
f 4219/4219/4219 4220/4220/4220 4221/4221/4221
f 4219/4219/4219 4221/4221/4221 4222/4222/4222
v 61.000000 124.600000 7.500000
vt 0.000000 0.000000
vn 0.000000 -0.000000 -1.000000
v 61.000000 122.600000 7.500000
vt 1.000000 0.000000
vn 0.000000 -0.000000 -1.000000
v 49.250000 122.600000 7.500000
vt 1.000000 1.000000
vn 0.000000 -0.000000 -1.000000
v 49.250000 124.600000 7.500000
vt 0.000000 1.000000
vn 0.000000 -0.000000 -1.000000
f 4223/4223/4223 4224/4224/4224 4225/4225/4225
f 4223/4223/4223 4225/4225/4225 4226/4226/4226
v 49.250000 124.600000 7.500000
vt 0.000000 0.000000
vn -1.000000 0.000000 0.000000
v 49.250000 122.600000 7.500000
vt 1.000000 0.000000
vn -1.000000 0.000000 0.000000
v 49.250000 115.700000 15.000000
vt 1.000000 1.000000
vn -1.000000 0.000000 0.000000
v 49.250000 117.700000 15.000000
vt 0.000000 1.000000
vn -1.000000 0.000000 0.000000
f 4227/4227/4227 4228/4228/4228 4229/4229/4229
f 4227/4227/4227 4229/4229/4229 4230/4230/4230
v 61.500000 117.700000 15.000000
vt 0.000000 0.000000
vn -0.000000 0.735931 0.677057
v 73.250000 117.700000 15.000000
vt 1.000000 0.000000
vn -0.000000 0.735931 0.677057
v 73.250000 124.600000 7.500000
vt 1.000000 1.000000
vn -0.000000 0.735931 0.677057
v 61.500000 124.600000 7.500000
vt 0.000000 1.000000
vn -0.000000 0.735931 0.677057
f 4231/4231/4231 4232/4232/4232 4233/4233/4233
f 4231/4231/4231 4233/4233/4233 4234/4234/4234
v 61.500000 122.600000 7.500000
vt 0.000000 0.000000
vn 0.000000 -0.735931 -0.677057
v 73.250000 122.600000 7.500000
vt 1.000000 0.000000
vn 0.000000 -0.735931 -0.677057
v 73.250000 115.700000 15.000000
vt 1.000000 1.000000
vn 0.000000 -0.735931 -0.677057
v 61.500000 115.700000 15.000000
vt 0.000000 1.000000
vn 0.000000 -0.735931 -0.677057
f 4235/4235/4235 4236/4236/4236 4237/4237/4237
f 4235/4235/4235 4237/4237/4237 4238/4238/4238
v 61.500000 117.700000 15.000000
vt 0.000000 0.000000
vn 0.000000 0.000000 1.000000
v 61.500000 115.700000 15.000000
vt 1.000000 0.000000
vn 0.000000 0.000000 1.000000
v 73.250000 115.700000 15.000000
vt 1.000000 1.000000
vn 0.000000 0.000000 1.000000
v 73.250000 117.700000 15.000000
vt 0.000000 1.000000
vn 0.000000 0.000000 1.000000
f 4239/4239/4239 4240/4240/4240 4241/4241/4241
f 4239/4239/4239 4241/4241/4241 4242/4242/4242
v 73.250000 117.700000 15.000000
vt 0.000000 0.000000
vn 1.000000 0.000000 0.000000
v 73.250000 115.700000 15.000000
vt 1.000000 0.000000
vn 1.000000 0.000000 0.000000
v 73.250000 122.600000 7.500000
vt 1.000000 1.000000
vn 1.000000 0.000000 0.000000
v 73.250000 124.600000 7.500000
vt 0.000000 1.000000
vn 1.000000 0.000000 0.000000
f 4243/4243/4243 4244/4244/4244 4245/4245/4245
f 4243/4243/4243 4245/4245/4245 4246/4246/4246
v 73.250000 124.600000 7.500000
vt 0.000000 0.000000
vn 0.000000 -0.000000 -1.000000
v 73.250000 122.600000 7.500000
vt 1.000000 0.000000
vn 0.000000 -0.000000 -1.000000
v 61.500000 122.600000 7.500000
vt 1.000000 1.000000
vn 0.000000 -0.000000 -1.000000
v 61.500000 124.600000 7.500000
vt 0.000000 1.000000
vn 0.000000 -0.000000 -1.000000
f 4247/4247/4247 4248/4248/4248 4249/4249/4249
f 4247/4247/4247 4249/4249/4249 4250/4250/4250
v 61.500000 124.600000 7.500000
vt 0.000000 0.000000
vn -1.000000 0.000000 0.000000
v 61.500000 122.600000 7.500000
vt 1.000000 0.000000
vn -1.000000 0.000000 0.000000
v 61.500000 115.700000 15.000000
vt 1.000000 1.000000
vn -1.000000 0.000000 0.000000
v 61.500000 117.700000 15.000000
vt 0.000000 1.000000
vn -1.000000 0.000000 0.000000
f 4251/4251/4251 4252/4252/4252 4253/4253/4253
f 4251/4251/4251 4253/4253/4253 4254/4254/4254
v -97.750000 110.800000 22.500000
vt 0.000000 0.000000
vn -0.000000 0.735931 0.677057
v -86.000000 110.800000 22.500000
vt 1.000000 0.000000
vn -0.000000 0.735931 0.677057
v -86.000000 117.700000 15.000000
vt 1.000000 1.000000
vn -0.000000 0.735931 0.677057
v -97.750000 117.700000 15.000000
vt 0.000000 1.000000
vn -0.000000 0.735931 0.677057
f 4255/4255/4255 4256/4256/4256 4257/4257/4257
f 4255/4255/4255 4257/4257/4257 4258/4258/4258
v -97.750000 115.700000 15.000000
vt 0.000000 0.000000
vn 0.000000 -0.735931 -0.677057
v -86.000000 115.700000 15.000000
vt 1.000000 0.000000
vn 0.000000 -0.735931 -0.677057
v -86.000000 108.800000 22.500000
vt 1.000000 1.000000
vn 0.000000 -0.735931 -0.677057
v -97.750000 108.800000 22.500000
vt 0.000000 1.000000
vn 0.000000 -0.735931 -0.677057
f 4259/4259/4259 4260/4260/4260 4261/4261/4261
f 4259/4259/4259 4261/4261/4261 4262/4262/4262
v -97.750000 110.800000 22.500000
vt 0.000000 0.000000
vn 0.000000 0.000000 1.000000
v -97.750000 108.800000 22.500000
vt 1.000000 0.000000
vn 0.000000 0.000000 1.000000
v -86.000000 108.800000 22.500000
vt 1.000000 1.000000
vn 0.000000 0.000000 1.000000
v -86.000000 110.800000 22.500000
vt 0.000000 1.000000
vn 0.000000 0.000000 1.000000
f 4263/4263/4263 4264/4264/4264 4265/4265/4265
f 4263/4263/4263 4265/4265/4265 4266/4266/4266
v -86.000000 110.800000 22.500000
vt 0.000000 0.000000
vn 1.000000 0.000000 0.000000
v -86.000000 108.800000 22.500000
vt 1.000000 0.000000
vn 1.000000 0.000000 0.000000
v -86.000000 115.700000 15.000000
vt 1.000000 1.000000
vn 1.000000 0.000000 0.000000
v -86.000000 117.700000 15.000000
vt 0.000000 1.000000
vn 1.000000 0.000000 0.000000
f 4267/4267/4267 4268/4268/4268 4269/4269/4269
f 4267/4267/4267 4269/4269/4269 4270/4270/4270
v -86.000000 117.700000 15.000000
vt 0.000000 0.000000
vn 0.000000 -0.000000 -1.000000
v -86.000000 115.700000 15.000000
vt 1.000000 0.000000
vn 0.000000 -0.000000 -1.000000
v -97.750000 115.700000 15.000000
vt 1.000000 1.000000
vn 0.000000 -0.000000 -1.000000
v -97.750000 117.700000 15.000000
vt 0.000000 1.000000
vn 0.000000 -0.000000 -1.000000
f 4271/4271/4271 4272/4272/4272 4273/4273/4273
f 4271/4271/4271 4273/4273/4273 4274/4274/4274
v -97.750000 117.700000 15.000000
vt 0.000000 0.000000
vn -1.000000 0.000000 0.000000
v -97.750000 115.700000 15.000000
vt 1.000000 0.000000
vn -1.000000 0.000000 0.000000
v -97.750000 108.800000 22.500000
vt 1.000000 1.000000
vn -1.000000 0.000000 0.000000
v -97.750000 110.800000 22.500000
vt 0.000000 1.000000
vn -1.000000 0.000000 0.000000
f 4275/4275/4275 4276/4276/4276 4277/4277/4277
f 4275/4275/4275 4277/4277/4277 4278/4278/4278
v -85.500000 110.800000 22.500000
vt 0.000000 0.000000
vn -0.000000 0.735931 0.677057
v -73.750000 110.800000 22.500000
vt 1.000000 0.000000
vn -0.000000 0.735931 0.677057
v -73.750000 117.700000 15.000000
vt 1.000000 1.000000
vn -0.000000 0.735931 0.677057
v -85.500000 117.700000 15.000000
vt 0.000000 1.000000
vn -0.000000 0.735931 0.677057
f 4279/4279/4279 4280/4280/4280 4281/4281/4281
f 4279/4279/4279 4281/4281/4281 4282/4282/4282
v -85.500000 115.700000 15.000000
vt 0.000000 0.000000
vn 0.000000 -0.735931 -0.677057
v -73.750000 115.700000 15.000000
vt 1.000000 0.000000
vn 0.000000 -0.735931 -0.677057
v -73.750000 108.800000 22.500000
vt 1.000000 1.000000
vn 0.000000 -0.735931 -0.677057
v -85.500000 108.800000 22.500000
vt 0.000000 1.000000
vn 0.000000 -0.735931 -0.677057
f 4283/4283/4283 4284/4284/4284 4285/4285/4285
f 4283/4283/4283 4285/4285/4285 4286/4286/4286
v -85.500000 110.800000 22.500000
vt 0.000000 0.000000
vn 0.000000 0.000000 1.000000
v -85.500000 108.800000 22.500000
vt 1.000000 0.000000
vn 0.000000 0.000000 1.000000
v -73.750000 108.800000 22.500000
vt 1.000000 1.000000
vn 0.000000 0.000000 1.000000
v -73.750000 110.800000 22.500000
vt 0.000000 1.000000
vn 0.000000 0.000000 1.000000
f 4287/4287/4287 4288/4288/4288 4289/4289/4289
f 4287/4287/4287 4289/4289/4289 4290/4290/4290
v -73.750000 110.800000 22.500000
vt 0.000000 0.000000
vn 1.000000 0.000000 0.000000
v -73.750000 108.800000 22.500000
vt 1.000000 0.000000
vn 1.000000 0.000000 0.000000
v -73.750000 115.700000 15.000000
vt 1.000000 1.000000
vn 1.000000 0.000000 0.000000
v -73.750000 117.700000 15.000000
vt 0.000000 1.000000
vn 1.000000 0.000000 0.000000
f 4291/4291/4291 4292/4292/4292 4293/4293/4293
f 4291/4291/4291 4293/4293/4293 4294/4294/4294
v -73.750000 117.700000 15.000000
vt 0.000000 0.000000
vn 0.000000 -0.000000 -1.000000
v -73.750000 115.700000 15.000000
vt 1.000000 0.000000
vn 0.000000 -0.000000 -1.000000
v -85.500000 115.700000 15.000000
vt 1.000000 1.000000
vn 0.000000 -0.000000 -1.000000
v -85.500000 117.700000 15.000000
vt 0.000000 1.000000
vn 0.000000 -0.000000 -1.000000
f 4295/4295/4295 4296/4296/4296 4297/4297/4297
f 4295/4295/4295 4297/4297/4297 4298/4298/4298
v -85.500000 117.700000 15.000000
vt 0.000000 0.000000
vn -1.000000 0.000000 0.000000
v -85.500000 115.700000 15.000000
vt 1.000000 0.000000
vn -1.000000 0.000000 0.000000
v -85.500000 108.800000 22.500000
vt 1.000000 1.000000
vn -1.000000 0.000000 0.000000
v -85.500000 110.800000 22.500000
vt 0.000000 1.000000
vn -1.000000 0.000000 0.000000
f 4299/4299/4299 4300/4300/4300 4301/4301/4301
f 4299/4299/4299 4301/4301/4301 4302/4302/4302
v -73.250000 110.800000 22.500000
vt 0.000000 0.000000
vn -0.000000 0.735931 0.677057
v -61.500000 110.800000 22.500000
vt 1.000000 0.000000
vn -0.000000 0.735931 0.677057
v -61.500000 117.700000 15.000000
vt 1.000000 1.000000
vn -0.000000 0.735931 0.677057
v -73.250000 117.700000 15.000000
vt 0.000000 1.000000
vn -0.000000 0.735931 0.677057
f 4303/4303/4303 4304/4304/4304 4305/4305/4305
f 4303/4303/4303 4305/4305/4305 4306/4306/4306
v -73.250000 115.700000 15.000000
vt 0.000000 0.000000
vn 0.000000 -0.735931 -0.677057
v -61.500000 115.700000 15.000000
vt 1.000000 0.000000
vn 0.000000 -0.735931 -0.677057
v -61.500000 108.800000 22.500000
vt 1.000000 1.000000
vn 0.000000 -0.735931 -0.677057
v -73.250000 108.800000 22.500000
vt 0.000000 1.000000
vn 0.000000 -0.735931 -0.677057
f 4307/4307/4307 4308/4308/4308 4309/4309/4309
f 4307/4307/4307 4309/4309/4309 4310/4310/4310
v -73.250000 110.800000 22.500000
vt 0.000000 0.000000
vn 0.000000 0.000000 1.000000
v -73.250000 108.800000 22.500000
vt 1.000000 0.000000
vn 0.000000 0.000000 1.000000
v -61.500000 108.800000 22.500000
vt 1.000000 1.000000
vn 0.000000 0.000000 1.000000
v -61.500000 110.800000 22.500000
vt 0.000000 1.000000
vn 0.000000 0.000000 1.000000
f 4311/4311/4311 4312/4312/4312 4313/4313/4313
f 4311/4311/4311 4313/4313/4313 4314/4314/4314
v -61.500000 110.800000 22.500000
vt 0.000000 0.000000
vn 1.000000 0.000000 0.000000
v -61.500000 108.800000 22.500000
vt 1.000000 0.000000
vn 1.000000 0.000000 0.000000
v -61.500000 115.700000 15.000000
vt 1.000000 1.000000
vn 1.000000 0.000000 0.000000
v -61.500000 117.700000 15.000000
vt 0.000000 1.000000
vn 1.000000 0.000000 0.000000
f 4315/4315/4315 4316/4316/4316 4317/4317/4317
f 4315/4315/4315 4317/4317/4317 4318/4318/4318
v -61.500000 117.700000 15.000000
vt 0.000000 0.000000
vn 0.000000 -0.000000 -1.000000
v -61.500000 115.700000 15.000000
vt 1.000000 0.000000
vn 0.000000 -0.000000 -1.000000
v -73.250000 115.700000 15.000000
vt 1.000000 1.000000
vn 0.000000 -0.000000 -1.000000
v -73.250000 117.700000 15.000000
vt 0.000000 1.000000
vn 0.000000 -0.000000 -1.000000
f 4319/4319/4319 4320/4320/4320 4321/4321/4321
f 4319/4319/4319 4321/4321/4321 4322/4322/4322
v -73.250000 117.700000 15.000000
vt 0.000000 0.000000
vn -1.000000 0.000000 0.000000
v -73.250000 115.700000 15.000000
vt 1.000000 0.000000
vn -1.000000 0.000000 0.000000
v -73.250000 108.800000 22.500000
vt 1.000000 1.000000
vn -1.000000 0.000000 0.000000
v -73.250000 110.800000 22.500000
vt 0.000000 1.000000
vn -1.000000 0.000000 0.000000
f 4323/4323/4323 4324/4324/4324 4325/4325/4325
f 4323/4323/4323 4325/4325/4325 4326/4326/4326
v -61.000000 110.800000 22.500000
vt 0.000000 0.000000
vn -0.000000 0.735931 0.677057
v -49.250000 110.800000 22.500000
vt 1.000000 0.000000
vn -0.000000 0.735931 0.677057
v -49.250000 117.700000 15.000000
vt 1.000000 1.000000
vn -0.000000 0.735931 0.677057
v -61.000000 117.700000 15.000000
vt 0.000000 1.000000
vn -0.000000 0.735931 0.677057
f 4327/4327/4327 4328/4328/4328 4329/4329/4329
f 4327/4327/4327 4329/4329/4329 4330/4330/4330
v -61.000000 115.700000 15.000000
vt 0.000000 0.000000
vn 0.000000 -0.735931 -0.677057
v -49.250000 115.700000 15.000000
vt 1.000000 0.000000
vn 0.000000 -0.735931 -0.677057
v -49.250000 108.800000 22.500000
vt 1.000000 1.000000
vn 0.000000 -0.735931 -0.677057
v -61.000000 108.800000 22.500000
vt 0.000000 1.000000
vn 0.000000 -0.735931 -0.677057
f 4331/4331/4331 4332/4332/4332 4333/4333/4333
f 4331/4331/4331 4333/4333/4333 4334/4334/4334
v -61.000000 110.800000 22.500000
vt 0.000000 0.000000
vn 0.000000 0.000000 1.000000
v -61.000000 108.800000 22.500000
vt 1.000000 0.000000
vn 0.000000 0.000000 1.000000
v -49.250000 108.800000 22.500000
vt 1.000000 1.000000
vn 0.000000 0.000000 1.000000
v -49.250000 110.800000 22.500000
vt 0.000000 1.000000
vn 0.000000 0.000000 1.000000
f 4335/4335/4335 4336/4336/4336 4337/4337/4337
f 4335/4335/4335 4337/4337/4337 4338/4338/4338
v -49.250000 110.800000 22.500000
vt 0.000000 0.000000
vn 1.000000 0.000000 0.000000
v -49.250000 108.800000 22.500000
vt 1.000000 0.000000
vn 1.000000 0.000000 0.000000
v -49.250000 115.700000 15.000000
vt 1.000000 1.000000
vn 1.000000 0.000000 0.000000
v -49.250000 117.700000 15.000000
vt 0.000000 1.000000
vn 1.000000 0.000000 0.000000
f 4339/4339/4339 4340/4340/4340 4341/4341/4341
f 4339/4339/4339 4341/4341/4341 4342/4342/4342
v -49.250000 117.700000 15.000000
vt 0.000000 0.000000
vn 0.000000 -0.000000 -1.000000
v -49.250000 115.700000 15.000000
vt 1.000000 0.000000
vn 0.000000 -0.000000 -1.000000
v -61.000000 115.700000 15.000000
vt 1.000000 1.000000
vn 0.000000 -0.000000 -1.000000
v -61.000000 117.700000 15.000000
vt 0.000000 1.000000
vn 0.000000 -0.000000 -1.000000
f 4343/4343/4343 4344/4344/4344 4345/4345/4345
f 4343/4343/4343 4345/4345/4345 4346/4346/4346
v -61.000000 117.700000 15.000000
vt 0.000000 0.000000
vn -1.000000 0.000000 0.000000
v -61.000000 115.700000 15.000000
vt 1.000000 0.000000
vn -1.000000 0.000000 0.000000
v -61.000000 108.800000 22.500000
vt 1.000000 1.000000
vn -1.000000 0.000000 0.000000
v -61.000000 110.800000 22.500000
vt 0.000000 1.000000
vn -1.000000 0.000000 0.000000
f 4347/4347/4347 4348/4348/4348 4349/4349/4349
f 4347/4347/4347 4349/4349/4349 4350/4350/4350
v -48.750000 110.800000 22.500000
vt 0.000000 0.000000
vn -0.000000 0.735931 0.677057
v -37.000000 110.800000 22.500000
vt 1.000000 0.000000
vn -0.000000 0.735931 0.677057
v -37.000000 117.700000 15.000000
vt 1.000000 1.000000
vn -0.000000 0.735931 0.677057
v -48.750000 117.700000 15.000000
vt 0.000000 1.000000
vn -0.000000 0.735931 0.677057
f 4351/4351/4351 4352/4352/4352 4353/4353/4353
f 4351/4351/4351 4353/4353/4353 4354/4354/4354
v -48.750000 115.700000 15.000000
vt 0.000000 0.000000
vn 0.000000 -0.735931 -0.677057
v -37.000000 115.700000 15.000000
vt 1.000000 0.000000
vn 0.000000 -0.735931 -0.677057
v -37.000000 108.800000 22.500000
vt 1.000000 1.000000
vn 0.000000 -0.735931 -0.677057
v -48.750000 108.800000 22.500000
vt 0.000000 1.000000
vn 0.000000 -0.735931 -0.677057
f 4355/4355/4355 4356/4356/4356 4357/4357/4357
f 4355/4355/4355 4357/4357/4357 4358/4358/4358
v -48.750000 110.800000 22.500000
vt 0.000000 0.000000
vn 0.000000 0.000000 1.000000
v -48.750000 108.800000 22.500000
vt 1.000000 0.000000
vn 0.000000 0.000000 1.000000
v -37.000000 108.800000 22.500000
vt 1.000000 1.000000
vn 0.000000 0.000000 1.000000
v -37.000000 110.800000 22.500000
vt 0.000000 1.000000
vn 0.000000 0.000000 1.000000
f 4359/4359/4359 4360/4360/4360 4361/4361/4361
f 4359/4359/4359 4361/4361/4361 4362/4362/4362
v -37.000000 110.800000 22.500000
vt 0.000000 0.000000
vn 1.000000 0.000000 0.000000
v -37.000000 108.800000 22.500000
vt 1.000000 0.000000
vn 1.000000 0.000000 0.000000
v -37.000000 115.700000 15.000000
vt 1.000000 1.000000
vn 1.000000 0.000000 0.000000
v -37.000000 117.700000 15.000000
vt 0.000000 1.000000
vn 1.000000 0.000000 0.000000
f 4363/4363/4363 4364/4364/4364 4365/4365/4365
f 4363/4363/4363 4365/4365/4365 4366/4366/4366
v -37.000000 117.700000 15.000000
vt 0.000000 0.000000
vn 0.000000 -0.000000 -1.000000
v -37.000000 115.700000 15.000000
vt 1.000000 0.000000
vn 0.000000 -0.000000 -1.000000
v -48.750000 115.700000 15.000000
vt 1.000000 1.000000
vn 0.000000 -0.000000 -1.000000
v -48.750000 117.700000 15.000000
vt 0.000000 1.000000
vn 0.000000 -0.000000 -1.000000
f 4367/4367/4367 4368/4368/4368 4369/4369/4369
f 4367/4367/4367 4369/4369/4369 4370/4370/4370
v -48.750000 117.700000 15.000000
vt 0.000000 0.000000
vn -1.000000 0.000000 0.000000
v -48.750000 115.700000 15.000000
vt 1.000000 0.000000
vn -1.000000 0.000000 0.000000
v -48.750000 108.800000 22.500000
vt 1.000000 1.000000
vn -1.000000 0.000000 0.000000
v -48.750000 110.800000 22.500000
vt 0.000000 1.000000
vn -1.000000 0.000000 0.000000
f 4371/4371/4371 4372/4372/4372 4373/4373/4373
f 4371/4371/4371 4373/4373/4373 4374/4374/4374
v -36.500000 110.800000 22.500000
vt 0.000000 0.000000
vn -0.000000 0.735931 0.677057
v -24.750000 110.800000 22.500000
vt 1.000000 0.000000
vn -0.000000 0.735931 0.677057
v -24.750000 117.700000 15.000000
vt 1.000000 1.000000
vn -0.000000 0.735931 0.677057
v -36.500000 117.700000 15.000000
vt 0.000000 1.000000
vn -0.000000 0.735931 0.677057
f 4375/4375/4375 4376/4376/4376 4377/4377/4377
f 4375/4375/4375 4377/4377/4377 4378/4378/4378
v -36.500000 115.700000 15.000000
vt 0.000000 0.000000
vn 0.000000 -0.735931 -0.677057
v -24.750000 115.700000 15.000000
vt 1.000000 0.000000
vn 0.000000 -0.735931 -0.677057
v -24.750000 108.800000 22.500000
vt 1.000000 1.000000
vn 0.000000 -0.735931 -0.677057
v -36.500000 108.800000 22.500000
vt 0.000000 1.000000
vn 0.000000 -0.735931 -0.677057
f 4379/4379/4379 4380/4380/4380 4381/4381/4381
f 4379/4379/4379 4381/4381/4381 4382/4382/4382
v -36.500000 110.800000 22.500000
vt 0.000000 0.000000
vn 0.000000 0.000000 1.000000
v -36.500000 108.800000 22.500000
vt 1.000000 0.000000
vn 0.000000 0.000000 1.000000
v -24.750000 108.800000 22.500000
vt 1.000000 1.000000
vn 0.000000 0.000000 1.000000
v -24.750000 110.800000 22.500000
vt 0.000000 1.000000
vn 0.000000 0.000000 1.000000
f 4383/4383/4383 4384/4384/4384 4385/4385/4385
f 4383/4383/4383 4385/4385/4385 4386/4386/4386
v -24.750000 110.800000 22.500000
vt 0.000000 0.000000
vn 1.000000 0.000000 0.000000
v -24.750000 108.800000 22.500000
vt 1.000000 0.000000
vn 1.000000 0.000000 0.000000
v -24.750000 115.700000 15.000000
vt 1.000000 1.000000
vn 1.000000 0.000000 0.000000
v -24.750000 117.700000 15.000000
vt 0.000000 1.000000
vn 1.000000 0.000000 0.000000
f 4387/4387/4387 4388/4388/4388 4389/4389/4389
f 4387/4387/4387 4389/4389/4389 4390/4390/4390
v -24.750000 117.700000 15.000000
vt 0.000000 0.000000
vn 0.000000 -0.000000 -1.000000
v -24.750000 115.700000 15.000000
vt 1.000000 0.000000
vn 0.000000 -0.000000 -1.000000
v -36.500000 115.700000 15.000000
vt 1.000000 1.000000
vn 0.000000 -0.000000 -1.000000
v -36.500000 117.700000 15.000000
vt 0.000000 1.000000
vn 0.000000 -0.000000 -1.000000
f 4391/4391/4391 4392/4392/4392 4393/4393/4393
f 4391/4391/4391 4393/4393/4393 4394/4394/4394
v -36.500000 117.700000 15.000000
vt 0.000000 0.000000
vn -1.000000 0.000000 0.000000
v -36.500000 115.700000 15.000000
vt 1.000000 0.000000
vn -1.000000 0.000000 0.000000
v -36.500000 108.800000 22.500000
vt 1.000000 1.000000
vn -1.000000 0.000000 0.000000
v -36.500000 110.800000 22.500000
vt 0.000000 1.000000
vn -1.000000 0.000000 0.000000
f 4395/4395/4395 4396/4396/4396 4397/4397/4397
f 4395/4395/4395 4397/4397/4397 4398/4398/4398
v 24.750000 110.800000 22.500000
vt 0.000000 0.000000
vn -0.000000 0.735931 0.677057
v 36.500000 110.800000 22.500000
vt 1.000000 0.000000
vn -0.000000 0.735931 0.677057
v 36.500000 117.700000 15.000000
vt 1.000000 1.000000
vn -0.000000 0.735931 0.677057
v 24.750000 117.700000 15.000000
vt 0.000000 1.000000
vn -0.000000 0.735931 0.677057
f 4399/4399/4399 4400/4400/4400 4401/4401/4401
f 4399/4399/4399 4401/4401/4401 4402/4402/4402
v 24.750000 115.700000 15.000000
vt 0.000000 0.000000
vn 0.000000 -0.735931 -0.677057
v 36.500000 115.700000 15.000000
vt 1.000000 0.000000
vn 0.000000 -0.735931 -0.677057
v 36.500000 108.800000 22.500000
vt 1.000000 1.000000
vn 0.000000 -0.735931 -0.677057
v 24.750000 108.800000 22.500000
vt 0.000000 1.000000
vn 0.000000 -0.735931 -0.677057
f 4403/4403/4403 4404/4404/4404 4405/4405/4405
f 4403/4403/4403 4405/4405/4405 4406/4406/4406
v 24.750000 110.800000 22.500000
vt 0.000000 0.000000
vn 0.000000 0.000000 1.000000
v 24.750000 108.800000 22.500000
vt 1.000000 0.000000
vn 0.000000 0.000000 1.000000
v 36.500000 108.800000 22.500000
vt 1.000000 1.000000
vn 0.000000 0.000000 1.000000
v 36.500000 110.800000 22.500000
vt 0.000000 1.000000
vn 0.000000 0.000000 1.000000
f 4407/4407/4407 4408/4408/4408 4409/4409/4409
f 4407/4407/4407 4409/4409/4409 4410/4410/4410
v 36.500000 110.800000 22.500000
vt 0.000000 0.000000
vn 1.000000 0.000000 0.000000
v 36.500000 108.800000 22.500000
vt 1.000000 0.000000
vn 1.000000 0.000000 0.000000
v 36.500000 115.700000 15.000000
vt 1.000000 1.000000
vn 1.000000 0.000000 0.000000
v 36.500000 117.700000 15.000000
vt 0.000000 1.000000
vn 1.000000 0.000000 0.000000
f 4411/4411/4411 4412/4412/4412 4413/4413/4413
f 4411/4411/4411 4413/4413/4413 4414/4414/4414
v 36.500000 117.700000 15.000000
vt 0.000000 0.000000
vn 0.000000 -0.000000 -1.000000
v 36.500000 115.700000 15.000000
vt 1.000000 0.000000
vn 0.000000 -0.000000 -1.000000
v 24.750000 115.700000 15.000000
vt 1.000000 1.000000
vn 0.000000 -0.000000 -1.000000
v 24.750000 117.700000 15.000000
vt 0.000000 1.000000
vn 0.000000 -0.000000 -1.000000
f 4415/4415/4415 4416/4416/4416 4417/4417/4417
f 4415/4415/4415 4417/4417/4417 4418/4418/4418
v 24.750000 117.700000 15.000000
vt 0.000000 0.000000
vn -1.000000 0.000000 0.000000
v 24.750000 115.700000 15.000000
vt 1.000000 0.000000
vn -1.000000 0.000000 0.000000
v 24.750000 108.800000 22.500000
vt 1.000000 1.000000
vn -1.000000 0.000000 0.000000
v 24.750000 110.800000 22.500000
vt 0.000000 1.000000
vn -1.000000 0.000000 0.000000
f 4419/4419/4419 4420/4420/4420 4421/4421/4421
f 4419/4419/4419 4421/4421/4421 4422/4422/4422
v 37.000000 110.800000 22.500000
vt 0.000000 0.000000
vn -0.000000 0.735931 0.677057
v 48.750000 110.800000 22.500000
vt 1.000000 0.000000
vn -0.000000 0.735931 0.677057
v 48.750000 117.700000 15.000000
vt 1.000000 1.000000
vn -0.000000 0.735931 0.677057
v 37.000000 117.700000 15.000000
vt 0.000000 1.000000
vn -0.000000 0.735931 0.677057
f 4423/4423/4423 4424/4424/4424 4425/4425/4425
f 4423/4423/4423 4425/4425/4425 4426/4426/4426
v 37.000000 115.700000 15.000000
vt 0.000000 0.000000
vn 0.000000 -0.735931 -0.677057
v 48.750000 115.700000 15.000000
vt 1.000000 0.000000
vn 0.000000 -0.735931 -0.677057
v 48.750000 108.800000 22.500000
vt 1.000000 1.000000
vn 0.000000 -0.735931 -0.677057
v 37.000000 108.800000 22.500000
vt 0.000000 1.000000
vn 0.000000 -0.735931 -0.677057
f 4427/4427/4427 4428/4428/4428 4429/4429/4429
f 4427/4427/4427 4429/4429/4429 4430/4430/4430
v 37.000000 110.800000 22.500000
vt 0.000000 0.000000
vn 0.000000 0.000000 1.000000
v 37.000000 108.800000 22.500000
vt 1.000000 0.000000
vn 0.000000 0.000000 1.000000
v 48.750000 108.800000 22.500000
vt 1.000000 1.000000
vn 0.000000 0.000000 1.000000
v 48.750000 110.800000 22.500000
vt 0.000000 1.000000
vn 0.000000 0.000000 1.000000
f 4431/4431/4431 4432/4432/4432 4433/4433/4433
f 4431/4431/4431 4433/4433/4433 4434/4434/4434
v 48.750000 110.800000 22.500000
vt 0.000000 0.000000
vn 1.000000 0.000000 0.000000
v 48.750000 108.800000 22.500000
vt 1.000000 0.000000
vn 1.000000 0.000000 0.000000
v 48.750000 115.700000 15.000000
vt 1.000000 1.000000
vn 1.000000 0.000000 0.000000
v 48.750000 117.700000 15.000000
vt 0.000000 1.000000
vn 1.000000 0.000000 0.000000
f 4435/4435/4435 4436/4436/4436 4437/4437/4437
f 4435/4435/4435 4437/4437/4437 4438/4438/4438
v 48.750000 117.700000 15.000000
vt 0.000000 0.000000
vn 0.000000 -0.000000 -1.000000
v 48.750000 115.700000 15.000000
vt 1.000000 0.000000
vn 0.000000 -0.000000 -1.000000
v 37.000000 115.700000 15.000000
vt 1.000000 1.000000
vn 0.000000 -0.000000 -1.000000
v 37.000000 117.700000 15.000000
vt 0.000000 1.000000
vn 0.000000 -0.000000 -1.000000
f 4439/4439/4439 4440/4440/4440 4441/4441/4441
f 4439/4439/4439 4441/4441/4441 4442/4442/4442
v 37.000000 117.700000 15.000000
vt 0.000000 0.000000
vn -1.000000 0.000000 0.000000
v 37.000000 115.700000 15.000000
vt 1.000000 0.000000
vn -1.000000 0.000000 0.000000
v 37.000000 108.800000 22.500000
vt 1.000000 1.000000
vn -1.000000 0.000000 0.000000
v 37.000000 110.800000 22.500000
vt 0.000000 1.000000
vn -1.000000 0.000000 0.000000
f 4443/4443/4443 4444/4444/4444 4445/4445/4445
f 4443/4443/4443 4445/4445/4445 4446/4446/4446
v 49.250000 110.800000 22.500000
vt 0.000000 0.000000
vn -0.000000 0.735931 0.677057
v 61.000000 110.800000 22.500000
vt 1.000000 0.000000
vn -0.000000 0.735931 0.677057
v 61.000000 117.700000 15.000000
vt 1.000000 1.000000
vn -0.000000 0.735931 0.677057
v 49.250000 117.700000 15.000000
vt 0.000000 1.000000
vn -0.000000 0.735931 0.677057
f 4447/4447/4447 4448/4448/4448 4449/4449/4449
f 4447/4447/4447 4449/4449/4449 4450/4450/4450
v 49.250000 115.700000 15.000000
vt 0.000000 0.000000
vn 0.000000 -0.735931 -0.677057
v 61.000000 115.700000 15.000000
vt 1.000000 0.000000
vn 0.000000 -0.735931 -0.677057
v 61.000000 108.800000 22.500000
vt 1.000000 1.000000
vn 0.000000 -0.735931 -0.677057
v 49.250000 108.800000 22.500000
vt 0.000000 1.000000
vn 0.000000 -0.735931 -0.677057
f 4451/4451/4451 4452/4452/4452 4453/4453/4453
f 4451/4451/4451 4453/4453/4453 4454/4454/4454
v 49.250000 110.800000 22.500000
vt 0.000000 0.000000
vn 0.000000 0.000000 1.000000
v 49.250000 108.800000 22.500000
vt 1.000000 0.000000
vn 0.000000 0.000000 1.000000
v 61.000000 108.800000 22.500000
vt 1.000000 1.000000
vn 0.000000 0.000000 1.000000
v 61.000000 110.800000 22.500000
vt 0.000000 1.000000
vn 0.000000 0.000000 1.000000
f 4455/4455/4455 4456/4456/4456 4457/4457/4457
f 4455/4455/4455 4457/4457/4457 4458/4458/4458
v 61.000000 110.800000 22.500000
vt 0.000000 0.000000
vn 1.000000 0.000000 0.000000
v 61.000000 108.800000 22.500000
vt 1.000000 0.000000
vn 1.000000 0.000000 0.000000
v 61.000000 115.700000 15.000000
vt 1.000000 1.000000
vn 1.000000 0.000000 0.000000
v 61.000000 117.700000 15.000000
vt 0.000000 1.000000
vn 1.000000 0.000000 0.000000
f 4459/4459/4459 4460/4460/4460 4461/4461/4461
f 4459/4459/4459 4461/4461/4461 4462/4462/4462
v 61.000000 117.700000 15.000000
vt 0.000000 0.000000
vn 0.000000 -0.000000 -1.000000
v 61.000000 115.700000 15.000000
vt 1.000000 0.000000
vn 0.000000 -0.000000 -1.000000
v 49.250000 115.700000 15.000000
vt 1.000000 1.000000
vn 0.000000 -0.000000 -1.000000
v 49.250000 117.700000 15.000000
vt 0.000000 1.000000
vn 0.000000 -0.000000 -1.000000
f 4463/4463/4463 4464/4464/4464 4465/4465/4465
f 4463/4463/4463 4465/4465/4465 4466/4466/4466
v 49.250000 117.700000 15.000000
vt 0.000000 0.000000
vn -1.000000 0.000000 0.000000
v 49.250000 115.700000 15.000000
vt 1.000000 0.000000
vn -1.000000 0.000000 0.000000
v 49.250000 108.800000 22.500000
vt 1.000000 1.000000
vn -1.000000 0.000000 0.000000
v 49.250000 110.800000 22.500000
vt 0.000000 1.000000
vn -1.000000 0.000000 0.000000
f 4467/4467/4467 4468/4468/4468 4469/4469/4469
f 4467/4467/4467 4469/4469/4469 4470/4470/4470
v 61.500000 110.800000 22.500000
vt 0.000000 0.000000
vn -0.000000 0.735931 0.677057
v 73.250000 110.800000 22.500000
vt 1.000000 0.000000
vn -0.000000 0.735931 0.677057
v 73.250000 117.700000 15.000000
vt 1.000000 1.000000
vn -0.000000 0.735931 0.677057
v 61.500000 117.700000 15.000000
vt 0.000000 1.000000
vn -0.000000 0.735931 0.677057
f 4471/4471/4471 4472/4472/4472 4473/4473/4473
f 4471/4471/4471 4473/4473/4473 4474/4474/4474
v 61.500000 115.700000 15.000000
vt 0.000000 0.000000
vn 0.000000 -0.735931 -0.677057
v 73.250000 115.700000 15.000000
vt 1.000000 0.000000
vn 0.000000 -0.735931 -0.677057
v 73.250000 108.800000 22.500000
vt 1.000000 1.000000
vn 0.000000 -0.735931 -0.677057
v 61.500000 108.800000 22.500000
vt 0.000000 1.000000
vn 0.000000 -0.735931 -0.677057
f 4475/4475/4475 4476/4476/4476 4477/4477/4477
f 4475/4475/4475 4477/4477/4477 4478/4478/4478
v 61.500000 110.800000 22.500000
vt 0.000000 0.000000
vn 0.000000 0.000000 1.000000
v 61.500000 108.800000 22.500000
vt 1.000000 0.000000
vn 0.000000 0.000000 1.000000
v 73.250000 108.800000 22.500000
vt 1.000000 1.000000
vn 0.000000 0.000000 1.000000
v 73.250000 110.800000 22.500000
vt 0.000000 1.000000
vn 0.000000 0.000000 1.000000
f 4479/4479/4479 4480/4480/4480 4481/4481/4481
f 4479/4479/4479 4481/4481/4481 4482/4482/4482
v 73.250000 110.800000 22.500000
vt 0.000000 0.000000
vn 1.000000 0.000000 0.000000
v 73.250000 108.800000 22.500000
vt 1.000000 0.000000
vn 1.000000 0.000000 0.000000
v 73.250000 115.700000 15.000000
vt 1.000000 1.000000
vn 1.000000 0.000000 0.000000
v 73.250000 117.700000 15.000000
vt 0.000000 1.000000
vn 1.000000 0.000000 0.000000
f 4483/4483/4483 4484/4484/4484 4485/4485/4485
f 4483/4483/4483 4485/4485/4485 4486/4486/4486
v 73.250000 117.700000 15.000000
vt 0.000000 0.000000
vn 0.000000 -0.000000 -1.000000
v 73.250000 115.700000 15.000000
vt 1.000000 0.000000
vn 0.000000 -0.000000 -1.000000
v 61.500000 115.700000 15.000000
vt 1.000000 1.000000
vn 0.000000 -0.000000 -1.000000
v 61.500000 117.700000 15.000000
vt 0.000000 1.000000
vn 0.000000 -0.000000 -1.000000
f 4487/4487/4487 4488/4488/4488 4489/4489/4489
f 4487/4487/4487 4489/4489/4489 4490/4490/4490
v 61.500000 117.700000 15.000000
vt 0.000000 0.000000
vn -1.000000 0.000000 0.000000
v 61.500000 115.700000 15.000000
vt 1.000000 0.000000
vn -1.000000 0.000000 0.000000
v 61.500000 108.800000 22.500000
vt 1.000000 1.000000
vn -1.000000 0.000000 0.000000
v 61.500000 110.800000 22.500000
vt 0.000000 1.000000
vn -1.000000 0.000000 0.000000
f 4491/4491/4491 4492/4492/4492 4493/4493/4493
f 4491/4491/4491 4493/4493/4493 4494/4494/4494
v 73.750000 110.800000 22.500000
vt 0.000000 0.000000
vn -0.000000 0.735931 0.677057
v 85.500000 110.800000 22.500000
vt 1.000000 0.000000
vn -0.000000 0.735931 0.677057
v 85.500000 117.700000 15.000000
vt 1.000000 1.000000
vn -0.000000 0.735931 0.677057
v 73.750000 117.700000 15.000000
vt 0.000000 1.000000
vn -0.000000 0.735931 0.677057
f 4495/4495/4495 4496/4496/4496 4497/4497/4497
f 4495/4495/4495 4497/4497/4497 4498/4498/4498
v 73.750000 115.700000 15.000000
vt 0.000000 0.000000
vn 0.000000 -0.735931 -0.677057
v 85.500000 115.700000 15.000000
vt 1.000000 0.000000
vn 0.000000 -0.735931 -0.677057
v 85.500000 108.800000 22.500000
vt 1.000000 1.000000
vn 0.000000 -0.735931 -0.677057
v 73.750000 108.800000 22.500000
vt 0.000000 1.000000
vn 0.000000 -0.735931 -0.677057
f 4499/4499/4499 4500/4500/4500 4501/4501/4501
f 4499/4499/4499 4501/4501/4501 4502/4502/4502
v 73.750000 110.800000 22.500000
vt 0.000000 0.000000
vn 0.000000 0.000000 1.000000
v 73.750000 108.800000 22.500000
vt 1.000000 0.000000
vn 0.000000 0.000000 1.000000
v 85.500000 108.800000 22.500000
vt 1.000000 1.000000
vn 0.000000 0.000000 1.000000
v 85.500000 110.800000 22.500000
vt 0.000000 1.000000
vn 0.000000 0.000000 1.000000
f 4503/4503/4503 4504/4504/4504 4505/4505/4505
f 4503/4503/4503 4505/4505/4505 4506/4506/4506
v 85.500000 110.800000 22.500000
vt 0.000000 0.000000
vn 1.000000 0.000000 0.000000
v 85.500000 108.800000 22.500000
vt 1.000000 0.000000
vn 1.000000 0.000000 0.000000
v 85.500000 115.700000 15.000000
vt 1.000000 1.000000
vn 1.000000 0.000000 0.000000
v 85.500000 117.700000 15.000000
vt 0.000000 1.000000
vn 1.000000 0.000000 0.000000
f 4507/4507/4507 4508/4508/4508 4509/4509/4509
f 4507/4507/4507 4509/4509/4509 4510/4510/4510
v 85.500000 117.700000 15.000000
vt 0.000000 0.000000
vn 0.000000 -0.000000 -1.000000
v 85.500000 115.700000 15.000000
vt 1.000000 0.000000
vn 0.000000 -0.000000 -1.000000
v 73.750000 115.700000 15.000000
vt 1.000000 1.000000
vn 0.000000 -0.000000 -1.000000
v 73.750000 117.700000 15.000000
vt 0.000000 1.000000
vn 0.000000 -0.000000 -1.000000
f 4511/4511/4511 4512/4512/4512 4513/4513/4513
f 4511/4511/4511 4513/4513/4513 4514/4514/4514
v 73.750000 117.700000 15.000000
vt 0.000000 0.000000
vn -1.000000 0.000000 0.000000
v 73.750000 115.700000 15.000000
vt 1.000000 0.000000
vn -1.000000 0.000000 0.000000
v 73.750000 108.800000 22.500000
vt 1.000000 1.000000
vn -1.000000 0.000000 0.000000
v 73.750000 110.800000 22.500000
vt 0.000000 1.000000
vn -1.000000 0.000000 0.000000
f 4515/4515/4515 4516/4516/4516 4517/4517/4517
f 4515/4515/4515 4517/4517/4517 4518/4518/4518
v 86.000000 110.800000 22.500000
vt 0.000000 0.000000
vn -0.000000 0.735931 0.677057
v 97.750000 110.800000 22.500000
vt 1.000000 0.000000
vn -0.000000 0.735931 0.677057
v 97.750000 117.700000 15.000000
vt 1.000000 1.000000
vn -0.000000 0.735931 0.677057
v 86.000000 117.700000 15.000000
vt 0.000000 1.000000
vn -0.000000 0.735931 0.677057
f 4519/4519/4519 4520/4520/4520 4521/4521/4521
f 4519/4519/4519 4521/4521/4521 4522/4522/4522
v 86.000000 115.700000 15.000000
vt 0.000000 0.000000
vn 0.000000 -0.735931 -0.677057
v 97.750000 115.700000 15.000000
vt 1.000000 0.000000
vn 0.000000 -0.735931 -0.677057
v 97.750000 108.800000 22.500000
vt 1.000000 1.000000
vn 0.000000 -0.735931 -0.677057
v 86.000000 108.800000 22.500000
vt 0.000000 1.000000
vn 0.000000 -0.735931 -0.677057
f 4523/4523/4523 4524/4524/4524 4525/4525/4525
f 4523/4523/4523 4525/4525/4525 4526/4526/4526
v 86.000000 110.800000 22.500000
vt 0.000000 0.000000
vn 0.000000 0.000000 1.000000
v 86.000000 108.800000 22.500000
vt 1.000000 0.000000
vn 0.000000 0.000000 1.000000
v 97.750000 108.800000 22.500000
vt 1.000000 1.000000
vn 0.000000 0.000000 1.000000
v 97.750000 110.800000 22.500000
vt 0.000000 1.000000
vn 0.000000 0.000000 1.000000
f 4527/4527/4527 4528/4528/4528 4529/4529/4529
f 4527/4527/4527 4529/4529/4529 4530/4530/4530
v 97.750000 110.800000 22.500000
vt 0.000000 0.000000
vn 1.000000 0.000000 0.000000
v 97.750000 108.800000 22.500000
vt 1.000000 0.000000
vn 1.000000 0.000000 0.000000
v 97.750000 115.700000 15.000000
vt 1.000000 1.000000
vn 1.000000 0.000000 0.000000
v 97.750000 117.700000 15.000000
vt 0.000000 1.000000
vn 1.000000 0.000000 0.000000
f 4531/4531/4531 4532/4532/4532 4533/4533/4533
f 4531/4531/4531 4533/4533/4533 4534/4534/4534
v 97.750000 117.700000 15.000000
vt 0.000000 0.000000
vn 0.000000 -0.000000 -1.000000
v 97.750000 115.700000 15.000000
vt 1.000000 0.000000
vn 0.000000 -0.000000 -1.000000
v 86.000000 115.700000 15.000000
vt 1.000000 1.000000
vn 0.000000 -0.000000 -1.000000
v 86.000000 117.700000 15.000000
vt 0.000000 1.000000
vn 0.000000 -0.000000 -1.000000
f 4535/4535/4535 4536/4536/4536 4537/4537/4537
f 4535/4535/4535 4537/4537/4537 4538/4538/4538
v 86.000000 117.700000 15.000000
vt 0.000000 0.000000
vn -1.000000 0.000000 0.000000
v 86.000000 115.700000 15.000000
vt 1.000000 0.000000
vn -1.000000 0.000000 0.000000
v 86.000000 108.800000 22.500000
vt 1.000000 1.000000
vn -1.000000 0.000000 0.000000
v 86.000000 110.800000 22.500000
vt 0.000000 1.000000
vn -1.000000 0.000000 0.000000
f 4539/4539/4539 4540/4540/4540 4541/4541/4541
f 4539/4539/4539 4541/4541/4541 4542/4542/4542
v -85.500000 103.900000 30.000000
vt 0.000000 0.000000
vn -0.000000 0.735931 0.677057
v -73.750000 103.900000 30.000000
vt 1.000000 0.000000
vn -0.000000 0.735931 0.677057
v -73.750000 110.800000 22.500000
vt 1.000000 1.000000
vn -0.000000 0.735931 0.677057
v -85.500000 110.800000 22.500000
vt 0.000000 1.000000
vn -0.000000 0.735931 0.677057
f 4543/4543/4543 4544/4544/4544 4545/4545/4545
f 4543/4543/4543 4545/4545/4545 4546/4546/4546
v -85.500000 108.800000 22.500000
vt 0.000000 0.000000
vn 0.000000 -0.735931 -0.677057
v -73.750000 108.800000 22.500000
vt 1.000000 0.000000
vn 0.000000 -0.735931 -0.677057
v -73.750000 101.900000 30.000000
vt 1.000000 1.000000
vn 0.000000 -0.735931 -0.677057
v -85.500000 101.900000 30.000000
vt 0.000000 1.000000
vn 0.000000 -0.735931 -0.677057
f 4547/4547/4547 4548/4548/4548 4549/4549/4549
f 4547/4547/4547 4549/4549/4549 4550/4550/4550
v -85.500000 103.900000 30.000000
vt 0.000000 0.000000
vn 0.000000 0.000000 1.000000
v -85.500000 101.900000 30.000000
vt 1.000000 0.000000
vn 0.000000 0.000000 1.000000
v -73.750000 101.900000 30.000000
vt 1.000000 1.000000
vn 0.000000 0.000000 1.000000
v -73.750000 103.900000 30.000000
vt 0.000000 1.000000
vn 0.000000 0.000000 1.000000
f 4551/4551/4551 4552/4552/4552 4553/4553/4553
f 4551/4551/4551 4553/4553/4553 4554/4554/4554
v -73.750000 103.900000 30.000000
vt 0.000000 0.000000
vn 1.000000 0.000000 0.000000
v -73.750000 101.900000 30.000000
vt 1.000000 0.000000
vn 1.000000 0.000000 0.000000
v -73.750000 108.800000 22.500000
vt 1.000000 1.000000
vn 1.000000 0.000000 0.000000
v -73.750000 110.800000 22.500000
vt 0.000000 1.000000
vn 1.000000 0.000000 0.000000
f 4555/4555/4555 4556/4556/4556 4557/4557/4557
f 4555/4555/4555 4557/4557/4557 4558/4558/4558
v -73.750000 110.800000 22.500000
vt 0.000000 0.000000
vn 0.000000 -0.000000 -1.000000
v -73.750000 108.800000 22.500000
vt 1.000000 0.000000
vn 0.000000 -0.000000 -1.000000
v -85.500000 108.800000 22.500000
vt 1.000000 1.000000
vn 0.000000 -0.000000 -1.000000
v -85.500000 110.800000 22.500000
vt 0.000000 1.000000
vn 0.000000 -0.000000 -1.000000
f 4559/4559/4559 4560/4560/4560 4561/4561/4561
f 4559/4559/4559 4561/4561/4561 4562/4562/4562
v -85.500000 110.800000 22.500000
vt 0.000000 0.000000
vn -1.000000 0.000000 0.000000
v -85.500000 108.800000 22.500000
vt 1.000000 0.000000
vn -1.000000 0.000000 0.000000
v -85.500000 101.900000 30.000000
vt 1.000000 1.000000
vn -1.000000 0.000000 0.000000
v -85.500000 103.900000 30.000000
vt 0.000000 1.000000
vn -1.000000 0.000000 0.000000
f 4563/4563/4563 4564/4564/4564 4565/4565/4565
f 4563/4563/4563 4565/4565/4565 4566/4566/4566
v -73.250000 103.900000 30.000000
vt 0.000000 0.000000
vn -0.000000 0.735931 0.677057
v -61.500000 103.900000 30.000000
vt 1.000000 0.000000
vn -0.000000 0.735931 0.677057
v -61.500000 110.800000 22.500000
vt 1.000000 1.000000
vn -0.000000 0.735931 0.677057
v -73.250000 110.800000 22.500000
vt 0.000000 1.000000
vn -0.000000 0.735931 0.677057
f 4567/4567/4567 4568/4568/4568 4569/4569/4569
f 4567/4567/4567 4569/4569/4569 4570/4570/4570
v -73.250000 108.800000 22.500000
vt 0.000000 0.000000
vn 0.000000 -0.735931 -0.677057
v -61.500000 108.800000 22.500000
vt 1.000000 0.000000
vn 0.000000 -0.735931 -0.677057
v -61.500000 101.900000 30.000000
vt 1.000000 1.000000
vn 0.000000 -0.735931 -0.677057
v -73.250000 101.900000 30.000000
vt 0.000000 1.000000
vn 0.000000 -0.735931 -0.677057
f 4571/4571/4571 4572/4572/4572 4573/4573/4573
f 4571/4571/4571 4573/4573/4573 4574/4574/4574
v -73.250000 103.900000 30.000000
vt 0.000000 0.000000
vn 0.000000 0.000000 1.000000
v -73.250000 101.900000 30.000000
vt 1.000000 0.000000
vn 0.000000 0.000000 1.000000
v -61.500000 101.900000 30.000000
vt 1.000000 1.000000
vn 0.000000 0.000000 1.000000
v -61.500000 103.900000 30.000000
vt 0.000000 1.000000
vn 0.000000 0.000000 1.000000
f 4575/4575/4575 4576/4576/4576 4577/4577/4577
f 4575/4575/4575 4577/4577/4577 4578/4578/4578
v -61.500000 103.900000 30.000000
vt 0.000000 0.000000
vn 1.000000 0.000000 0.000000
v -61.500000 101.900000 30.000000
vt 1.000000 0.000000
vn 1.000000 0.000000 0.000000
v -61.500000 108.800000 22.500000
vt 1.000000 1.000000
vn 1.000000 0.000000 0.000000
v -61.500000 110.800000 22.500000
vt 0.000000 1.000000
vn 1.000000 0.000000 0.000000
f 4579/4579/4579 4580/4580/4580 4581/4581/4581
f 4579/4579/4579 4581/4581/4581 4582/4582/4582
v -61.500000 110.800000 22.500000
vt 0.000000 0.000000
vn 0.000000 -0.000000 -1.000000
v -61.500000 108.800000 22.500000
vt 1.000000 0.000000
vn 0.000000 -0.000000 -1.000000
v -73.250000 108.800000 22.500000
vt 1.000000 1.000000
vn 0.000000 -0.000000 -1.000000
v -73.250000 110.800000 22.500000
vt 0.000000 1.000000
vn 0.000000 -0.000000 -1.000000
f 4583/4583/4583 4584/4584/4584 4585/4585/4585
f 4583/4583/4583 4585/4585/4585 4586/4586/4586
v -73.250000 110.800000 22.500000
vt 0.000000 0.000000
vn -1.000000 0.000000 0.000000
v -73.250000 108.800000 22.500000
vt 1.000000 0.000000
vn -1.000000 0.000000 0.000000
v -73.250000 101.900000 30.000000
vt 1.000000 1.000000
vn -1.000000 0.000000 0.000000
v -73.250000 103.900000 30.000000
vt 0.000000 1.000000
vn -1.000000 0.000000 0.000000
f 4587/4587/4587 4588/4588/4588 4589/4589/4589
f 4587/4587/4587 4589/4589/4589 4590/4590/4590
v -48.750000 103.900000 30.000000
vt 0.000000 0.000000
vn -0.000000 0.735931 0.677057
v -37.000000 103.900000 30.000000
vt 1.000000 0.000000
vn -0.000000 0.735931 0.677057
v -37.000000 110.800000 22.500000
vt 1.000000 1.000000
vn -0.000000 0.735931 0.677057
v -48.750000 110.800000 22.500000
vt 0.000000 1.000000
vn -0.000000 0.735931 0.677057
f 4591/4591/4591 4592/4592/4592 4593/4593/4593
f 4591/4591/4591 4593/4593/4593 4594/4594/4594
v -48.750000 108.800000 22.500000
vt 0.000000 0.000000
vn 0.000000 -0.735931 -0.677057
v -37.000000 108.800000 22.500000
vt 1.000000 0.000000
vn 0.000000 -0.735931 -0.677057
v -37.000000 101.900000 30.000000
vt 1.000000 1.000000
vn 0.000000 -0.735931 -0.677057
v -48.750000 101.900000 30.000000
vt 0.000000 1.000000
vn 0.000000 -0.735931 -0.677057
f 4595/4595/4595 4596/4596/4596 4597/4597/4597
f 4595/4595/4595 4597/4597/4597 4598/4598/4598
v -48.750000 103.900000 30.000000
vt 0.000000 0.000000
vn 0.000000 0.000000 1.000000
v -48.750000 101.900000 30.000000
vt 1.000000 0.000000
vn 0.000000 0.000000 1.000000
v -37.000000 101.900000 30.000000
vt 1.000000 1.000000
vn 0.000000 0.000000 1.000000
v -37.000000 103.900000 30.000000
vt 0.000000 1.000000
vn 0.000000 0.000000 1.000000
f 4599/4599/4599 4600/4600/4600 4601/4601/4601
f 4599/4599/4599 4601/4601/4601 4602/4602/4602
v -37.000000 103.900000 30.000000
vt 0.000000 0.000000
vn 1.000000 0.000000 0.000000
v -37.000000 101.900000 30.000000
vt 1.000000 0.000000
vn 1.000000 0.000000 0.000000
v -37.000000 108.800000 22.500000
vt 1.000000 1.000000
vn 1.000000 0.000000 0.000000
v -37.000000 110.800000 22.500000
vt 0.000000 1.000000
vn 1.000000 0.000000 0.000000
f 4603/4603/4603 4604/4604/4604 4605/4605/4605
f 4603/4603/4603 4605/4605/4605 4606/4606/4606
v -37.000000 110.800000 22.500000
vt 0.000000 0.000000
vn 0.000000 -0.000000 -1.000000
v -37.000000 108.800000 22.500000
vt 1.000000 0.000000
vn 0.000000 -0.000000 -1.000000
v -48.750000 108.800000 22.500000
vt 1.000000 1.000000
vn 0.000000 -0.000000 -1.000000
v -48.750000 110.800000 22.500000
vt 0.000000 1.000000
vn 0.000000 -0.000000 -1.000000
f 4607/4607/4607 4608/4608/4608 4609/4609/4609
f 4607/4607/4607 4609/4609/4609 4610/4610/4610
v -48.750000 110.800000 22.500000
vt 0.000000 0.000000
vn -1.000000 0.000000 0.000000
v -48.750000 108.800000 22.500000
vt 1.000000 0.000000
vn -1.000000 0.000000 0.000000
v -48.750000 101.900000 30.000000
vt 1.000000 1.000000
vn -1.000000 0.000000 0.000000
v -48.750000 103.900000 30.000000
vt 0.000000 1.000000
vn -1.000000 0.000000 0.000000
f 4611/4611/4611 4612/4612/4612 4613/4613/4613
f 4611/4611/4611 4613/4613/4613 4614/4614/4614
v -36.500000 103.900000 30.000000
vt 0.000000 0.000000
vn -0.000000 0.735931 0.677057
v -24.750000 103.900000 30.000000
vt 1.000000 0.000000
vn -0.000000 0.735931 0.677057
v -24.750000 110.800000 22.500000
vt 1.000000 1.000000
vn -0.000000 0.735931 0.677057
v -36.500000 110.800000 22.500000
vt 0.000000 1.000000
vn -0.000000 0.735931 0.677057
f 4615/4615/4615 4616/4616/4616 4617/4617/4617
f 4615/4615/4615 4617/4617/4617 4618/4618/4618
v -36.500000 108.800000 22.500000
vt 0.000000 0.000000
vn 0.000000 -0.735931 -0.677057
v -24.750000 108.800000 22.500000
vt 1.000000 0.000000
vn 0.000000 -0.735931 -0.677057
v -24.750000 101.900000 30.000000
vt 1.000000 1.000000
vn 0.000000 -0.735931 -0.677057
v -36.500000 101.900000 30.000000
vt 0.000000 1.000000
vn 0.000000 -0.735931 -0.677057
f 4619/4619/4619 4620/4620/4620 4621/4621/4621
f 4619/4619/4619 4621/4621/4621 4622/4622/4622
v -36.500000 103.900000 30.000000
vt 0.000000 0.000000
vn 0.000000 0.000000 1.000000
v -36.500000 101.900000 30.000000
vt 1.000000 0.000000
vn 0.000000 0.000000 1.000000
v -24.750000 101.900000 30.000000
vt 1.000000 1.000000
vn 0.000000 0.000000 1.000000
v -24.750000 103.900000 30.000000
vt 0.000000 1.000000
vn 0.000000 0.000000 1.000000
f 4623/4623/4623 4624/4624/4624 4625/4625/4625
f 4623/4623/4623 4625/4625/4625 4626/4626/4626
v -24.750000 103.900000 30.000000
vt 0.000000 0.000000
vn 1.000000 0.000000 0.000000
v -24.750000 101.900000 30.000000
vt 1.000000 0.000000
vn 1.000000 0.000000 0.000000
v -24.750000 108.800000 22.500000
vt 1.000000 1.000000
vn 1.000000 0.000000 0.000000
v -24.750000 110.800000 22.500000
vt 0.000000 1.000000
vn 1.000000 0.000000 0.000000
f 4627/4627/4627 4628/4628/4628 4629/4629/4629
f 4627/4627/4627 4629/4629/4629 4630/4630/4630
v -24.750000 110.800000 22.500000
vt 0.000000 0.000000
vn 0.000000 -0.000000 -1.000000
v -24.750000 108.800000 22.500000
vt 1.000000 0.000000
vn 0.000000 -0.000000 -1.000000
v -36.500000 108.800000 22.500000
vt 1.000000 1.000000
vn 0.000000 -0.000000 -1.000000
v -36.500000 110.800000 22.500000
vt 0.000000 1.000000
vn 0.000000 -0.000000 -1.000000
f 4631/4631/4631 4632/4632/4632 4633/4633/4633
f 4631/4631/4631 4633/4633/4633 4634/4634/4634
v -36.500000 110.800000 22.500000
vt 0.000000 0.000000
vn -1.000000 0.000000 0.000000
v -36.500000 108.800000 22.500000
vt 1.000000 0.000000
vn -1.000000 0.000000 0.000000
v -36.500000 101.900000 30.000000
vt 1.000000 1.000000
vn -1.000000 0.000000 0.000000
v -36.500000 103.900000 30.000000
vt 0.000000 1.000000
vn -1.000000 0.000000 0.000000
f 4635/4635/4635 4636/4636/4636 4637/4637/4637
f 4635/4635/4635 4637/4637/4637 4638/4638/4638
v -12.000000 103.900000 30.000000
vt 0.000000 0.000000
vn -0.000000 0.735931 0.677057
v -0.250000 103.900000 30.000000
vt 1.000000 0.000000
vn -0.000000 0.735931 0.677057
v -0.250000 110.800000 22.500000
vt 1.000000 1.000000
vn -0.000000 0.735931 0.677057
v -12.000000 110.800000 22.500000
vt 0.000000 1.000000
vn -0.000000 0.735931 0.677057
f 4639/4639/4639 4640/4640/4640 4641/4641/4641
f 4639/4639/4639 4641/4641/4641 4642/4642/4642
v -12.000000 108.800000 22.500000
vt 0.000000 0.000000
vn 0.000000 -0.735931 -0.677057
v -0.250000 108.800000 22.500000
vt 1.000000 0.000000
vn 0.000000 -0.735931 -0.677057
v -0.250000 101.900000 30.000000
vt 1.000000 1.000000
vn 0.000000 -0.735931 -0.677057
v -12.000000 101.900000 30.000000
vt 0.000000 1.000000
vn 0.000000 -0.735931 -0.677057
f 4643/4643/4643 4644/4644/4644 4645/4645/4645
f 4643/4643/4643 4645/4645/4645 4646/4646/4646
v -12.000000 103.900000 30.000000
vt 0.000000 0.000000
vn 0.000000 0.000000 1.000000
v -12.000000 101.900000 30.000000
vt 1.000000 0.000000
vn 0.000000 0.000000 1.000000
v -0.250000 101.900000 30.000000
vt 1.000000 1.000000
vn 0.000000 0.000000 1.000000
v -0.250000 103.900000 30.000000
vt 0.000000 1.000000
vn 0.000000 0.000000 1.000000
f 4647/4647/4647 4648/4648/4648 4649/4649/4649
f 4647/4647/4647 4649/4649/4649 4650/4650/4650
v -0.250000 103.900000 30.000000
vt 0.000000 0.000000
vn 1.000000 0.000000 0.000000
v -0.250000 101.900000 30.000000
vt 1.000000 0.000000
vn 1.000000 0.000000 0.000000
v -0.250000 108.800000 22.500000
vt 1.000000 1.000000
vn 1.000000 0.000000 0.000000
v -0.250000 110.800000 22.500000
vt 0.000000 1.000000
vn 1.000000 0.000000 0.000000
f 4651/4651/4651 4652/4652/4652 4653/4653/4653
f 4651/4651/4651 4653/4653/4653 4654/4654/4654
v -0.250000 110.800000 22.500000
vt 0.000000 0.000000
vn 0.000000 -0.000000 -1.000000
v -0.250000 108.800000 22.500000
vt 1.000000 0.000000
vn 0.000000 -0.000000 -1.000000
v -12.000000 108.800000 22.500000
vt 1.000000 1.000000
vn 0.000000 -0.000000 -1.000000
v -12.000000 110.800000 22.500000
vt 0.000000 1.000000
vn 0.000000 -0.000000 -1.000000
f 4655/4655/4655 4656/4656/4656 4657/4657/4657
f 4655/4655/4655 4657/4657/4657 4658/4658/4658
v -12.000000 110.800000 22.500000
vt 0.000000 0.000000
vn -1.000000 0.000000 0.000000
v -12.000000 108.800000 22.500000
vt 1.000000 0.000000
vn -1.000000 0.000000 0.000000
v -12.000000 101.900000 30.000000
vt 1.000000 1.000000
vn -1.000000 0.000000 0.000000
v -12.000000 103.900000 30.000000
vt 0.000000 1.000000
vn -1.000000 0.000000 0.000000
f 4659/4659/4659 4660/4660/4660 4661/4661/4661
f 4659/4659/4659 4661/4661/4661 4662/4662/4662
v 12.500000 103.900000 30.000000
vt 0.000000 0.000000
vn -0.000000 0.735931 0.677057
v 24.250000 103.900000 30.000000
vt 1.000000 0.000000
vn -0.000000 0.735931 0.677057
v 24.250000 110.800000 22.500000
vt 1.000000 1.000000
vn -0.000000 0.735931 0.677057
v 12.500000 110.800000 22.500000
vt 0.000000 1.000000
vn -0.000000 0.735931 0.677057
f 4663/4663/4663 4664/4664/4664 4665/4665/4665
f 4663/4663/4663 4665/4665/4665 4666/4666/4666
v 12.500000 108.800000 22.500000
vt 0.000000 0.000000
vn 0.000000 -0.735931 -0.677057
v 24.250000 108.800000 22.500000
vt 1.000000 0.000000
vn 0.000000 -0.735931 -0.677057
v 24.250000 101.900000 30.000000
vt 1.000000 1.000000
vn 0.000000 -0.735931 -0.677057
v 12.500000 101.900000 30.000000
vt 0.000000 1.000000
vn 0.000000 -0.735931 -0.677057
f 4667/4667/4667 4668/4668/4668 4669/4669/4669
f 4667/4667/4667 4669/4669/4669 4670/4670/4670
v 12.500000 103.900000 30.000000
vt 0.000000 0.000000
vn 0.000000 0.000000 1.000000
v 12.500000 101.900000 30.000000
vt 1.000000 0.000000
vn 0.000000 0.000000 1.000000
v 24.250000 101.900000 30.000000
vt 1.000000 1.000000
vn 0.000000 0.000000 1.000000
v 24.250000 103.900000 30.000000
vt 0.000000 1.000000
vn 0.000000 0.000000 1.000000
f 4671/4671/4671 4672/4672/4672 4673/4673/4673
f 4671/4671/4671 4673/4673/4673 4674/4674/4674
v 24.250000 103.900000 30.000000
vt 0.000000 0.000000
vn 1.000000 0.000000 0.000000
v 24.250000 101.900000 30.000000
vt 1.000000 0.000000
vn 1.000000 0.000000 0.000000
v 24.250000 108.800000 22.500000
vt 1.000000 1.000000
vn 1.000000 0.000000 0.000000
v 24.250000 110.800000 22.500000
vt 0.000000 1.000000
vn 1.000000 0.000000 0.000000
f 4675/4675/4675 4676/4676/4676 4677/4677/4677
f 4675/4675/4675 4677/4677/4677 4678/4678/4678
v 24.250000 110.800000 22.500000
vt 0.000000 0.000000
vn 0.000000 -0.000000 -1.000000
v 24.250000 108.800000 22.500000
vt 1.000000 0.000000
vn 0.000000 -0.000000 -1.000000
v 12.500000 108.800000 22.500000
vt 1.000000 1.000000
vn 0.000000 -0.000000 -1.000000
v 12.500000 110.800000 22.500000
vt 0.000000 1.000000
vn 0.000000 -0.000000 -1.000000
f 4679/4679/4679 4680/4680/4680 4681/4681/4681
f 4679/4679/4679 4681/4681/4681 4682/4682/4682
v 12.500000 110.800000 22.500000
vt 0.000000 0.000000
vn -1.000000 0.000000 0.000000
v 12.500000 108.800000 22.500000
vt 1.000000 0.000000
vn -1.000000 0.000000 0.000000
v 12.500000 101.900000 30.000000
vt 1.000000 1.000000
vn -1.000000 0.000000 0.000000
v 12.500000 103.900000 30.000000
vt 0.000000 1.000000
vn -1.000000 0.000000 0.000000
f 4683/4683/4683 4684/4684/4684 4685/4685/4685
f 4683/4683/4683 4685/4685/4685 4686/4686/4686
v 24.750000 103.900000 30.000000
vt 0.000000 0.000000
vn -0.000000 0.735931 0.677057
v 36.500000 103.900000 30.000000
vt 1.000000 0.000000
vn -0.000000 0.735931 0.677057
v 36.500000 110.800000 22.500000
vt 1.000000 1.000000
vn -0.000000 0.735931 0.677057
v 24.750000 110.800000 22.500000
vt 0.000000 1.000000
vn -0.000000 0.735931 0.677057
f 4687/4687/4687 4688/4688/4688 4689/4689/4689
f 4687/4687/4687 4689/4689/4689 4690/4690/4690
v 24.750000 108.800000 22.500000
vt 0.000000 0.000000
vn 0.000000 -0.735931 -0.677057
v 36.500000 108.800000 22.500000
vt 1.000000 0.000000
vn 0.000000 -0.735931 -0.677057
v 36.500000 101.900000 30.000000
vt 1.000000 1.000000
vn 0.000000 -0.735931 -0.677057
v 24.750000 101.900000 30.000000
vt 0.000000 1.000000
vn 0.000000 -0.735931 -0.677057
f 4691/4691/4691 4692/4692/4692 4693/4693/4693
f 4691/4691/4691 4693/4693/4693 4694/4694/4694
v 24.750000 103.900000 30.000000
vt 0.000000 0.000000
vn 0.000000 0.000000 1.000000
v 24.750000 101.900000 30.000000
vt 1.000000 0.000000
vn 0.000000 0.000000 1.000000
v 36.500000 101.900000 30.000000
vt 1.000000 1.000000
vn 0.000000 0.000000 1.000000
v 36.500000 103.900000 30.000000
vt 0.000000 1.000000
vn 0.000000 0.000000 1.000000
f 4695/4695/4695 4696/4696/4696 4697/4697/4697
f 4695/4695/4695 4697/4697/4697 4698/4698/4698
v 36.500000 103.900000 30.000000
vt 0.000000 0.000000
vn 1.000000 0.000000 0.000000
v 36.500000 101.900000 30.000000
vt 1.000000 0.000000
vn 1.000000 0.000000 0.000000
v 36.500000 108.800000 22.500000
vt 1.000000 1.000000
vn 1.000000 0.000000 0.000000
v 36.500000 110.800000 22.500000
vt 0.000000 1.000000
vn 1.000000 0.000000 0.000000
f 4699/4699/4699 4700/4700/4700 4701/4701/4701
f 4699/4699/4699 4701/4701/4701 4702/4702/4702
v 36.500000 110.800000 22.500000
vt 0.000000 0.000000
vn 0.000000 -0.000000 -1.000000
v 36.500000 108.800000 22.500000
vt 1.000000 0.000000
vn 0.000000 -0.000000 -1.000000
v 24.750000 108.800000 22.500000
vt 1.000000 1.000000
vn 0.000000 -0.000000 -1.000000
v 24.750000 110.800000 22.500000
vt 0.000000 1.000000
vn 0.000000 -0.000000 -1.000000
f 4703/4703/4703 4704/4704/4704 4705/4705/4705
f 4703/4703/4703 4705/4705/4705 4706/4706/4706
v 24.750000 110.800000 22.500000
vt 0.000000 0.000000
vn -1.000000 0.000000 0.000000
v 24.750000 108.800000 22.500000
vt 1.000000 0.000000
vn -1.000000 0.000000 0.000000
v 24.750000 101.900000 30.000000
vt 1.000000 1.000000
vn -1.000000 0.000000 0.000000
v 24.750000 103.900000 30.000000
vt 0.000000 1.000000
vn -1.000000 0.000000 0.000000
f 4707/4707/4707 4708/4708/4708 4709/4709/4709
f 4707/4707/4707 4709/4709/4709 4710/4710/4710
v 49.250000 103.900000 30.000000
vt 0.000000 0.000000
vn -0.000000 0.735931 0.677057
v 61.000000 103.900000 30.000000
vt 1.000000 0.000000
vn -0.000000 0.735931 0.677057
v 61.000000 110.800000 22.500000
vt 1.000000 1.000000
vn -0.000000 0.735931 0.677057
v 49.250000 110.800000 22.500000
vt 0.000000 1.000000
vn -0.000000 0.735931 0.677057
f 4711/4711/4711 4712/4712/4712 4713/4713/4713
f 4711/4711/4711 4713/4713/4713 4714/4714/4714
v 49.250000 108.800000 22.500000
vt 0.000000 0.000000
vn 0.000000 -0.735931 -0.677057
v 61.000000 108.800000 22.500000
vt 1.000000 0.000000
vn 0.000000 -0.735931 -0.677057
v 61.000000 101.900000 30.000000
vt 1.000000 1.000000
vn 0.000000 -0.735931 -0.677057
v 49.250000 101.900000 30.000000
vt 0.000000 1.000000
vn 0.000000 -0.735931 -0.677057
f 4715/4715/4715 4716/4716/4716 4717/4717/4717
f 4715/4715/4715 4717/4717/4717 4718/4718/4718
v 49.250000 103.900000 30.000000
vt 0.000000 0.000000
vn 0.000000 0.000000 1.000000
v 49.250000 101.900000 30.000000
vt 1.000000 0.000000
vn 0.000000 0.000000 1.000000
v 61.000000 101.900000 30.000000
vt 1.000000 1.000000
vn 0.000000 0.000000 1.000000
v 61.000000 103.900000 30.000000
vt 0.000000 1.000000
vn 0.000000 0.000000 1.000000
f 4719/4719/4719 4720/4720/4720 4721/4721/4721
f 4719/4719/4719 4721/4721/4721 4722/4722/4722
v 61.000000 103.900000 30.000000
vt 0.000000 0.000000
vn 1.000000 0.000000 0.000000
v 61.000000 101.900000 30.000000
vt 1.000000 0.000000
vn 1.000000 0.000000 0.000000
v 61.000000 108.800000 22.500000
vt 1.000000 1.000000
vn 1.000000 0.000000 0.000000
v 61.000000 110.800000 22.500000
vt 0.000000 1.000000
vn 1.000000 0.000000 0.000000
f 4723/4723/4723 4724/4724/4724 4725/4725/4725
f 4723/4723/4723 4725/4725/4725 4726/4726/4726
v 61.000000 110.800000 22.500000
vt 0.000000 0.000000
vn 0.000000 -0.000000 -1.000000
v 61.000000 108.800000 22.500000
vt 1.000000 0.000000
vn 0.000000 -0.000000 -1.000000
v 49.250000 108.800000 22.500000
vt 1.000000 1.000000
vn 0.000000 -0.000000 -1.000000
v 49.250000 110.800000 22.500000
vt 0.000000 1.000000
vn 0.000000 -0.000000 -1.000000
f 4727/4727/4727 4728/4728/4728 4729/4729/4729
f 4727/4727/4727 4729/4729/4729 4730/4730/4730
v 49.250000 110.800000 22.500000
vt 0.000000 0.000000
vn -1.000000 0.000000 0.000000
v 49.250000 108.800000 22.500000
vt 1.000000 0.000000
vn -1.000000 0.000000 0.000000
v 49.250000 101.900000 30.000000
vt 1.000000 1.000000
vn -1.000000 0.000000 0.000000
v 49.250000 103.900000 30.000000
vt 0.000000 1.000000
vn -1.000000 0.000000 0.000000
f 4731/4731/4731 4732/4732/4732 4733/4733/4733
f 4731/4731/4731 4733/4733/4733 4734/4734/4734
v 61.500000 103.900000 30.000000
vt 0.000000 0.000000
vn -0.000000 0.735931 0.677057
v 73.250000 103.900000 30.000000
vt 1.000000 0.000000
vn -0.000000 0.735931 0.677057
v 73.250000 110.800000 22.500000
vt 1.000000 1.000000
vn -0.000000 0.735931 0.677057
v 61.500000 110.800000 22.500000
vt 0.000000 1.000000
vn -0.000000 0.735931 0.677057
f 4735/4735/4735 4736/4736/4736 4737/4737/4737
f 4735/4735/4735 4737/4737/4737 4738/4738/4738
v 61.500000 108.800000 22.500000
vt 0.000000 0.000000
vn 0.000000 -0.735931 -0.677057
v 73.250000 108.800000 22.500000
vt 1.000000 0.000000
vn 0.000000 -0.735931 -0.677057
v 73.250000 101.900000 30.000000
vt 1.000000 1.000000
vn 0.000000 -0.735931 -0.677057
v 61.500000 101.900000 30.000000
vt 0.000000 1.000000
vn 0.000000 -0.735931 -0.677057
f 4739/4739/4739 4740/4740/4740 4741/4741/4741
f 4739/4739/4739 4741/4741/4741 4742/4742/4742
v 61.500000 103.900000 30.000000
vt 0.000000 0.000000
vn 0.000000 0.000000 1.000000
v 61.500000 101.900000 30.000000
vt 1.000000 0.000000
vn 0.000000 0.000000 1.000000
v 73.250000 101.900000 30.000000
vt 1.000000 1.000000
vn 0.000000 0.000000 1.000000
v 73.250000 103.900000 30.000000
vt 0.000000 1.000000
vn 0.000000 0.000000 1.000000
f 4743/4743/4743 4744/4744/4744 4745/4745/4745
f 4743/4743/4743 4745/4745/4745 4746/4746/4746
v 73.250000 103.900000 30.000000
vt 0.000000 0.000000
vn 1.000000 0.000000 0.000000
v 73.250000 101.900000 30.000000
vt 1.000000 0.000000
vn 1.000000 0.000000 0.000000
v 73.250000 108.800000 22.500000
vt 1.000000 1.000000
vn 1.000000 0.000000 0.000000
v 73.250000 110.800000 22.500000
vt 0.000000 1.000000
vn 1.000000 0.000000 0.000000
f 4747/4747/4747 4748/4748/4748 4749/4749/4749
f 4747/4747/4747 4749/4749/4749 4750/4750/4750
v 73.250000 110.800000 22.500000
vt 0.000000 0.000000
vn 0.000000 -0.000000 -1.000000
v 73.250000 108.800000 22.500000
vt 1.000000 0.000000
vn 0.000000 -0.000000 -1.000000
v 61.500000 108.800000 22.500000
vt 1.000000 1.000000
vn 0.000000 -0.000000 -1.000000
v 61.500000 110.800000 22.500000
vt 0.000000 1.000000
vn 0.000000 -0.000000 -1.000000
f 4751/4751/4751 4752/4752/4752 4753/4753/4753
f 4751/4751/4751 4753/4753/4753 4754/4754/4754
v 61.500000 110.800000 22.500000
vt 0.000000 0.000000
vn -1.000000 0.000000 0.000000
v 61.500000 108.800000 22.500000
vt 1.000000 0.000000
vn -1.000000 0.000000 0.000000
v 61.500000 101.900000 30.000000
vt 1.000000 1.000000
vn -1.000000 0.000000 0.000000
v 61.500000 103.900000 30.000000
vt 0.000000 1.000000
vn -1.000000 0.000000 0.000000
f 4755/4755/4755 4756/4756/4756 4757/4757/4757
f 4755/4755/4755 4757/4757/4757 4758/4758/4758
v 86.000000 103.900000 30.000000
vt 0.000000 0.000000
vn -0.000000 0.735931 0.677057
v 97.750000 103.900000 30.000000
vt 1.000000 0.000000
vn -0.000000 0.735931 0.677057
v 97.750000 110.800000 22.500000
vt 1.000000 1.000000
vn -0.000000 0.735931 0.677057
v 86.000000 110.800000 22.500000
vt 0.000000 1.000000
vn -0.000000 0.735931 0.677057
f 4759/4759/4759 4760/4760/4760 4761/4761/4761
f 4759/4759/4759 4761/4761/4761 4762/4762/4762
v 86.000000 108.800000 22.500000
vt 0.000000 0.000000
vn 0.000000 -0.735931 -0.677057
v 97.750000 108.800000 22.500000
vt 1.000000 0.000000
vn 0.000000 -0.735931 -0.677057
v 97.750000 101.900000 30.000000
vt 1.000000 1.000000
vn 0.000000 -0.735931 -0.677057
v 86.000000 101.900000 30.000000
vt 0.000000 1.000000
vn 0.000000 -0.735931 -0.677057
f 4763/4763/4763 4764/4764/4764 4765/4765/4765
f 4763/4763/4763 4765/4765/4765 4766/4766/4766
v 86.000000 103.900000 30.000000
vt 0.000000 0.000000
vn 0.000000 0.000000 1.000000
v 86.000000 101.900000 30.000000
vt 1.000000 0.000000
vn 0.000000 0.000000 1.000000
v 97.750000 101.900000 30.000000
vt 1.000000 1.000000
vn 0.000000 0.000000 1.000000
v 97.750000 103.900000 30.000000
vt 0.000000 1.000000
vn 0.000000 0.000000 1.000000
f 4767/4767/4767 4768/4768/4768 4769/4769/4769
f 4767/4767/4767 4769/4769/4769 4770/4770/4770
v 97.750000 103.900000 30.000000
vt 0.000000 0.000000
vn 1.000000 0.000000 0.000000
v 97.750000 101.900000 30.000000
vt 1.000000 0.000000
vn 1.000000 0.000000 0.000000
v 97.750000 108.800000 22.500000
vt 1.000000 1.000000
vn 1.000000 0.000000 0.000000
v 97.750000 110.800000 22.500000
vt 0.000000 1.000000
vn 1.000000 0.000000 0.000000
f 4771/4771/4771 4772/4772/4772 4773/4773/4773
f 4771/4771/4771 4773/4773/4773 4774/4774/4774
v 97.750000 110.800000 22.500000
vt 0.000000 0.000000
vn 0.000000 -0.000000 -1.000000
v 97.750000 108.800000 22.500000
vt 1.000000 0.000000
vn 0.000000 -0.000000 -1.000000
v 86.000000 108.800000 22.500000
vt 1.000000 1.000000
vn 0.000000 -0.000000 -1.000000
v 86.000000 110.800000 22.500000
vt 0.000000 1.000000
vn 0.000000 -0.000000 -1.000000
f 4775/4775/4775 4776/4776/4776 4777/4777/4777
f 4775/4775/4775 4777/4777/4777 4778/4778/4778
v 86.000000 110.800000 22.500000
vt 0.000000 0.000000
vn -1.000000 0.000000 0.000000
v 86.000000 108.800000 22.500000
vt 1.000000 0.000000
vn -1.000000 0.000000 0.000000
v 86.000000 101.900000 30.000000
vt 1.000000 1.000000
vn -1.000000 0.000000 0.000000
v 86.000000 103.900000 30.000000
vt 0.000000 1.000000
vn -1.000000 0.000000 0.000000
f 4779/4779/4779 4780/4780/4780 4781/4781/4781
f 4779/4779/4779 4781/4781/4781 4782/4782/4782
v -97.750000 97.000000 37.500000
vt 0.000000 0.000000
vn -0.000000 0.735931 0.677057
v -86.000000 97.000000 37.500000
vt 1.000000 0.000000
vn -0.000000 0.735931 0.677057
v -86.000000 103.900000 30.000000
vt 1.000000 1.000000
vn -0.000000 0.735931 0.677057
v -97.750000 103.900000 30.000000
vt 0.000000 1.000000
vn -0.000000 0.735931 0.677057
f 4783/4783/4783 4784/4784/4784 4785/4785/4785
f 4783/4783/4783 4785/4785/4785 4786/4786/4786
v -97.750000 101.900000 30.000000
vt 0.000000 0.000000
vn 0.000000 -0.735931 -0.677057
v -86.000000 101.900000 30.000000
vt 1.000000 0.000000
vn 0.000000 -0.735931 -0.677057
v -86.000000 95.000000 37.500000
vt 1.000000 1.000000
vn 0.000000 -0.735931 -0.677057
v -97.750000 95.000000 37.500000
vt 0.000000 1.000000
vn 0.000000 -0.735931 -0.677057
f 4787/4787/4787 4788/4788/4788 4789/4789/4789
f 4787/4787/4787 4789/4789/4789 4790/4790/4790
v -97.750000 97.000000 37.500000
vt 0.000000 0.000000
vn 0.000000 0.000000 1.000000
v -97.750000 95.000000 37.500000
vt 1.000000 0.000000
vn 0.000000 0.000000 1.000000
v -86.000000 95.000000 37.500000
vt 1.000000 1.000000
vn 0.000000 0.000000 1.000000
v -86.000000 97.000000 37.500000
vt 0.000000 1.000000
vn 0.000000 0.000000 1.000000
f 4791/4791/4791 4792/4792/4792 4793/4793/4793
f 4791/4791/4791 4793/4793/4793 4794/4794/4794
v -86.000000 97.000000 37.500000
vt 0.000000 0.000000
vn 1.000000 0.000000 0.000000
v -86.000000 95.000000 37.500000
vt 1.000000 0.000000
vn 1.000000 0.000000 0.000000
v -86.000000 101.900000 30.000000
vt 1.000000 1.000000
vn 1.000000 0.000000 0.000000
v -86.000000 103.900000 30.000000
vt 0.000000 1.000000
vn 1.000000 0.000000 0.000000
f 4795/4795/4795 4796/4796/4796 4797/4797/4797
f 4795/4795/4795 4797/4797/4797 4798/4798/4798
v -86.000000 103.900000 30.000000
vt 0.000000 0.000000
vn 0.000000 -0.000000 -1.000000
v -86.000000 101.900000 30.000000
vt 1.000000 0.000000
vn 0.000000 -0.000000 -1.000000
v -97.750000 101.900000 30.000000
vt 1.000000 1.000000
vn 0.000000 -0.000000 -1.000000
v -97.750000 103.900000 30.000000
vt 0.000000 1.000000
vn 0.000000 -0.000000 -1.000000
f 4799/4799/4799 4800/4800/4800 4801/4801/4801
f 4799/4799/4799 4801/4801/4801 4802/4802/4802
v -97.750000 103.900000 30.000000
vt 0.000000 0.000000
vn -1.000000 0.000000 0.000000
v -97.750000 101.900000 30.000000
vt 1.000000 0.000000
vn -1.000000 0.000000 0.000000
v -97.750000 95.000000 37.500000
vt 1.000000 1.000000
vn -1.000000 0.000000 0.000000
v -97.750000 97.000000 37.500000
vt 0.000000 1.000000
vn -1.000000 0.000000 0.000000
f 4803/4803/4803 4804/4804/4804 4805/4805/4805
f 4803/4803/4803 4805/4805/4805 4806/4806/4806
v -85.500000 97.000000 37.500000
vt 0.000000 0.000000
vn -0.000000 0.735931 0.677057
v -73.750000 97.000000 37.500000
vt 1.000000 0.000000
vn -0.000000 0.735931 0.677057
v -73.750000 103.900000 30.000000
vt 1.000000 1.000000
vn -0.000000 0.735931 0.677057
v -85.500000 103.900000 30.000000
vt 0.000000 1.000000
vn -0.000000 0.735931 0.677057
f 4807/4807/4807 4808/4808/4808 4809/4809/4809
f 4807/4807/4807 4809/4809/4809 4810/4810/4810
v -85.500000 101.900000 30.000000
vt 0.000000 0.000000
vn 0.000000 -0.735931 -0.677057
v -73.750000 101.900000 30.000000
vt 1.000000 0.000000
vn 0.000000 -0.735931 -0.677057
v -73.750000 95.000000 37.500000
vt 1.000000 1.000000
vn 0.000000 -0.735931 -0.677057
v -85.500000 95.000000 37.500000
vt 0.000000 1.000000
vn 0.000000 -0.735931 -0.677057
f 4811/4811/4811 4812/4812/4812 4813/4813/4813
f 4811/4811/4811 4813/4813/4813 4814/4814/4814
v -85.500000 97.000000 37.500000
vt 0.000000 0.000000
vn 0.000000 0.000000 1.000000
v -85.500000 95.000000 37.500000
vt 1.000000 0.000000
vn 0.000000 0.000000 1.000000
v -73.750000 95.000000 37.500000
vt 1.000000 1.000000
vn 0.000000 0.000000 1.000000
v -73.750000 97.000000 37.500000
vt 0.000000 1.000000
vn 0.000000 0.000000 1.000000
f 4815/4815/4815 4816/4816/4816 4817/4817/4817
f 4815/4815/4815 4817/4817/4817 4818/4818/4818
v -73.750000 97.000000 37.500000
vt 0.000000 0.000000
vn 1.000000 0.000000 0.000000
v -73.750000 95.000000 37.500000
vt 1.000000 0.000000
vn 1.000000 0.000000 0.000000
v -73.750000 101.900000 30.000000
vt 1.000000 1.000000
vn 1.000000 0.000000 0.000000
v -73.750000 103.900000 30.000000
vt 0.000000 1.000000
vn 1.000000 0.000000 0.000000
f 4819/4819/4819 4820/4820/4820 4821/4821/4821
f 4819/4819/4819 4821/4821/4821 4822/4822/4822
v -73.750000 103.900000 30.000000
vt 0.000000 0.000000
vn 0.000000 -0.000000 -1.000000
v -73.750000 101.900000 30.000000
vt 1.000000 0.000000
vn 0.000000 -0.000000 -1.000000
v -85.500000 101.900000 30.000000
vt 1.000000 1.000000
vn 0.000000 -0.000000 -1.000000
v -85.500000 103.900000 30.000000
vt 0.000000 1.000000
vn 0.000000 -0.000000 -1.000000
f 4823/4823/4823 4824/4824/4824 4825/4825/4825
f 4823/4823/4823 4825/4825/4825 4826/4826/4826
v -85.500000 103.900000 30.000000
vt 0.000000 0.000000
vn -1.000000 0.000000 0.000000
v -85.500000 101.900000 30.000000
vt 1.000000 0.000000
vn -1.000000 0.000000 0.000000
v -85.500000 95.000000 37.500000
vt 1.000000 1.000000
vn -1.000000 0.000000 0.000000
v -85.500000 97.000000 37.500000
vt 0.000000 1.000000
vn -1.000000 0.000000 0.000000
f 4827/4827/4827 4828/4828/4828 4829/4829/4829
f 4827/4827/4827 4829/4829/4829 4830/4830/4830
v -61.000000 97.000000 37.500000
vt 0.000000 0.000000
vn -0.000000 0.735931 0.677057
v -49.250000 97.000000 37.500000
vt 1.000000 0.000000
vn -0.000000 0.735931 0.677057
v -49.250000 103.900000 30.000000
vt 1.000000 1.000000
vn -0.000000 0.735931 0.677057
v -61.000000 103.900000 30.000000
vt 0.000000 1.000000
vn -0.000000 0.735931 0.677057
f 4831/4831/4831 4832/4832/4832 4833/4833/4833
f 4831/4831/4831 4833/4833/4833 4834/4834/4834
v -61.000000 101.900000 30.000000
vt 0.000000 0.000000
vn 0.000000 -0.735931 -0.677057
v -49.250000 101.900000 30.000000
vt 1.000000 0.000000
vn 0.000000 -0.735931 -0.677057
v -49.250000 95.000000 37.500000
vt 1.000000 1.000000
vn 0.000000 -0.735931 -0.677057
v -61.000000 95.000000 37.500000
vt 0.000000 1.000000
vn 0.000000 -0.735931 -0.677057
f 4835/4835/4835 4836/4836/4836 4837/4837/4837
f 4835/4835/4835 4837/4837/4837 4838/4838/4838
v -61.000000 97.000000 37.500000
vt 0.000000 0.000000
vn 0.000000 0.000000 1.000000
v -61.000000 95.000000 37.500000
vt 1.000000 0.000000
vn 0.000000 0.000000 1.000000
v -49.250000 95.000000 37.500000
vt 1.000000 1.000000
vn 0.000000 0.000000 1.000000
v -49.250000 97.000000 37.500000
vt 0.000000 1.000000
vn 0.000000 0.000000 1.000000
f 4839/4839/4839 4840/4840/4840 4841/4841/4841
f 4839/4839/4839 4841/4841/4841 4842/4842/4842
v -49.250000 97.000000 37.500000
vt 0.000000 0.000000
vn 1.000000 0.000000 0.000000
v -49.250000 95.000000 37.500000
vt 1.000000 0.000000
vn 1.000000 0.000000 0.000000
v -49.250000 101.900000 30.000000
vt 1.000000 1.000000
vn 1.000000 0.000000 0.000000
v -49.250000 103.900000 30.000000
vt 0.000000 1.000000
vn 1.000000 0.000000 0.000000
f 4843/4843/4843 4844/4844/4844 4845/4845/4845
f 4843/4843/4843 4845/4845/4845 4846/4846/4846
v -49.250000 103.900000 30.000000
vt 0.000000 0.000000
vn 0.000000 -0.000000 -1.000000
v -49.250000 101.900000 30.000000
vt 1.000000 0.000000
vn 0.000000 -0.000000 -1.000000
v -61.000000 101.900000 30.000000
vt 1.000000 1.000000
vn 0.000000 -0.000000 -1.000000
v -61.000000 103.900000 30.000000
vt 0.000000 1.000000
vn 0.000000 -0.000000 -1.000000
f 4847/4847/4847 4848/4848/4848 4849/4849/4849
f 4847/4847/4847 4849/4849/4849 4850/4850/4850
v -61.000000 103.900000 30.000000
vt 0.000000 0.000000
vn -1.000000 0.000000 0.000000
v -61.000000 101.900000 30.000000
vt 1.000000 0.000000
vn -1.000000 0.000000 0.000000
v -61.000000 95.000000 37.500000
vt 1.000000 1.000000
vn -1.000000 0.000000 0.000000
v -61.000000 97.000000 37.500000
vt 0.000000 1.000000
vn -1.000000 0.000000 0.000000
f 4851/4851/4851 4852/4852/4852 4853/4853/4853
f 4851/4851/4851 4853/4853/4853 4854/4854/4854
v -36.500000 97.000000 37.500000
vt 0.000000 0.000000
vn -0.000000 0.735931 0.677057
v -24.750000 97.000000 37.500000
vt 1.000000 0.000000
vn -0.000000 0.735931 0.677057
v -24.750000 103.900000 30.000000
vt 1.000000 1.000000
vn -0.000000 0.735931 0.677057
v -36.500000 103.900000 30.000000
vt 0.000000 1.000000
vn -0.000000 0.735931 0.677057
f 4855/4855/4855 4856/4856/4856 4857/4857/4857
f 4855/4855/4855 4857/4857/4857 4858/4858/4858
v -36.500000 101.900000 30.000000
vt 0.000000 0.000000
vn 0.000000 -0.735931 -0.677057
v -24.750000 101.900000 30.000000
vt 1.000000 0.000000
vn 0.000000 -0.735931 -0.677057
v -24.750000 95.000000 37.500000
vt 1.000000 1.000000
vn 0.000000 -0.735931 -0.677057
v -36.500000 95.000000 37.500000
vt 0.000000 1.000000
vn 0.000000 -0.735931 -0.677057
f 4859/4859/4859 4860/4860/4860 4861/4861/4861
f 4859/4859/4859 4861/4861/4861 4862/4862/4862
v -36.500000 97.000000 37.500000
vt 0.000000 0.000000
vn 0.000000 0.000000 1.000000
v -36.500000 95.000000 37.500000
vt 1.000000 0.000000
vn 0.000000 0.000000 1.000000
v -24.750000 95.000000 37.500000
vt 1.000000 1.000000
vn 0.000000 0.000000 1.000000
v -24.750000 97.000000 37.500000
vt 0.000000 1.000000
vn 0.000000 0.000000 1.000000
f 4863/4863/4863 4864/4864/4864 4865/4865/4865
f 4863/4863/4863 4865/4865/4865 4866/4866/4866
v -24.750000 97.000000 37.500000
vt 0.000000 0.000000
vn 1.000000 0.000000 0.000000
v -24.750000 95.000000 37.500000
vt 1.000000 0.000000
vn 1.000000 0.000000 0.000000
v -24.750000 101.900000 30.000000
vt 1.000000 1.000000
vn 1.000000 0.000000 0.000000
v -24.750000 103.900000 30.000000
vt 0.000000 1.000000
vn 1.000000 0.000000 0.000000
f 4867/4867/4867 4868/4868/4868 4869/4869/4869
f 4867/4867/4867 4869/4869/4869 4870/4870/4870
v -24.750000 103.900000 30.000000
vt 0.000000 0.000000
vn 0.000000 -0.000000 -1.000000
v -24.750000 101.900000 30.000000
vt 1.000000 0.000000
vn 0.000000 -0.000000 -1.000000
v -36.500000 101.900000 30.000000
vt 1.000000 1.000000
vn 0.000000 -0.000000 -1.000000
v -36.500000 103.900000 30.000000
vt 0.000000 1.000000
vn 0.000000 -0.000000 -1.000000
f 4871/4871/4871 4872/4872/4872 4873/4873/4873
f 4871/4871/4871 4873/4873/4873 4874/4874/4874
v -36.500000 103.900000 30.000000
vt 0.000000 0.000000
vn -1.000000 0.000000 0.000000
v -36.500000 101.900000 30.000000
vt 1.000000 0.000000
vn -1.000000 0.000000 0.000000
v -36.500000 95.000000 37.500000
vt 1.000000 1.000000
vn -1.000000 0.000000 0.000000
v -36.500000 97.000000 37.500000
vt 0.000000 1.000000
vn -1.000000 0.000000 0.000000
f 4875/4875/4875 4876/4876/4876 4877/4877/4877
f 4875/4875/4875 4877/4877/4877 4878/4878/4878
v -24.250000 97.000000 37.500000
vt 0.000000 0.000000
vn -0.000000 0.735931 0.677057
v -12.500000 97.000000 37.500000
vt 1.000000 0.000000
vn -0.000000 0.735931 0.677057
v -12.500000 103.900000 30.000000
vt 1.000000 1.000000
vn -0.000000 0.735931 0.677057
v -24.250000 103.900000 30.000000
vt 0.000000 1.000000
vn -0.000000 0.735931 0.677057
f 4879/4879/4879 4880/4880/4880 4881/4881/4881
f 4879/4879/4879 4881/4881/4881 4882/4882/4882
v -24.250000 101.900000 30.000000
vt 0.000000 0.000000
vn 0.000000 -0.735931 -0.677057
v -12.500000 101.900000 30.000000
vt 1.000000 0.000000
vn 0.000000 -0.735931 -0.677057
v -12.500000 95.000000 37.500000
vt 1.000000 1.000000
vn 0.000000 -0.735931 -0.677057
v -24.250000 95.000000 37.500000
vt 0.000000 1.000000
vn 0.000000 -0.735931 -0.677057
f 4883/4883/4883 4884/4884/4884 4885/4885/4885
f 4883/4883/4883 4885/4885/4885 4886/4886/4886
v -24.250000 97.000000 37.500000
vt 0.000000 0.000000
vn 0.000000 0.000000 1.000000
v -24.250000 95.000000 37.500000
vt 1.000000 0.000000
vn 0.000000 0.000000 1.000000
v -12.500000 95.000000 37.500000
vt 1.000000 1.000000
vn 0.000000 0.000000 1.000000
v -12.500000 97.000000 37.500000
vt 0.000000 1.000000
vn 0.000000 0.000000 1.000000
f 4887/4887/4887 4888/4888/4888 4889/4889/4889
f 4887/4887/4887 4889/4889/4889 4890/4890/4890
v -12.500000 97.000000 37.500000
vt 0.000000 0.000000
vn 1.000000 0.000000 0.000000
v -12.500000 95.000000 37.500000
vt 1.000000 0.000000
vn 1.000000 0.000000 0.000000
v -12.500000 101.900000 30.000000
vt 1.000000 1.000000
vn 1.000000 0.000000 0.000000
v -12.500000 103.900000 30.000000
vt 0.000000 1.000000
vn 1.000000 0.000000 0.000000
f 4891/4891/4891 4892/4892/4892 4893/4893/4893
f 4891/4891/4891 4893/4893/4893 4894/4894/4894
v -12.500000 103.900000 30.000000
vt 0.000000 0.000000
vn 0.000000 -0.000000 -1.000000
v -12.500000 101.900000 30.000000
vt 1.000000 0.000000
vn 0.000000 -0.000000 -1.000000
v -24.250000 101.900000 30.000000
vt 1.000000 1.000000
vn 0.000000 -0.000000 -1.000000
v -24.250000 103.900000 30.000000
vt 0.000000 1.000000
vn 0.000000 -0.000000 -1.000000
f 4895/4895/4895 4896/4896/4896 4897/4897/4897
f 4895/4895/4895 4897/4897/4897 4898/4898/4898
v -24.250000 103.900000 30.000000
vt 0.000000 0.000000
vn -1.000000 0.000000 0.000000
v -24.250000 101.900000 30.000000
vt 1.000000 0.000000
vn -1.000000 0.000000 0.000000
v -24.250000 95.000000 37.500000
vt 1.000000 1.000000
vn -1.000000 0.000000 0.000000
v -24.250000 97.000000 37.500000
vt 0.000000 1.000000
vn -1.000000 0.000000 0.000000
f 4899/4899/4899 4900/4900/4900 4901/4901/4901
f 4899/4899/4899 4901/4901/4901 4902/4902/4902
v 0.250000 97.000000 37.500000
vt 0.000000 0.000000
vn -0.000000 0.735931 0.677057
v 12.000000 97.000000 37.500000
vt 1.000000 0.000000
vn -0.000000 0.735931 0.677057
v 12.000000 103.900000 30.000000
vt 1.000000 1.000000
vn -0.000000 0.735931 0.677057
v 0.250000 103.900000 30.000000
vt 0.000000 1.000000
vn -0.000000 0.735931 0.677057
f 4903/4903/4903 4904/4904/4904 4905/4905/4905
f 4903/4903/4903 4905/4905/4905 4906/4906/4906
v 0.250000 101.900000 30.000000
vt 0.000000 0.000000
vn 0.000000 -0.735931 -0.677057
v 12.000000 101.900000 30.000000
vt 1.000000 0.000000
vn 0.000000 -0.735931 -0.677057
v 12.000000 95.000000 37.500000
vt 1.000000 1.000000
vn 0.000000 -0.735931 -0.677057
v 0.250000 95.000000 37.500000
vt 0.000000 1.000000
vn 0.000000 -0.735931 -0.677057
f 4907/4907/4907 4908/4908/4908 4909/4909/4909
f 4907/4907/4907 4909/4909/4909 4910/4910/4910
v 0.250000 97.000000 37.500000
vt 0.000000 0.000000
vn 0.000000 0.000000 1.000000
v 0.250000 95.000000 37.500000
vt 1.000000 0.000000
vn 0.000000 0.000000 1.000000
v 12.000000 95.000000 37.500000
vt 1.000000 1.000000
vn 0.000000 0.000000 1.000000
v 12.000000 97.000000 37.500000
vt 0.000000 1.000000
vn 0.000000 0.000000 1.000000
f 4911/4911/4911 4912/4912/4912 4913/4913/4913
f 4911/4911/4911 4913/4913/4913 4914/4914/4914
v 12.000000 97.000000 37.500000
vt 0.000000 0.000000
vn 1.000000 0.000000 0.000000
v 12.000000 95.000000 37.500000
vt 1.000000 0.000000
vn 1.000000 0.000000 0.000000
v 12.000000 101.900000 30.000000
vt 1.000000 1.000000
vn 1.000000 0.000000 0.000000
v 12.000000 103.900000 30.000000
vt 0.000000 1.000000
vn 1.000000 0.000000 0.000000
f 4915/4915/4915 4916/4916/4916 4917/4917/4917
f 4915/4915/4915 4917/4917/4917 4918/4918/4918
v 12.000000 103.900000 30.000000
vt 0.000000 0.000000
vn 0.000000 -0.000000 -1.000000
v 12.000000 101.900000 30.000000
vt 1.000000 0.000000
vn 0.000000 -0.000000 -1.000000
v 0.250000 101.900000 30.000000
vt 1.000000 1.000000
vn 0.000000 -0.000000 -1.000000
v 0.250000 103.900000 30.000000
vt 0.000000 1.000000
vn 0.000000 -0.000000 -1.000000
f 4919/4919/4919 4920/4920/4920 4921/4921/4921
f 4919/4919/4919 4921/4921/4921 4922/4922/4922
v 0.250000 103.900000 30.000000
vt 0.000000 0.000000
vn -1.000000 0.000000 0.000000
v 0.250000 101.900000 30.000000
vt 1.000000 0.000000
vn -1.000000 0.000000 0.000000
v 0.250000 95.000000 37.500000
vt 1.000000 1.000000
vn -1.000000 0.000000 0.000000
v 0.250000 97.000000 37.500000
vt 0.000000 1.000000
vn -1.000000 0.000000 0.000000
f 4923/4923/4923 4924/4924/4924 4925/4925/4925
f 4923/4923/4923 4925/4925/4925 4926/4926/4926
v 12.500000 97.000000 37.500000
vt 0.000000 0.000000
vn -0.000000 0.735931 0.677057
v 24.250000 97.000000 37.500000
vt 1.000000 0.000000
vn -0.000000 0.735931 0.677057
v 24.250000 103.900000 30.000000
vt 1.000000 1.000000
vn -0.000000 0.735931 0.677057
v 12.500000 103.900000 30.000000
vt 0.000000 1.000000
vn -0.000000 0.735931 0.677057
f 4927/4927/4927 4928/4928/4928 4929/4929/4929
f 4927/4927/4927 4929/4929/4929 4930/4930/4930
v 12.500000 101.900000 30.000000
vt 0.000000 0.000000
vn 0.000000 -0.735931 -0.677057
v 24.250000 101.900000 30.000000
vt 1.000000 0.000000
vn 0.000000 -0.735931 -0.677057
v 24.250000 95.000000 37.500000
vt 1.000000 1.000000
vn 0.000000 -0.735931 -0.677057
v 12.500000 95.000000 37.500000
vt 0.000000 1.000000
vn 0.000000 -0.735931 -0.677057
f 4931/4931/4931 4932/4932/4932 4933/4933/4933
f 4931/4931/4931 4933/4933/4933 4934/4934/4934
v 12.500000 97.000000 37.500000
vt 0.000000 0.000000
vn 0.000000 0.000000 1.000000
v 12.500000 95.000000 37.500000
vt 1.000000 0.000000
vn 0.000000 0.000000 1.000000
v 24.250000 95.000000 37.500000
vt 1.000000 1.000000
vn 0.000000 0.000000 1.000000
v 24.250000 97.000000 37.500000
vt 0.000000 1.000000
vn 0.000000 0.000000 1.000000
f 4935/4935/4935 4936/4936/4936 4937/4937/4937
f 4935/4935/4935 4937/4937/4937 4938/4938/4938
v 24.250000 97.000000 37.500000
vt 0.000000 0.000000
vn 1.000000 0.000000 0.000000
v 24.250000 95.000000 37.500000
vt 1.000000 0.000000
vn 1.000000 0.000000 0.000000
v 24.250000 101.900000 30.000000
vt 1.000000 1.000000
vn 1.000000 0.000000 0.000000
v 24.250000 103.900000 30.000000
vt 0.000000 1.000000
vn 1.000000 0.000000 0.000000
f 4939/4939/4939 4940/4940/4940 4941/4941/4941
f 4939/4939/4939 4941/4941/4941 4942/4942/4942
v 24.250000 103.900000 30.000000
vt 0.000000 0.000000
vn 0.000000 -0.000000 -1.000000
v 24.250000 101.900000 30.000000
vt 1.000000 0.000000
vn 0.000000 -0.000000 -1.000000
v 12.500000 101.900000 30.000000
vt 1.000000 1.000000
vn 0.000000 -0.000000 -1.000000
v 12.500000 103.900000 30.000000
vt 0.000000 1.000000
vn 0.000000 -0.000000 -1.000000
f 4943/4943/4943 4944/4944/4944 4945/4945/4945
f 4943/4943/4943 4945/4945/4945 4946/4946/4946
v 12.500000 103.900000 30.000000
vt 0.000000 0.000000
vn -1.000000 0.000000 0.000000
v 12.500000 101.900000 30.000000
vt 1.000000 0.000000
vn -1.000000 0.000000 0.000000
v 12.500000 95.000000 37.500000
vt 1.000000 1.000000
vn -1.000000 0.000000 0.000000
v 12.500000 97.000000 37.500000
vt 0.000000 1.000000
vn -1.000000 0.000000 0.000000
f 4947/4947/4947 4948/4948/4948 4949/4949/4949
f 4947/4947/4947 4949/4949/4949 4950/4950/4950
v 37.000000 97.000000 37.500000
vt 0.000000 0.000000
vn -0.000000 0.735931 0.677057
v 48.750000 97.000000 37.500000
vt 1.000000 0.000000
vn -0.000000 0.735931 0.677057
v 48.750000 103.900000 30.000000
vt 1.000000 1.000000
vn -0.000000 0.735931 0.677057
v 37.000000 103.900000 30.000000
vt 0.000000 1.000000
vn -0.000000 0.735931 0.677057
f 4951/4951/4951 4952/4952/4952 4953/4953/4953
f 4951/4951/4951 4953/4953/4953 4954/4954/4954
v 37.000000 101.900000 30.000000
vt 0.000000 0.000000
vn 0.000000 -0.735931 -0.677057
v 48.750000 101.900000 30.000000
vt 1.000000 0.000000
vn 0.000000 -0.735931 -0.677057
v 48.750000 95.000000 37.500000
vt 1.000000 1.000000
vn 0.000000 -0.735931 -0.677057
v 37.000000 95.000000 37.500000
vt 0.000000 1.000000
vn 0.000000 -0.735931 -0.677057
f 4955/4955/4955 4956/4956/4956 4957/4957/4957
f 4955/4955/4955 4957/4957/4957 4958/4958/4958
v 37.000000 97.000000 37.500000
vt 0.000000 0.000000
vn 0.000000 0.000000 1.000000
v 37.000000 95.000000 37.500000
vt 1.000000 0.000000
vn 0.000000 0.000000 1.000000
v 48.750000 95.000000 37.500000
vt 1.000000 1.000000
vn 0.000000 0.000000 1.000000
v 48.750000 97.000000 37.500000
vt 0.000000 1.000000
vn 0.000000 0.000000 1.000000
f 4959/4959/4959 4960/4960/4960 4961/4961/4961
f 4959/4959/4959 4961/4961/4961 4962/4962/4962
v 48.750000 97.000000 37.500000
vt 0.000000 0.000000
vn 1.000000 0.000000 0.000000
v 48.750000 95.000000 37.500000
vt 1.000000 0.000000
vn 1.000000 0.000000 0.000000
v 48.750000 101.900000 30.000000
vt 1.000000 1.000000
vn 1.000000 0.000000 0.000000
v 48.750000 103.900000 30.000000
vt 0.000000 1.000000
vn 1.000000 0.000000 0.000000
f 4963/4963/4963 4964/4964/4964 4965/4965/4965
f 4963/4963/4963 4965/4965/4965 4966/4966/4966
v 48.750000 103.900000 30.000000
vt 0.000000 0.000000
vn 0.000000 -0.000000 -1.000000
v 48.750000 101.900000 30.000000
vt 1.000000 0.000000
vn 0.000000 -0.000000 -1.000000
v 37.000000 101.900000 30.000000
vt 1.000000 1.000000
vn 0.000000 -0.000000 -1.000000
v 37.000000 103.900000 30.000000
vt 0.000000 1.000000
vn 0.000000 -0.000000 -1.000000
f 4967/4967/4967 4968/4968/4968 4969/4969/4969
f 4967/4967/4967 4969/4969/4969 4970/4970/4970
v 37.000000 103.900000 30.000000
vt 0.000000 0.000000
vn -1.000000 0.000000 0.000000
v 37.000000 101.900000 30.000000
vt 1.000000 0.000000
vn -1.000000 0.000000 0.000000
v 37.000000 95.000000 37.500000
vt 1.000000 1.000000
vn -1.000000 0.000000 0.000000
v 37.000000 97.000000 37.500000
vt 0.000000 1.000000
vn -1.000000 0.000000 0.000000
f 4971/4971/4971 4972/4972/4972 4973/4973/4973
f 4971/4971/4971 4973/4973/4973 4974/4974/4974
v 49.250000 97.000000 37.500000
vt 0.000000 0.000000
vn -0.000000 0.735931 0.677057
v 61.000000 97.000000 37.500000
vt 1.000000 0.000000
vn -0.000000 0.735931 0.677057
v 61.000000 103.900000 30.000000
vt 1.000000 1.000000
vn -0.000000 0.735931 0.677057
v 49.250000 103.900000 30.000000
vt 0.000000 1.000000
vn -0.000000 0.735931 0.677057
f 4975/4975/4975 4976/4976/4976 4977/4977/4977
f 4975/4975/4975 4977/4977/4977 4978/4978/4978
v 49.250000 101.900000 30.000000
vt 0.000000 0.000000
vn 0.000000 -0.735931 -0.677057
v 61.000000 101.900000 30.000000
vt 1.000000 0.000000
vn 0.000000 -0.735931 -0.677057
v 61.000000 95.000000 37.500000
vt 1.000000 1.000000
vn 0.000000 -0.735931 -0.677057
v 49.250000 95.000000 37.500000
vt 0.000000 1.000000
vn 0.000000 -0.735931 -0.677057
f 4979/4979/4979 4980/4980/4980 4981/4981/4981
f 4979/4979/4979 4981/4981/4981 4982/4982/4982
v 49.250000 97.000000 37.500000
vt 0.000000 0.000000
vn 0.000000 0.000000 1.000000
v 49.250000 95.000000 37.500000
vt 1.000000 0.000000
vn 0.000000 0.000000 1.000000
v 61.000000 95.000000 37.500000
vt 1.000000 1.000000
vn 0.000000 0.000000 1.000000
v 61.000000 97.000000 37.500000
vt 0.000000 1.000000
vn 0.000000 0.000000 1.000000
f 4983/4983/4983 4984/4984/4984 4985/4985/4985
f 4983/4983/4983 4985/4985/4985 4986/4986/4986
v 61.000000 97.000000 37.500000
vt 0.000000 0.000000
vn 1.000000 0.000000 0.000000
v 61.000000 95.000000 37.500000
vt 1.000000 0.000000
vn 1.000000 0.000000 0.000000
v 61.000000 101.900000 30.000000
vt 1.000000 1.000000
vn 1.000000 0.000000 0.000000
v 61.000000 103.900000 30.000000
vt 0.000000 1.000000
vn 1.000000 0.000000 0.000000
f 4987/4987/4987 4988/4988/4988 4989/4989/4989
f 4987/4987/4987 4989/4989/4989 4990/4990/4990
v 61.000000 103.900000 30.000000
vt 0.000000 0.000000
vn 0.000000 -0.000000 -1.000000
v 61.000000 101.900000 30.000000
vt 1.000000 0.000000
vn 0.000000 -0.000000 -1.000000
v 49.250000 101.900000 30.000000
vt 1.000000 1.000000
vn 0.000000 -0.000000 -1.000000
v 49.250000 103.900000 30.000000
vt 0.000000 1.000000
vn 0.000000 -0.000000 -1.000000
f 4991/4991/4991 4992/4992/4992 4993/4993/4993
f 4991/4991/4991 4993/4993/4993 4994/4994/4994
v 49.250000 103.900000 30.000000
vt 0.000000 0.000000
vn -1.000000 0.000000 0.000000
v 49.250000 101.900000 30.000000
vt 1.000000 0.000000
vn -1.000000 0.000000 0.000000
v 49.250000 95.000000 37.500000
vt 1.000000 1.000000
vn -1.000000 0.000000 0.000000
v 49.250000 97.000000 37.500000
vt 0.000000 1.000000
vn -1.000000 0.000000 0.000000
f 4995/4995/4995 4996/4996/4996 4997/4997/4997
f 4995/4995/4995 4997/4997/4997 4998/4998/4998
v 73.750000 97.000000 37.500000
vt 0.000000 0.000000
vn -0.000000 0.735931 0.677057
v 85.500000 97.000000 37.500000
vt 1.000000 0.000000
vn -0.000000 0.735931 0.677057
v 85.500000 103.900000 30.000000
vt 1.000000 1.000000
vn -0.000000 0.735931 0.677057
v 73.750000 103.900000 30.000000
vt 0.000000 1.000000
vn -0.000000 0.735931 0.677057
f 4999/4999/4999 5000/5000/5000 5001/5001/5001
f 4999/4999/4999 5001/5001/5001 5002/5002/5002
v 73.750000 101.900000 30.000000
vt 0.000000 0.000000
vn 0.000000 -0.735931 -0.677057
v 85.500000 101.900000 30.000000
vt 1.000000 0.000000
vn 0.000000 -0.735931 -0.677057
v 85.500000 95.000000 37.500000
vt 1.000000 1.000000
vn 0.000000 -0.735931 -0.677057
v 73.750000 95.000000 37.500000
vt 0.000000 1.000000
vn 0.000000 -0.735931 -0.677057
f 5003/5003/5003 5004/5004/5004 5005/5005/5005
f 5003/5003/5003 5005/5005/5005 5006/5006/5006
v 73.750000 97.000000 37.500000
vt 0.000000 0.000000
vn 0.000000 0.000000 1.000000
v 73.750000 95.000000 37.500000
vt 1.000000 0.000000
vn 0.000000 0.000000 1.000000
v 85.500000 95.000000 37.500000
vt 1.000000 1.000000
vn 0.000000 0.000000 1.000000
v 85.500000 97.000000 37.500000
vt 0.000000 1.000000
vn 0.000000 0.000000 1.000000
f 5007/5007/5007 5008/5008/5008 5009/5009/5009
f 5007/5007/5007 5009/5009/5009 5010/5010/5010
v 85.500000 97.000000 37.500000
vt 0.000000 0.000000
vn 1.000000 0.000000 0.000000
v 85.500000 95.000000 37.500000
vt 1.000000 0.000000
vn 1.000000 0.000000 0.000000
v 85.500000 101.900000 30.000000
vt 1.000000 1.000000
vn 1.000000 0.000000 0.000000
v 85.500000 103.900000 30.000000
vt 0.000000 1.000000
vn 1.000000 0.000000 0.000000
f 5011/5011/5011 5012/5012/5012 5013/5013/5013
f 5011/5011/5011 5013/5013/5013 5014/5014/5014
v 85.500000 103.900000 30.000000
vt 0.000000 0.000000
vn 0.000000 -0.000000 -1.000000
v 85.500000 101.900000 30.000000
vt 1.000000 0.000000
vn 0.000000 -0.000000 -1.000000
v 73.750000 101.900000 30.000000
vt 1.000000 1.000000
vn 0.000000 -0.000000 -1.000000
v 73.750000 103.900000 30.000000
vt 0.000000 1.000000
vn 0.000000 -0.000000 -1.000000
f 5015/5015/5015 5016/5016/5016 5017/5017/5017
f 5015/5015/5015 5017/5017/5017 5018/5018/5018
v 73.750000 103.900000 30.000000
vt 0.000000 0.000000
vn -1.000000 0.000000 0.000000
v 73.750000 101.900000 30.000000
vt 1.000000 0.000000
vn -1.000000 0.000000 0.000000
v 73.750000 95.000000 37.500000
vt 1.000000 1.000000
vn -1.000000 0.000000 0.000000
v 73.750000 97.000000 37.500000
vt 0.000000 1.000000
vn -1.000000 0.000000 0.000000
f 5019/5019/5019 5020/5020/5020 5021/5021/5021
f 5019/5019/5019 5021/5021/5021 5022/5022/5022
v -97.750000 90.100000 45.000000
vt 0.000000 0.000000
vn -0.000000 0.735931 0.677057
v -86.000000 90.100000 45.000000
vt 1.000000 0.000000
vn -0.000000 0.735931 0.677057
v -86.000000 97.000000 37.500000
vt 1.000000 1.000000
vn -0.000000 0.735931 0.677057
v -97.750000 97.000000 37.500000
vt 0.000000 1.000000
vn -0.000000 0.735931 0.677057
f 5023/5023/5023 5024/5024/5024 5025/5025/5025
f 5023/5023/5023 5025/5025/5025 5026/5026/5026
v -97.750000 95.000000 37.500000
vt 0.000000 0.000000
vn 0.000000 -0.735931 -0.677057
v -86.000000 95.000000 37.500000
vt 1.000000 0.000000
vn 0.000000 -0.735931 -0.677057
v -86.000000 88.100000 45.000000
vt 1.000000 1.000000
vn 0.000000 -0.735931 -0.677057
v -97.750000 88.100000 45.000000
vt 0.000000 1.000000
vn 0.000000 -0.735931 -0.677057
f 5027/5027/5027 5028/5028/5028 5029/5029/5029
f 5027/5027/5027 5029/5029/5029 5030/5030/5030
v -97.750000 90.100000 45.000000
vt 0.000000 0.000000
vn 0.000000 0.000000 1.000000
v -97.750000 88.100000 45.000000
vt 1.000000 0.000000
vn 0.000000 0.000000 1.000000
v -86.000000 88.100000 45.000000
vt 1.000000 1.000000
vn 0.000000 0.000000 1.000000
v -86.000000 90.100000 45.000000
vt 0.000000 1.000000
vn 0.000000 0.000000 1.000000
f 5031/5031/5031 5032/5032/5032 5033/5033/5033
f 5031/5031/5031 5033/5033/5033 5034/5034/5034
v -86.000000 90.100000 45.000000
vt 0.000000 0.000000
vn 1.000000 0.000000 0.000000
v -86.000000 88.100000 45.000000
vt 1.000000 0.000000
vn 1.000000 0.000000 0.000000
v -86.000000 95.000000 37.500000
vt 1.000000 1.000000
vn 1.000000 0.000000 0.000000
v -86.000000 97.000000 37.500000
vt 0.000000 1.000000
vn 1.000000 0.000000 0.000000
f 5035/5035/5035 5036/5036/5036 5037/5037/5037
f 5035/5035/5035 5037/5037/5037 5038/5038/5038
v -86.000000 97.000000 37.500000
vt 0.000000 0.000000
vn 0.000000 -0.000000 -1.000000
v -86.000000 95.000000 37.500000
vt 1.000000 0.000000
vn 0.000000 -0.000000 -1.000000
v -97.750000 95.000000 37.500000
vt 1.000000 1.000000
vn 0.000000 -0.000000 -1.000000
v -97.750000 97.000000 37.500000
vt 0.000000 1.000000
vn 0.000000 -0.000000 -1.000000
f 5039/5039/5039 5040/5040/5040 5041/5041/5041
f 5039/5039/5039 5041/5041/5041 5042/5042/5042
v -97.750000 97.000000 37.500000
vt 0.000000 0.000000
vn -1.000000 0.000000 0.000000
v -97.750000 95.000000 37.500000
vt 1.000000 0.000000
vn -1.000000 0.000000 0.000000
v -97.750000 88.100000 45.000000
vt 1.000000 1.000000
vn -1.000000 0.000000 0.000000
v -97.750000 90.100000 45.000000
vt 0.000000 1.000000
vn -1.000000 0.000000 0.000000
f 5043/5043/5043 5044/5044/5044 5045/5045/5045
f 5043/5043/5043 5045/5045/5045 5046/5046/5046
v -36.500000 90.100000 45.000000
vt 0.000000 0.000000
vn -0.000000 0.735931 0.677057
v -24.750000 90.100000 45.000000
vt 1.000000 0.000000
vn -0.000000 0.735931 0.677057
v -24.750000 97.000000 37.500000
vt 1.000000 1.000000
vn -0.000000 0.735931 0.677057
v -36.500000 97.000000 37.500000
vt 0.000000 1.000000
vn -0.000000 0.735931 0.677057
f 5047/5047/5047 5048/5048/5048 5049/5049/5049
f 5047/5047/5047 5049/5049/5049 5050/5050/5050
v -36.500000 95.000000 37.500000
vt 0.000000 0.000000
vn 0.000000 -0.735931 -0.677057
v -24.750000 95.000000 37.500000
vt 1.000000 0.000000
vn 0.000000 -0.735931 -0.677057
v -24.750000 88.100000 45.000000
vt 1.000000 1.000000
vn 0.000000 -0.735931 -0.677057
v -36.500000 88.100000 45.000000
vt 0.000000 1.000000
vn 0.000000 -0.735931 -0.677057
f 5051/5051/5051 5052/5052/5052 5053/5053/5053
f 5051/5051/5051 5053/5053/5053 5054/5054/5054
v -36.500000 90.100000 45.000000
vt 0.000000 0.000000
vn 0.000000 0.000000 1.000000
v -36.500000 88.100000 45.000000
vt 1.000000 0.000000
vn 0.000000 0.000000 1.000000
v -24.750000 88.100000 45.000000
vt 1.000000 1.000000
vn 0.000000 0.000000 1.000000
v -24.750000 90.100000 45.000000
vt 0.000000 1.000000
vn 0.000000 0.000000 1.000000
f 5055/5055/5055 5056/5056/5056 5057/5057/5057
f 5055/5055/5055 5057/5057/5057 5058/5058/5058
v -24.750000 90.100000 45.000000
vt 0.000000 0.000000
vn 1.000000 0.000000 0.000000
v -24.750000 88.100000 45.000000
vt 1.000000 0.000000
vn 1.000000 0.000000 0.000000
v -24.750000 95.000000 37.500000
vt 1.000000 1.000000
vn 1.000000 0.000000 0.000000
v -24.750000 97.000000 37.500000
vt 0.000000 1.000000
vn 1.000000 0.000000 0.000000
f 5059/5059/5059 5060/5060/5060 5061/5061/5061
f 5059/5059/5059 5061/5061/5061 5062/5062/5062
v -24.750000 97.000000 37.500000
vt 0.000000 0.000000
vn 0.000000 -0.000000 -1.000000
v -24.750000 95.000000 37.500000
vt 1.000000 0.000000
vn 0.000000 -0.000000 -1.000000
v -36.500000 95.000000 37.500000
vt 1.000000 1.000000
vn 0.000000 -0.000000 -1.000000
v -36.500000 97.000000 37.500000
vt 0.000000 1.000000
vn 0.000000 -0.000000 -1.000000
f 5063/5063/5063 5064/5064/5064 5065/5065/5065
f 5063/5063/5063 5065/5065/5065 5066/5066/5066
v -36.500000 97.000000 37.500000
vt 0.000000 0.000000
vn -1.000000 0.000000 0.000000
v -36.500000 95.000000 37.500000
vt 1.000000 0.000000
vn -1.000000 0.000000 0.000000
v -36.500000 88.100000 45.000000
vt 1.000000 1.000000
vn -1.000000 0.000000 0.000000
v -36.500000 90.100000 45.000000
vt 0.000000 1.000000
vn -1.000000 0.000000 0.000000
f 5067/5067/5067 5068/5068/5068 5069/5069/5069
f 5067/5067/5067 5069/5069/5069 5070/5070/5070
v -24.250000 90.100000 45.000000
vt 0.000000 0.000000
vn -0.000000 0.735931 0.677057
v -12.500000 90.100000 45.000000
vt 1.000000 0.000000
vn -0.000000 0.735931 0.677057
v -12.500000 97.000000 37.500000
vt 1.000000 1.000000
vn -0.000000 0.735931 0.677057
v -24.250000 97.000000 37.500000
vt 0.000000 1.000000
vn -0.000000 0.735931 0.677057
f 5071/5071/5071 5072/5072/5072 5073/5073/5073
f 5071/5071/5071 5073/5073/5073 5074/5074/5074
v -24.250000 95.000000 37.500000
vt 0.000000 0.000000
vn 0.000000 -0.735931 -0.677057
v -12.500000 95.000000 37.500000
vt 1.000000 0.000000
vn 0.000000 -0.735931 -0.677057
v -12.500000 88.100000 45.000000
vt 1.000000 1.000000
vn 0.000000 -0.735931 -0.677057
v -24.250000 88.100000 45.000000
vt 0.000000 1.000000
vn 0.000000 -0.735931 -0.677057
f 5075/5075/5075 5076/5076/5076 5077/5077/5077
f 5075/5075/5075 5077/5077/5077 5078/5078/5078
v -24.250000 90.100000 45.000000
vt 0.000000 0.000000
vn 0.000000 0.000000 1.000000
v -24.250000 88.100000 45.000000
vt 1.000000 0.000000
vn 0.000000 0.000000 1.000000
v -12.500000 88.100000 45.000000
vt 1.000000 1.000000
vn 0.000000 0.000000 1.000000
v -12.500000 90.100000 45.000000
vt 0.000000 1.000000
vn 0.000000 0.000000 1.000000
f 5079/5079/5079 5080/5080/5080 5081/5081/5081
f 5079/5079/5079 5081/5081/5081 5082/5082/5082
v -12.500000 90.100000 45.000000
vt 0.000000 0.000000
vn 1.000000 0.000000 0.000000
v -12.500000 88.100000 45.000000
vt 1.000000 0.000000
vn 1.000000 0.000000 0.000000
v -12.500000 95.000000 37.500000
vt 1.000000 1.000000
vn 1.000000 0.000000 0.000000
v -12.500000 97.000000 37.500000
vt 0.000000 1.000000
vn 1.000000 0.000000 0.000000
f 5083/5083/5083 5084/5084/5084 5085/5085/5085
f 5083/5083/5083 5085/5085/5085 5086/5086/5086
v -12.500000 97.000000 37.500000
vt 0.000000 0.000000
vn 0.000000 -0.000000 -1.000000
v -12.500000 95.000000 37.500000
vt 1.000000 0.000000
vn 0.000000 -0.000000 -1.000000
v -24.250000 95.000000 37.500000
vt 1.000000 1.000000
vn 0.000000 -0.000000 -1.000000
v -24.250000 97.000000 37.500000
vt 0.000000 1.000000
vn 0.000000 -0.000000 -1.000000
f 5087/5087/5087 5088/5088/5088 5089/5089/5089
f 5087/5087/5087 5089/5089/5089 5090/5090/5090
v -24.250000 97.000000 37.500000
vt 0.000000 0.000000
vn -1.000000 0.000000 0.000000
v -24.250000 95.000000 37.500000
vt 1.000000 0.000000
vn -1.000000 0.000000 0.000000
v -24.250000 88.100000 45.000000
vt 1.000000 1.000000
vn -1.000000 0.000000 0.000000
v -24.250000 90.100000 45.000000
vt 0.000000 1.000000
vn -1.000000 0.000000 0.000000
f 5091/5091/5091 5092/5092/5092 5093/5093/5093
f 5091/5091/5091 5093/5093/5093 5094/5094/5094
v -12.000000 90.100000 45.000000
vt 0.000000 0.000000
vn -0.000000 0.735931 0.677057
v -0.250000 90.100000 45.000000
vt 1.000000 0.000000
vn -0.000000 0.735931 0.677057
v -0.250000 97.000000 37.500000
vt 1.000000 1.000000
vn -0.000000 0.735931 0.677057
v -12.000000 97.000000 37.500000
vt 0.000000 1.000000
vn -0.000000 0.735931 0.677057
f 5095/5095/5095 5096/5096/5096 5097/5097/5097
f 5095/5095/5095 5097/5097/5097 5098/5098/5098
v -12.000000 95.000000 37.500000
vt 0.000000 0.000000
vn 0.000000 -0.735931 -0.677057
v -0.250000 95.000000 37.500000
vt 1.000000 0.000000
vn 0.000000 -0.735931 -0.677057
v -0.250000 88.100000 45.000000
vt 1.000000 1.000000
vn 0.000000 -0.735931 -0.677057
v -12.000000 88.100000 45.000000
vt 0.000000 1.000000
vn 0.000000 -0.735931 -0.677057
f 5099/5099/5099 5100/5100/5100 5101/5101/5101
f 5099/5099/5099 5101/5101/5101 5102/5102/5102
v -12.000000 90.100000 45.000000
vt 0.000000 0.000000
vn 0.000000 0.000000 1.000000
v -12.000000 88.100000 45.000000
vt 1.000000 0.000000
vn 0.000000 0.000000 1.000000
v -0.250000 88.100000 45.000000
vt 1.000000 1.000000
vn 0.000000 0.000000 1.000000
v -0.250000 90.100000 45.000000
vt 0.000000 1.000000
vn 0.000000 0.000000 1.000000
f 5103/5103/5103 5104/5104/5104 5105/5105/5105
f 5103/5103/5103 5105/5105/5105 5106/5106/5106
v -0.250000 90.100000 45.000000
vt 0.000000 0.000000
vn 1.000000 0.000000 0.000000
v -0.250000 88.100000 45.000000
vt 1.000000 0.000000
vn 1.000000 0.000000 0.000000
v -0.250000 95.000000 37.500000
vt 1.000000 1.000000
vn 1.000000 0.000000 0.000000
v -0.250000 97.000000 37.500000
vt 0.000000 1.000000
vn 1.000000 0.000000 0.000000
f 5107/5107/5107 5108/5108/5108 5109/5109/5109
f 5107/5107/5107 5109/5109/5109 5110/5110/5110
v -0.250000 97.000000 37.500000
vt 0.000000 0.000000
vn 0.000000 -0.000000 -1.000000
v -0.250000 95.000000 37.500000
vt 1.000000 0.000000
vn 0.000000 -0.000000 -1.000000
v -12.000000 95.000000 37.500000
vt 1.000000 1.000000
vn 0.000000 -0.000000 -1.000000
v -12.000000 97.000000 37.500000
vt 0.000000 1.000000
vn 0.000000 -0.000000 -1.000000
f 5111/5111/5111 5112/5112/5112 5113/5113/5113
f 5111/5111/5111 5113/5113/5113 5114/5114/5114
v -12.000000 97.000000 37.500000
vt 0.000000 0.000000
vn -1.000000 0.000000 0.000000
v -12.000000 95.000000 37.500000
vt 1.000000 0.000000
vn -1.000000 0.000000 0.000000
v -12.000000 88.100000 45.000000
vt 1.000000 1.000000
vn -1.000000 0.000000 0.000000
v -12.000000 90.100000 45.000000
vt 0.000000 1.000000
vn -1.000000 0.000000 0.000000
f 5115/5115/5115 5116/5116/5116 5117/5117/5117
f 5115/5115/5115 5117/5117/5117 5118/5118/5118
v 0.250000 90.100000 45.000000
vt 0.000000 0.000000
vn -0.000000 0.735931 0.677057
v 12.000000 90.100000 45.000000
vt 1.000000 0.000000
vn -0.000000 0.735931 0.677057
v 12.000000 97.000000 37.500000
vt 1.000000 1.000000
vn -0.000000 0.735931 0.677057
v 0.250000 97.000000 37.500000
vt 0.000000 1.000000
vn -0.000000 0.735931 0.677057
f 5119/5119/5119 5120/5120/5120 5121/5121/5121
f 5119/5119/5119 5121/5121/5121 5122/5122/5122
v 0.250000 95.000000 37.500000
vt 0.000000 0.000000
vn 0.000000 -0.735931 -0.677057
v 12.000000 95.000000 37.500000
vt 1.000000 0.000000
vn 0.000000 -0.735931 -0.677057
v 12.000000 88.100000 45.000000
vt 1.000000 1.000000
vn 0.000000 -0.735931 -0.677057
v 0.250000 88.100000 45.000000
vt 0.000000 1.000000
vn 0.000000 -0.735931 -0.677057
f 5123/5123/5123 5124/5124/5124 5125/5125/5125
f 5123/5123/5123 5125/5125/5125 5126/5126/5126
v 0.250000 90.100000 45.000000
vt 0.000000 0.000000
vn 0.000000 0.000000 1.000000
v 0.250000 88.100000 45.000000
vt 1.000000 0.000000
vn 0.000000 0.000000 1.000000
v 12.000000 88.100000 45.000000
vt 1.000000 1.000000
vn 0.000000 0.000000 1.000000
v 12.000000 90.100000 45.000000
vt 0.000000 1.000000
vn 0.000000 0.000000 1.000000
f 5127/5127/5127 5128/5128/5128 5129/5129/5129
f 5127/5127/5127 5129/5129/5129 5130/5130/5130
v 12.000000 90.100000 45.000000
vt 0.000000 0.000000
vn 1.000000 0.000000 0.000000
v 12.000000 88.100000 45.000000
vt 1.000000 0.000000
vn 1.000000 0.000000 0.000000
v 12.000000 95.000000 37.500000
vt 1.000000 1.000000
vn 1.000000 0.000000 0.000000
v 12.000000 97.000000 37.500000
vt 0.000000 1.000000
vn 1.000000 0.000000 0.000000
f 5131/5131/5131 5132/5132/5132 5133/5133/5133
f 5131/5131/5131 5133/5133/5133 5134/5134/5134
v 12.000000 97.000000 37.500000
vt 0.000000 0.000000
vn 0.000000 -0.000000 -1.000000
v 12.000000 95.000000 37.500000
vt 1.000000 0.000000
vn 0.000000 -0.000000 -1.000000
v 0.250000 95.000000 37.500000
vt 1.000000 1.000000
vn 0.000000 -0.000000 -1.000000
v 0.250000 97.000000 37.500000
vt 0.000000 1.000000
vn 0.000000 -0.000000 -1.000000
f 5135/5135/5135 5136/5136/5136 5137/5137/5137
f 5135/5135/5135 5137/5137/5137 5138/5138/5138
v 0.250000 97.000000 37.500000
vt 0.000000 0.000000
vn -1.000000 0.000000 0.000000
v 0.250000 95.000000 37.500000
vt 1.000000 0.000000
vn -1.000000 0.000000 0.000000
v 0.250000 88.100000 45.000000
vt 1.000000 1.000000
vn -1.000000 0.000000 0.000000
v 0.250000 90.100000 45.000000
vt 0.000000 1.000000
vn -1.000000 0.000000 0.000000
f 5139/5139/5139 5140/5140/5140 5141/5141/5141
f 5139/5139/5139 5141/5141/5141 5142/5142/5142
v 12.500000 90.100000 45.000000
vt 0.000000 0.000000
vn -0.000000 0.735931 0.677057
v 24.250000 90.100000 45.000000
vt 1.000000 0.000000
vn -0.000000 0.735931 0.677057
v 24.250000 97.000000 37.500000
vt 1.000000 1.000000
vn -0.000000 0.735931 0.677057
v 12.500000 97.000000 37.500000
vt 0.000000 1.000000
vn -0.000000 0.735931 0.677057
f 5143/5143/5143 5144/5144/5144 5145/5145/5145
f 5143/5143/5143 5145/5145/5145 5146/5146/5146
v 12.500000 95.000000 37.500000
vt 0.000000 0.000000
vn 0.000000 -0.735931 -0.677057
v 24.250000 95.000000 37.500000
vt 1.000000 0.000000
vn 0.000000 -0.735931 -0.677057
v 24.250000 88.100000 45.000000
vt 1.000000 1.000000
vn 0.000000 -0.735931 -0.677057
v 12.500000 88.100000 45.000000
vt 0.000000 1.000000
vn 0.000000 -0.735931 -0.677057
f 5147/5147/5147 5148/5148/5148 5149/5149/5149
f 5147/5147/5147 5149/5149/5149 5150/5150/5150
v 12.500000 90.100000 45.000000
vt 0.000000 0.000000
vn 0.000000 0.000000 1.000000
v 12.500000 88.100000 45.000000
vt 1.000000 0.000000
vn 0.000000 0.000000 1.000000
v 24.250000 88.100000 45.000000
vt 1.000000 1.000000
vn 0.000000 0.000000 1.000000
v 24.250000 90.100000 45.000000
vt 0.000000 1.000000
vn 0.000000 0.000000 1.000000
f 5151/5151/5151 5152/5152/5152 5153/5153/5153
f 5151/5151/5151 5153/5153/5153 5154/5154/5154
v 24.250000 90.100000 45.000000
vt 0.000000 0.000000
vn 1.000000 0.000000 0.000000
v 24.250000 88.100000 45.000000
vt 1.000000 0.000000
vn 1.000000 0.000000 0.000000
v 24.250000 95.000000 37.500000
vt 1.000000 1.000000
vn 1.000000 0.000000 0.000000
v 24.250000 97.000000 37.500000
vt 0.000000 1.000000
vn 1.000000 0.000000 0.000000
f 5155/5155/5155 5156/5156/5156 5157/5157/5157
f 5155/5155/5155 5157/5157/5157 5158/5158/5158
v 24.250000 97.000000 37.500000
vt 0.000000 0.000000
vn 0.000000 -0.000000 -1.000000
v 24.250000 95.000000 37.500000
vt 1.000000 0.000000
vn 0.000000 -0.000000 -1.000000
v 12.500000 95.000000 37.500000
vt 1.000000 1.000000
vn 0.000000 -0.000000 -1.000000
v 12.500000 97.000000 37.500000
vt 0.000000 1.000000
vn 0.000000 -0.000000 -1.000000
f 5159/5159/5159 5160/5160/5160 5161/5161/5161
f 5159/5159/5159 5161/5161/5161 5162/5162/5162
v 12.500000 97.000000 37.500000
vt 0.000000 0.000000
vn -1.000000 0.000000 0.000000
v 12.500000 95.000000 37.500000
vt 1.000000 0.000000
vn -1.000000 0.000000 0.000000
v 12.500000 88.100000 45.000000
vt 1.000000 1.000000
vn -1.000000 0.000000 0.000000
v 12.500000 90.100000 45.000000
vt 0.000000 1.000000
vn -1.000000 0.000000 0.000000
f 5163/5163/5163 5164/5164/5164 5165/5165/5165
f 5163/5163/5163 5165/5165/5165 5166/5166/5166
v 24.750000 90.100000 45.000000
vt 0.000000 0.000000
vn -0.000000 0.735931 0.677057
v 36.500000 90.100000 45.000000
vt 1.000000 0.000000
vn -0.000000 0.735931 0.677057
v 36.500000 97.000000 37.500000
vt 1.000000 1.000000
vn -0.000000 0.735931 0.677057
v 24.750000 97.000000 37.500000
vt 0.000000 1.000000
vn -0.000000 0.735931 0.677057
f 5167/5167/5167 5168/5168/5168 5169/5169/5169
f 5167/5167/5167 5169/5169/5169 5170/5170/5170
v 24.750000 95.000000 37.500000
vt 0.000000 0.000000
vn 0.000000 -0.735931 -0.677057
v 36.500000 95.000000 37.500000
vt 1.000000 0.000000
vn 0.000000 -0.735931 -0.677057
v 36.500000 88.100000 45.000000
vt 1.000000 1.000000
vn 0.000000 -0.735931 -0.677057
v 24.750000 88.100000 45.000000
vt 0.000000 1.000000
vn 0.000000 -0.735931 -0.677057
f 5171/5171/5171 5172/5172/5172 5173/5173/5173
f 5171/5171/5171 5173/5173/5173 5174/5174/5174
v 24.750000 90.100000 45.000000
vt 0.000000 0.000000
vn 0.000000 0.000000 1.000000
v 24.750000 88.100000 45.000000
vt 1.000000 0.000000
vn 0.000000 0.000000 1.000000
v 36.500000 88.100000 45.000000
vt 1.000000 1.000000
vn 0.000000 0.000000 1.000000
v 36.500000 90.100000 45.000000
vt 0.000000 1.000000
vn 0.000000 0.000000 1.000000
f 5175/5175/5175 5176/5176/5176 5177/5177/5177
f 5175/5175/5175 5177/5177/5177 5178/5178/5178
v 36.500000 90.100000 45.000000
vt 0.000000 0.000000
vn 1.000000 0.000000 0.000000
v 36.500000 88.100000 45.000000
vt 1.000000 0.000000
vn 1.000000 0.000000 0.000000
v 36.500000 95.000000 37.500000
vt 1.000000 1.000000
vn 1.000000 0.000000 0.000000
v 36.500000 97.000000 37.500000
vt 0.000000 1.000000
vn 1.000000 0.000000 0.000000
f 5179/5179/5179 5180/5180/5180 5181/5181/5181
f 5179/5179/5179 5181/5181/5181 5182/5182/5182
v 36.500000 97.000000 37.500000
vt 0.000000 0.000000
vn 0.000000 -0.000000 -1.000000
v 36.500000 95.000000 37.500000
vt 1.000000 0.000000
vn 0.000000 -0.000000 -1.000000
v 24.750000 95.000000 37.500000
vt 1.000000 1.000000
vn 0.000000 -0.000000 -1.000000
v 24.750000 97.000000 37.500000
vt 0.000000 1.000000
vn 0.000000 -0.000000 -1.000000
f 5183/5183/5183 5184/5184/5184 5185/5185/5185
f 5183/5183/5183 5185/5185/5185 5186/5186/5186
v 24.750000 97.000000 37.500000
vt 0.000000 0.000000
vn -1.000000 0.000000 0.000000
v 24.750000 95.000000 37.500000
vt 1.000000 0.000000
vn -1.000000 0.000000 0.000000
v 24.750000 88.100000 45.000000
vt 1.000000 1.000000
vn -1.000000 0.000000 0.000000
v 24.750000 90.100000 45.000000
vt 0.000000 1.000000
vn -1.000000 0.000000 0.000000
f 5187/5187/5187 5188/5188/5188 5189/5189/5189
f 5187/5187/5187 5189/5189/5189 5190/5190/5190
v 37.000000 90.100000 45.000000
vt 0.000000 0.000000
vn -0.000000 0.735931 0.677057
v 48.750000 90.100000 45.000000
vt 1.000000 0.000000
vn -0.000000 0.735931 0.677057
v 48.750000 97.000000 37.500000
vt 1.000000 1.000000
vn -0.000000 0.735931 0.677057
v 37.000000 97.000000 37.500000
vt 0.000000 1.000000
vn -0.000000 0.735931 0.677057
f 5191/5191/5191 5192/5192/5192 5193/5193/5193
f 5191/5191/5191 5193/5193/5193 5194/5194/5194
v 37.000000 95.000000 37.500000
vt 0.000000 0.000000
vn 0.000000 -0.735931 -0.677057
v 48.750000 95.000000 37.500000
vt 1.000000 0.000000
vn 0.000000 -0.735931 -0.677057
v 48.750000 88.100000 45.000000
vt 1.000000 1.000000
vn 0.000000 -0.735931 -0.677057
v 37.000000 88.100000 45.000000
vt 0.000000 1.000000
vn 0.000000 -0.735931 -0.677057
f 5195/5195/5195 5196/5196/5196 5197/5197/5197
f 5195/5195/5195 5197/5197/5197 5198/5198/5198
v 37.000000 90.100000 45.000000
vt 0.000000 0.000000
vn 0.000000 0.000000 1.000000
v 37.000000 88.100000 45.000000
vt 1.000000 0.000000
vn 0.000000 0.000000 1.000000
v 48.750000 88.100000 45.000000
vt 1.000000 1.000000
vn 0.000000 0.000000 1.000000
v 48.750000 90.100000 45.000000
vt 0.000000 1.000000
vn 0.000000 0.000000 1.000000
f 5199/5199/5199 5200/5200/5200 5201/5201/5201
f 5199/5199/5199 5201/5201/5201 5202/5202/5202
v 48.750000 90.100000 45.000000
vt 0.000000 0.000000
vn 1.000000 0.000000 0.000000
v 48.750000 88.100000 45.000000
vt 1.000000 0.000000
vn 1.000000 0.000000 0.000000
v 48.750000 95.000000 37.500000
vt 1.000000 1.000000
vn 1.000000 0.000000 0.000000
v 48.750000 97.000000 37.500000
vt 0.000000 1.000000
vn 1.000000 0.000000 0.000000
f 5203/5203/5203 5204/5204/5204 5205/5205/5205
f 5203/5203/5203 5205/5205/5205 5206/5206/5206
v 48.750000 97.000000 37.500000
vt 0.000000 0.000000
vn 0.000000 -0.000000 -1.000000
v 48.750000 95.000000 37.500000
vt 1.000000 0.000000
vn 0.000000 -0.000000 -1.000000
v 37.000000 95.000000 37.500000
vt 1.000000 1.000000
vn 0.000000 -0.000000 -1.000000
v 37.000000 97.000000 37.500000
vt 0.000000 1.000000
vn 0.000000 -0.000000 -1.000000
f 5207/5207/5207 5208/5208/5208 5209/5209/5209
f 5207/5207/5207 5209/5209/5209 5210/5210/5210
v 37.000000 97.000000 37.500000
vt 0.000000 0.000000
vn -1.000000 0.000000 0.000000
v 37.000000 95.000000 37.500000
vt 1.000000 0.000000
vn -1.000000 0.000000 0.000000
v 37.000000 88.100000 45.000000
vt 1.000000 1.000000
vn -1.000000 0.000000 0.000000
v 37.000000 90.100000 45.000000
vt 0.000000 1.000000
vn -1.000000 0.000000 0.000000
f 5211/5211/5211 5212/5212/5212 5213/5213/5213
f 5211/5211/5211 5213/5213/5213 5214/5214/5214
v -73.250000 83.200000 52.500000
vt 0.000000 0.000000
vn -0.000000 0.735931 0.677057
v -61.500000 83.200000 52.500000
vt 1.000000 0.000000
vn -0.000000 0.735931 0.677057
v -61.500000 90.100000 45.000000
vt 1.000000 1.000000
vn -0.000000 0.735931 0.677057
v -73.250000 90.100000 45.000000
vt 0.000000 1.000000
vn -0.000000 0.735931 0.677057
f 5215/5215/5215 5216/5216/5216 5217/5217/5217
f 5215/5215/5215 5217/5217/5217 5218/5218/5218
v -73.250000 88.100000 45.000000
vt 0.000000 0.000000
vn 0.000000 -0.735931 -0.677057
v -61.500000 88.100000 45.000000
vt 1.000000 0.000000
vn 0.000000 -0.735931 -0.677057
v -61.500000 81.200000 52.500000
vt 1.000000 1.000000
vn 0.000000 -0.735931 -0.677057
v -73.250000 81.200000 52.500000
vt 0.000000 1.000000
vn 0.000000 -0.735931 -0.677057
f 5219/5219/5219 5220/5220/5220 5221/5221/5221
f 5219/5219/5219 5221/5221/5221 5222/5222/5222
v -73.250000 83.200000 52.500000
vt 0.000000 0.000000
vn 0.000000 0.000000 1.000000
v -73.250000 81.200000 52.500000
vt 1.000000 0.000000
vn 0.000000 0.000000 1.000000
v -61.500000 81.200000 52.500000
vt 1.000000 1.000000
vn 0.000000 0.000000 1.000000
v -61.500000 83.200000 52.500000
vt 0.000000 1.000000
vn 0.000000 0.000000 1.000000
f 5223/5223/5223 5224/5224/5224 5225/5225/5225
f 5223/5223/5223 5225/5225/5225 5226/5226/5226
v -61.500000 83.200000 52.500000
vt 0.000000 0.000000
vn 1.000000 0.000000 0.000000
v -61.500000 81.200000 52.500000
vt 1.000000 0.000000
vn 1.000000 0.000000 0.000000
v -61.500000 88.100000 45.000000
vt 1.000000 1.000000
vn 1.000000 0.000000 0.000000
v -61.500000 90.100000 45.000000
vt 0.000000 1.000000
vn 1.000000 0.000000 0.000000
f 5227/5227/5227 5228/5228/5228 5229/5229/5229
f 5227/5227/5227 5229/5229/5229 5230/5230/5230
v -61.500000 90.100000 45.000000
vt 0.000000 0.000000
vn 0.000000 -0.000000 -1.000000
v -61.500000 88.100000 45.000000
vt 1.000000 0.000000
vn 0.000000 -0.000000 -1.000000
v -73.250000 88.100000 45.000000
vt 1.000000 1.000000
vn 0.000000 -0.000000 -1.000000
v -73.250000 90.100000 45.000000
vt 0.000000 1.000000
vn 0.000000 -0.000000 -1.000000
f 5231/5231/5231 5232/5232/5232 5233/5233/5233
f 5231/5231/5231 5233/5233/5233 5234/5234/5234
v -73.250000 90.100000 45.000000
vt 0.000000 0.000000
vn -1.000000 0.000000 0.000000
v -73.250000 88.100000 45.000000
vt 1.000000 0.000000
vn -1.000000 0.000000 0.000000
v -73.250000 81.200000 52.500000
vt 1.000000 1.000000
vn -1.000000 0.000000 0.000000
v -73.250000 83.200000 52.500000
vt 0.000000 1.000000
vn -1.000000 0.000000 0.000000
f 5235/5235/5235 5236/5236/5236 5237/5237/5237
f 5235/5235/5235 5237/5237/5237 5238/5238/5238
v -61.000000 83.200000 52.500000
vt 0.000000 0.000000
vn -0.000000 0.735931 0.677057
v -49.250000 83.200000 52.500000
vt 1.000000 0.000000
vn -0.000000 0.735931 0.677057
v -49.250000 90.100000 45.000000
vt 1.000000 1.000000
vn -0.000000 0.735931 0.677057
v -61.000000 90.100000 45.000000
vt 0.000000 1.000000
vn -0.000000 0.735931 0.677057
f 5239/5239/5239 5240/5240/5240 5241/5241/5241
f 5239/5239/5239 5241/5241/5241 5242/5242/5242
v -61.000000 88.100000 45.000000
vt 0.000000 0.000000
vn 0.000000 -0.735931 -0.677057
v -49.250000 88.100000 45.000000
vt 1.000000 0.000000
vn 0.000000 -0.735931 -0.677057
v -49.250000 81.200000 52.500000
vt 1.000000 1.000000
vn 0.000000 -0.735931 -0.677057
v -61.000000 81.200000 52.500000
vt 0.000000 1.000000
vn 0.000000 -0.735931 -0.677057
f 5243/5243/5243 5244/5244/5244 5245/5245/5245
f 5243/5243/5243 5245/5245/5245 5246/5246/5246
v -61.000000 83.200000 52.500000
vt 0.000000 0.000000
vn 0.000000 0.000000 1.000000
v -61.000000 81.200000 52.500000
vt 1.000000 0.000000
vn 0.000000 0.000000 1.000000
v -49.250000 81.200000 52.500000
vt 1.000000 1.000000
vn 0.000000 0.000000 1.000000
v -49.250000 83.200000 52.500000
vt 0.000000 1.000000
vn 0.000000 0.000000 1.000000
f 5247/5247/5247 5248/5248/5248 5249/5249/5249
f 5247/5247/5247 5249/5249/5249 5250/5250/5250
v -49.250000 83.200000 52.500000
vt 0.000000 0.000000
vn 1.000000 0.000000 0.000000
v -49.250000 81.200000 52.500000
vt 1.000000 0.000000
vn 1.000000 0.000000 0.000000
v -49.250000 88.100000 45.000000
vt 1.000000 1.000000
vn 1.000000 0.000000 0.000000
v -49.250000 90.100000 45.000000
vt 0.000000 1.000000
vn 1.000000 0.000000 0.000000
f 5251/5251/5251 5252/5252/5252 5253/5253/5253
f 5251/5251/5251 5253/5253/5253 5254/5254/5254
v -49.250000 90.100000 45.000000
vt 0.000000 0.000000
vn 0.000000 -0.000000 -1.000000
v -49.250000 88.100000 45.000000
vt 1.000000 0.000000
vn 0.000000 -0.000000 -1.000000
v -61.000000 88.100000 45.000000
vt 1.000000 1.000000
vn 0.000000 -0.000000 -1.000000
v -61.000000 90.100000 45.000000
vt 0.000000 1.000000
vn 0.000000 -0.000000 -1.000000
f 5255/5255/5255 5256/5256/5256 5257/5257/5257
f 5255/5255/5255 5257/5257/5257 5258/5258/5258
v -61.000000 90.100000 45.000000
vt 0.000000 0.000000
vn -1.000000 0.000000 0.000000
v -61.000000 88.100000 45.000000
vt 1.000000 0.000000
vn -1.000000 0.000000 0.000000
v -61.000000 81.200000 52.500000
vt 1.000000 1.000000
vn -1.000000 0.000000 0.000000
v -61.000000 83.200000 52.500000
vt 0.000000 1.000000
vn -1.000000 0.000000 0.000000
f 5259/5259/5259 5260/5260/5260 5261/5261/5261
f 5259/5259/5259 5261/5261/5261 5262/5262/5262
v -48.750000 83.200000 52.500000
vt 0.000000 0.000000
vn -0.000000 0.735931 0.677057
v -37.000000 83.200000 52.500000
vt 1.000000 0.000000
vn -0.000000 0.735931 0.677057
v -37.000000 90.100000 45.000000
vt 1.000000 1.000000
vn -0.000000 0.735931 0.677057
v -48.750000 90.100000 45.000000
vt 0.000000 1.000000
vn -0.000000 0.735931 0.677057
f 5263/5263/5263 5264/5264/5264 5265/5265/5265
f 5263/5263/5263 5265/5265/5265 5266/5266/5266
v -48.750000 88.100000 45.000000
vt 0.000000 0.000000
vn 0.000000 -0.735931 -0.677057
v -37.000000 88.100000 45.000000
vt 1.000000 0.000000
vn 0.000000 -0.735931 -0.677057
v -37.000000 81.200000 52.500000
vt 1.000000 1.000000
vn 0.000000 -0.735931 -0.677057
v -48.750000 81.200000 52.500000
vt 0.000000 1.000000
vn 0.000000 -0.735931 -0.677057
f 5267/5267/5267 5268/5268/5268 5269/5269/5269
f 5267/5267/5267 5269/5269/5269 5270/5270/5270
v -48.750000 83.200000 52.500000
vt 0.000000 0.000000
vn 0.000000 0.000000 1.000000
v -48.750000 81.200000 52.500000
vt 1.000000 0.000000
vn 0.000000 0.000000 1.000000
v -37.000000 81.200000 52.500000
vt 1.000000 1.000000
vn 0.000000 0.000000 1.000000
v -37.000000 83.200000 52.500000
vt 0.000000 1.000000
vn 0.000000 0.000000 1.000000
f 5271/5271/5271 5272/5272/5272 5273/5273/5273
f 5271/5271/5271 5273/5273/5273 5274/5274/5274
v -37.000000 83.200000 52.500000
vt 0.000000 0.000000
vn 1.000000 0.000000 0.000000
v -37.000000 81.200000 52.500000
vt 1.000000 0.000000
vn 1.000000 0.000000 0.000000
v -37.000000 88.100000 45.000000
vt 1.000000 1.000000
vn 1.000000 0.000000 0.000000
v -37.000000 90.100000 45.000000
vt 0.000000 1.000000
vn 1.000000 0.000000 0.000000
f 5275/5275/5275 5276/5276/5276 5277/5277/5277
f 5275/5275/5275 5277/5277/5277 5278/5278/5278
v -37.000000 90.100000 45.000000
vt 0.000000 0.000000
vn 0.000000 -0.000000 -1.000000
v -37.000000 88.100000 45.000000
vt 1.000000 0.000000
vn 0.000000 -0.000000 -1.000000
v -48.750000 88.100000 45.000000
vt 1.000000 1.000000
vn 0.000000 -0.000000 -1.000000
v -48.750000 90.100000 45.000000
vt 0.000000 1.000000
vn 0.000000 -0.000000 -1.000000
f 5279/5279/5279 5280/5280/5280 5281/5281/5281
f 5279/5279/5279 5281/5281/5281 5282/5282/5282
v -48.750000 90.100000 45.000000
vt 0.000000 0.000000
vn -1.000000 0.000000 0.000000
v -48.750000 88.100000 45.000000
vt 1.000000 0.000000
vn -1.000000 0.000000 0.000000
v -48.750000 81.200000 52.500000
vt 1.000000 1.000000
vn -1.000000 0.000000 0.000000
v -48.750000 83.200000 52.500000
vt 0.000000 1.000000
vn -1.000000 0.000000 0.000000
f 5283/5283/5283 5284/5284/5284 5285/5285/5285
f 5283/5283/5283 5285/5285/5285 5286/5286/5286
v -36.500000 83.200000 52.500000
vt 0.000000 0.000000
vn -0.000000 0.735931 0.677057
v -24.750000 83.200000 52.500000
vt 1.000000 0.000000
vn -0.000000 0.735931 0.677057
v -24.750000 90.100000 45.000000
vt 1.000000 1.000000
vn -0.000000 0.735931 0.677057
v -36.500000 90.100000 45.000000
vt 0.000000 1.000000
vn -0.000000 0.735931 0.677057
f 5287/5287/5287 5288/5288/5288 5289/5289/5289
f 5287/5287/5287 5289/5289/5289 5290/5290/5290
v -36.500000 88.100000 45.000000
vt 0.000000 0.000000
vn 0.000000 -0.735931 -0.677057
v -24.750000 88.100000 45.000000
vt 1.000000 0.000000
vn 0.000000 -0.735931 -0.677057
v -24.750000 81.200000 52.500000
vt 1.000000 1.000000
vn 0.000000 -0.735931 -0.677057
v -36.500000 81.200000 52.500000
vt 0.000000 1.000000
vn 0.000000 -0.735931 -0.677057
f 5291/5291/5291 5292/5292/5292 5293/5293/5293
f 5291/5291/5291 5293/5293/5293 5294/5294/5294
v -36.500000 83.200000 52.500000
vt 0.000000 0.000000
vn 0.000000 0.000000 1.000000
v -36.500000 81.200000 52.500000
vt 1.000000 0.000000
vn 0.000000 0.000000 1.000000
v -24.750000 81.200000 52.500000
vt 1.000000 1.000000
vn 0.000000 0.000000 1.000000
v -24.750000 83.200000 52.500000
vt 0.000000 1.000000
vn 0.000000 0.000000 1.000000
f 5295/5295/5295 5296/5296/5296 5297/5297/5297
f 5295/5295/5295 5297/5297/5297 5298/5298/5298
v -24.750000 83.200000 52.500000
vt 0.000000 0.000000
vn 1.000000 0.000000 0.000000
v -24.750000 81.200000 52.500000
vt 1.000000 0.000000
vn 1.000000 0.000000 0.000000
v -24.750000 88.100000 45.000000
vt 1.000000 1.000000
vn 1.000000 0.000000 0.000000
v -24.750000 90.100000 45.000000
vt 0.000000 1.000000
vn 1.000000 0.000000 0.000000
f 5299/5299/5299 5300/5300/5300 5301/5301/5301
f 5299/5299/5299 5301/5301/5301 5302/5302/5302
v -24.750000 90.100000 45.000000
vt 0.000000 0.000000
vn 0.000000 -0.000000 -1.000000
v -24.750000 88.100000 45.000000
vt 1.000000 0.000000
vn 0.000000 -0.000000 -1.000000
v -36.500000 88.100000 45.000000
vt 1.000000 1.000000
vn 0.000000 -0.000000 -1.000000
v -36.500000 90.100000 45.000000
vt 0.000000 1.000000
vn 0.000000 -0.000000 -1.000000
f 5303/5303/5303 5304/5304/5304 5305/5305/5305
f 5303/5303/5303 5305/5305/5305 5306/5306/5306
v -36.500000 90.100000 45.000000
vt 0.000000 0.000000
vn -1.000000 0.000000 0.000000
v -36.500000 88.100000 45.000000
vt 1.000000 0.000000
vn -1.000000 0.000000 0.000000
v -36.500000 81.200000 52.500000
vt 1.000000 1.000000
vn -1.000000 0.000000 0.000000
v -36.500000 83.200000 52.500000
vt 0.000000 1.000000
vn -1.000000 0.000000 0.000000
f 5307/5307/5307 5308/5308/5308 5309/5309/5309
f 5307/5307/5307 5309/5309/5309 5310/5310/5310
v 0.250000 83.200000 52.500000
vt 0.000000 0.000000
vn -0.000000 0.735931 0.677057
v 12.000000 83.200000 52.500000
vt 1.000000 0.000000
vn -0.000000 0.735931 0.677057
v 12.000000 90.100000 45.000000
vt 1.000000 1.000000
vn -0.000000 0.735931 0.677057
v 0.250000 90.100000 45.000000
vt 0.000000 1.000000
vn -0.000000 0.735931 0.677057
f 5311/5311/5311 5312/5312/5312 5313/5313/5313
f 5311/5311/5311 5313/5313/5313 5314/5314/5314
v 0.250000 88.100000 45.000000
vt 0.000000 0.000000
vn 0.000000 -0.735931 -0.677057
v 12.000000 88.100000 45.000000
vt 1.000000 0.000000
vn 0.000000 -0.735931 -0.677057
v 12.000000 81.200000 52.500000
vt 1.000000 1.000000
vn 0.000000 -0.735931 -0.677057
v 0.250000 81.200000 52.500000
vt 0.000000 1.000000
vn 0.000000 -0.735931 -0.677057
f 5315/5315/5315 5316/5316/5316 5317/5317/5317
f 5315/5315/5315 5317/5317/5317 5318/5318/5318
v 0.250000 83.200000 52.500000
vt 0.000000 0.000000
vn 0.000000 0.000000 1.000000
v 0.250000 81.200000 52.500000
vt 1.000000 0.000000
vn 0.000000 0.000000 1.000000
v 12.000000 81.200000 52.500000
vt 1.000000 1.000000
vn 0.000000 0.000000 1.000000
v 12.000000 83.200000 52.500000
vt 0.000000 1.000000
vn 0.000000 0.000000 1.000000
f 5319/5319/5319 5320/5320/5320 5321/5321/5321
f 5319/5319/5319 5321/5321/5321 5322/5322/5322
v 12.000000 83.200000 52.500000
vt 0.000000 0.000000
vn 1.000000 0.000000 0.000000
v 12.000000 81.200000 52.500000
vt 1.000000 0.000000
vn 1.000000 0.000000 0.000000
v 12.000000 88.100000 45.000000
vt 1.000000 1.000000
vn 1.000000 0.000000 0.000000
v 12.000000 90.100000 45.000000
vt 0.000000 1.000000
vn 1.000000 0.000000 0.000000
f 5323/5323/5323 5324/5324/5324 5325/5325/5325
f 5323/5323/5323 5325/5325/5325 5326/5326/5326
v 12.000000 90.100000 45.000000
vt 0.000000 0.000000
vn 0.000000 -0.000000 -1.000000
v 12.000000 88.100000 45.000000
vt 1.000000 0.000000
vn 0.000000 -0.000000 -1.000000
v 0.250000 88.100000 45.000000
vt 1.000000 1.000000
vn 0.000000 -0.000000 -1.000000
v 0.250000 90.100000 45.000000
vt 0.000000 1.000000
vn 0.000000 -0.000000 -1.000000
f 5327/5327/5327 5328/5328/5328 5329/5329/5329
f 5327/5327/5327 5329/5329/5329 5330/5330/5330
v 0.250000 90.100000 45.000000
vt 0.000000 0.000000
vn -1.000000 0.000000 0.000000
v 0.250000 88.100000 45.000000
vt 1.000000 0.000000
vn -1.000000 0.000000 0.000000
v 0.250000 81.200000 52.500000
vt 1.000000 1.000000
vn -1.000000 0.000000 0.000000
v 0.250000 83.200000 52.500000
vt 0.000000 1.000000
vn -1.000000 0.000000 0.000000
f 5331/5331/5331 5332/5332/5332 5333/5333/5333
f 5331/5331/5331 5333/5333/5333 5334/5334/5334
v 12.500000 83.200000 52.500000
vt 0.000000 0.000000
vn -0.000000 0.735931 0.677057
v 24.250000 83.200000 52.500000
vt 1.000000 0.000000
vn -0.000000 0.735931 0.677057
v 24.250000 90.100000 45.000000
vt 1.000000 1.000000
vn -0.000000 0.735931 0.677057
v 12.500000 90.100000 45.000000
vt 0.000000 1.000000
vn -0.000000 0.735931 0.677057
f 5335/5335/5335 5336/5336/5336 5337/5337/5337
f 5335/5335/5335 5337/5337/5337 5338/5338/5338
v 12.500000 88.100000 45.000000
vt 0.000000 0.000000
vn 0.000000 -0.735931 -0.677057
v 24.250000 88.100000 45.000000
vt 1.000000 0.000000
vn 0.000000 -0.735931 -0.677057
v 24.250000 81.200000 52.500000
vt 1.000000 1.000000
vn 0.000000 -0.735931 -0.677057
v 12.500000 81.200000 52.500000
vt 0.000000 1.000000
vn 0.000000 -0.735931 -0.677057
f 5339/5339/5339 5340/5340/5340 5341/5341/5341
f 5339/5339/5339 5341/5341/5341 5342/5342/5342
v 12.500000 83.200000 52.500000
vt 0.000000 0.000000
vn 0.000000 0.000000 1.000000
v 12.500000 81.200000 52.500000
vt 1.000000 0.000000
vn 0.000000 0.000000 1.000000
v 24.250000 81.200000 52.500000
vt 1.000000 1.000000
vn 0.000000 0.000000 1.000000
v 24.250000 83.200000 52.500000
vt 0.000000 1.000000
vn 0.000000 0.000000 1.000000
f 5343/5343/5343 5344/5344/5344 5345/5345/5345
f 5343/5343/5343 5345/5345/5345 5346/5346/5346
v 24.250000 83.200000 52.500000
vt 0.000000 0.000000
vn 1.000000 0.000000 0.000000
v 24.250000 81.200000 52.500000
vt 1.000000 0.000000
vn 1.000000 0.000000 0.000000
v 24.250000 88.100000 45.000000
vt 1.000000 1.000000
vn 1.000000 0.000000 0.000000
v 24.250000 90.100000 45.000000
vt 0.000000 1.000000
vn 1.000000 0.000000 0.000000
f 5347/5347/5347 5348/5348/5348 5349/5349/5349
f 5347/5347/5347 5349/5349/5349 5350/5350/5350
v 24.250000 90.100000 45.000000
vt 0.000000 0.000000
vn 0.000000 -0.000000 -1.000000
v 24.250000 88.100000 45.000000
vt 1.000000 0.000000
vn 0.000000 -0.000000 -1.000000
v 12.500000 88.100000 45.000000
vt 1.000000 1.000000
vn 0.000000 -0.000000 -1.000000
v 12.500000 90.100000 45.000000
vt 0.000000 1.000000
vn 0.000000 -0.000000 -1.000000
f 5351/5351/5351 5352/5352/5352 5353/5353/5353
f 5351/5351/5351 5353/5353/5353 5354/5354/5354
v 12.500000 90.100000 45.000000
vt 0.000000 0.000000
vn -1.000000 0.000000 0.000000
v 12.500000 88.100000 45.000000
vt 1.000000 0.000000
vn -1.000000 0.000000 0.000000
v 12.500000 81.200000 52.500000
vt 1.000000 1.000000
vn -1.000000 0.000000 0.000000
v 12.500000 83.200000 52.500000
vt 0.000000 1.000000
vn -1.000000 0.000000 0.000000
f 5355/5355/5355 5356/5356/5356 5357/5357/5357
f 5355/5355/5355 5357/5357/5357 5358/5358/5358
v 24.750000 83.200000 52.500000
vt 0.000000 0.000000
vn -0.000000 0.735931 0.677057
v 36.500000 83.200000 52.500000
vt 1.000000 0.000000
vn -0.000000 0.735931 0.677057
v 36.500000 90.100000 45.000000
vt 1.000000 1.000000
vn -0.000000 0.735931 0.677057
v 24.750000 90.100000 45.000000
vt 0.000000 1.000000
vn -0.000000 0.735931 0.677057
f 5359/5359/5359 5360/5360/5360 5361/5361/5361
f 5359/5359/5359 5361/5361/5361 5362/5362/5362
v 24.750000 88.100000 45.000000
vt 0.000000 0.000000
vn 0.000000 -0.735931 -0.677057
v 36.500000 88.100000 45.000000
vt 1.000000 0.000000
vn 0.000000 -0.735931 -0.677057
v 36.500000 81.200000 52.500000
vt 1.000000 1.000000
vn 0.000000 -0.735931 -0.677057
v 24.750000 81.200000 52.500000
vt 0.000000 1.000000
vn 0.000000 -0.735931 -0.677057
f 5363/5363/5363 5364/5364/5364 5365/5365/5365
f 5363/5363/5363 5365/5365/5365 5366/5366/5366
v 24.750000 83.200000 52.500000
vt 0.000000 0.000000
vn 0.000000 0.000000 1.000000
v 24.750000 81.200000 52.500000
vt 1.000000 0.000000
vn 0.000000 0.000000 1.000000
v 36.500000 81.200000 52.500000
vt 1.000000 1.000000
vn 0.000000 0.000000 1.000000
v 36.500000 83.200000 52.500000
vt 0.000000 1.000000
vn 0.000000 0.000000 1.000000
f 5367/5367/5367 5368/5368/5368 5369/5369/5369
f 5367/5367/5367 5369/5369/5369 5370/5370/5370
v 36.500000 83.200000 52.500000
vt 0.000000 0.000000
vn 1.000000 0.000000 0.000000
v 36.500000 81.200000 52.500000
vt 1.000000 0.000000
vn 1.000000 0.000000 0.000000
v 36.500000 88.100000 45.000000
vt 1.000000 1.000000
vn 1.000000 0.000000 0.000000
v 36.500000 90.100000 45.000000
vt 0.000000 1.000000
vn 1.000000 0.000000 0.000000
f 5371/5371/5371 5372/5372/5372 5373/5373/5373
f 5371/5371/5371 5373/5373/5373 5374/5374/5374
v 36.500000 90.100000 45.000000
vt 0.000000 0.000000
vn 0.000000 -0.000000 -1.000000
v 36.500000 88.100000 45.000000
vt 1.000000 0.000000
vn 0.000000 -0.000000 -1.000000
v 24.750000 88.100000 45.000000
vt 1.000000 1.000000
vn 0.000000 -0.000000 -1.000000
v 24.750000 90.100000 45.000000
vt 0.000000 1.000000
vn 0.000000 -0.000000 -1.000000
f 5375/5375/5375 5376/5376/5376 5377/5377/5377
f 5375/5375/5375 5377/5377/5377 5378/5378/5378
v 24.750000 90.100000 45.000000
vt 0.000000 0.000000
vn -1.000000 0.000000 0.000000
v 24.750000 88.100000 45.000000
vt 1.000000 0.000000
vn -1.000000 0.000000 0.000000
v 24.750000 81.200000 52.500000
vt 1.000000 1.000000
vn -1.000000 0.000000 0.000000
v 24.750000 83.200000 52.500000
vt 0.000000 1.000000
vn -1.000000 0.000000 0.000000
f 5379/5379/5379 5380/5380/5380 5381/5381/5381
f 5379/5379/5379 5381/5381/5381 5382/5382/5382
v 61.500000 83.200000 52.500000
vt 0.000000 0.000000
vn -0.000000 0.735931 0.677057
v 73.250000 83.200000 52.500000
vt 1.000000 0.000000
vn -0.000000 0.735931 0.677057
v 73.250000 90.100000 45.000000
vt 1.000000 1.000000
vn -0.000000 0.735931 0.677057
v 61.500000 90.100000 45.000000
vt 0.000000 1.000000
vn -0.000000 0.735931 0.677057
f 5383/5383/5383 5384/5384/5384 5385/5385/5385
f 5383/5383/5383 5385/5385/5385 5386/5386/5386
v 61.500000 88.100000 45.000000
vt 0.000000 0.000000
vn 0.000000 -0.735931 -0.677057
v 73.250000 88.100000 45.000000
vt 1.000000 0.000000
vn 0.000000 -0.735931 -0.677057
v 73.250000 81.200000 52.500000
vt 1.000000 1.000000
vn 0.000000 -0.735931 -0.677057
v 61.500000 81.200000 52.500000
vt 0.000000 1.000000
vn 0.000000 -0.735931 -0.677057
f 5387/5387/5387 5388/5388/5388 5389/5389/5389
f 5387/5387/5387 5389/5389/5389 5390/5390/5390
v 61.500000 83.200000 52.500000
vt 0.000000 0.000000
vn 0.000000 0.000000 1.000000
v 61.500000 81.200000 52.500000
vt 1.000000 0.000000
vn 0.000000 0.000000 1.000000
v 73.250000 81.200000 52.500000
vt 1.000000 1.000000
vn 0.000000 0.000000 1.000000
v 73.250000 83.200000 52.500000
vt 0.000000 1.000000
vn 0.000000 0.000000 1.000000
f 5391/5391/5391 5392/5392/5392 5393/5393/5393
f 5391/5391/5391 5393/5393/5393 5394/5394/5394
v 73.250000 83.200000 52.500000
vt 0.000000 0.000000
vn 1.000000 0.000000 0.000000
v 73.250000 81.200000 52.500000
vt 1.000000 0.000000
vn 1.000000 0.000000 0.000000
v 73.250000 88.100000 45.000000
vt 1.000000 1.000000
vn 1.000000 0.000000 0.000000
v 73.250000 90.100000 45.000000
vt 0.000000 1.000000
vn 1.000000 0.000000 0.000000
f 5395/5395/5395 5396/5396/5396 5397/5397/5397
f 5395/5395/5395 5397/5397/5397 5398/5398/5398
v 73.250000 90.100000 45.000000
vt 0.000000 0.000000
vn 0.000000 -0.000000 -1.000000
v 73.250000 88.100000 45.000000
vt 1.000000 0.000000
vn 0.000000 -0.000000 -1.000000
v 61.500000 88.100000 45.000000
vt 1.000000 1.000000
vn 0.000000 -0.000000 -1.000000
v 61.500000 90.100000 45.000000
vt 0.000000 1.000000
vn 0.000000 -0.000000 -1.000000
f 5399/5399/5399 5400/5400/5400 5401/5401/5401
f 5399/5399/5399 5401/5401/5401 5402/5402/5402
v 61.500000 90.100000 45.000000
vt 0.000000 0.000000
vn -1.000000 0.000000 0.000000
v 61.500000 88.100000 45.000000
vt 1.000000 0.000000
vn -1.000000 0.000000 0.000000
v 61.500000 81.200000 52.500000
vt 1.000000 1.000000
vn -1.000000 0.000000 0.000000
v 61.500000 83.200000 52.500000
vt 0.000000 1.000000
vn -1.000000 0.000000 0.000000
f 5403/5403/5403 5404/5404/5404 5405/5405/5405
f 5403/5403/5403 5405/5405/5405 5406/5406/5406
v 73.750000 83.200000 52.500000
vt 0.000000 0.000000
vn -0.000000 0.735931 0.677057
v 85.500000 83.200000 52.500000
vt 1.000000 0.000000
vn -0.000000 0.735931 0.677057
v 85.500000 90.100000 45.000000
vt 1.000000 1.000000
vn -0.000000 0.735931 0.677057
v 73.750000 90.100000 45.000000
vt 0.000000 1.000000
vn -0.000000 0.735931 0.677057
f 5407/5407/5407 5408/5408/5408 5409/5409/5409
f 5407/5407/5407 5409/5409/5409 5410/5410/5410
v 73.750000 88.100000 45.000000
vt 0.000000 0.000000
vn 0.000000 -0.735931 -0.677057
v 85.500000 88.100000 45.000000
vt 1.000000 0.000000
vn 0.000000 -0.735931 -0.677057
v 85.500000 81.200000 52.500000
vt 1.000000 1.000000
vn 0.000000 -0.735931 -0.677057
v 73.750000 81.200000 52.500000
vt 0.000000 1.000000
vn 0.000000 -0.735931 -0.677057
f 5411/5411/5411 5412/5412/5412 5413/5413/5413
f 5411/5411/5411 5413/5413/5413 5414/5414/5414
v 73.750000 83.200000 52.500000
vt 0.000000 0.000000
vn 0.000000 0.000000 1.000000
v 73.750000 81.200000 52.500000
vt 1.000000 0.000000
vn 0.000000 0.000000 1.000000
v 85.500000 81.200000 52.500000
vt 1.000000 1.000000
vn 0.000000 0.000000 1.000000
v 85.500000 83.200000 52.500000
vt 0.000000 1.000000
vn 0.000000 0.000000 1.000000
f 5415/5415/5415 5416/5416/5416 5417/5417/5417
f 5415/5415/5415 5417/5417/5417 5418/5418/5418
v 85.500000 83.200000 52.500000
vt 0.000000 0.000000
vn 1.000000 0.000000 0.000000
v 85.500000 81.200000 52.500000
vt 1.000000 0.000000
vn 1.000000 0.000000 0.000000
v 85.500000 88.100000 45.000000
vt 1.000000 1.000000
vn 1.000000 0.000000 0.000000
v 85.500000 90.100000 45.000000
vt 0.000000 1.000000
vn 1.000000 0.000000 0.000000
f 5419/5419/5419 5420/5420/5420 5421/5421/5421
f 5419/5419/5419 5421/5421/5421 5422/5422/5422
v 85.500000 90.100000 45.000000
vt 0.000000 0.000000
vn 0.000000 -0.000000 -1.000000
v 85.500000 88.100000 45.000000
vt 1.000000 0.000000
vn 0.000000 -0.000000 -1.000000
v 73.750000 88.100000 45.000000
vt 1.000000 1.000000
vn 0.000000 -0.000000 -1.000000
v 73.750000 90.100000 45.000000
vt 0.000000 1.000000
vn 0.000000 -0.000000 -1.000000
f 5423/5423/5423 5424/5424/5424 5425/5425/5425
f 5423/5423/5423 5425/5425/5425 5426/5426/5426
v 73.750000 90.100000 45.000000
vt 0.000000 0.000000
vn -1.000000 0.000000 0.000000
v 73.750000 88.100000 45.000000
vt 1.000000 0.000000
vn -1.000000 0.000000 0.000000
v 73.750000 81.200000 52.500000
vt 1.000000 1.000000
vn -1.000000 0.000000 0.000000
v 73.750000 83.200000 52.500000
vt 0.000000 1.000000
vn -1.000000 0.000000 0.000000
f 5427/5427/5427 5428/5428/5428 5429/5429/5429
f 5427/5427/5427 5429/5429/5429 5430/5430/5430
v 86.000000 83.200000 52.500000
vt 0.000000 0.000000
vn -0.000000 0.735931 0.677057
v 97.750000 83.200000 52.500000
vt 1.000000 0.000000
vn -0.000000 0.735931 0.677057
v 97.750000 90.100000 45.000000
vt 1.000000 1.000000
vn -0.000000 0.735931 0.677057
v 86.000000 90.100000 45.000000
vt 0.000000 1.000000
vn -0.000000 0.735931 0.677057
f 5431/5431/5431 5432/5432/5432 5433/5433/5433
f 5431/5431/5431 5433/5433/5433 5434/5434/5434
v 86.000000 88.100000 45.000000
vt 0.000000 0.000000
vn 0.000000 -0.735931 -0.677057
v 97.750000 88.100000 45.000000
vt 1.000000 0.000000
vn 0.000000 -0.735931 -0.677057
v 97.750000 81.200000 52.500000
vt 1.000000 1.000000
vn 0.000000 -0.735931 -0.677057
v 86.000000 81.200000 52.500000
vt 0.000000 1.000000
vn 0.000000 -0.735931 -0.677057
f 5435/5435/5435 5436/5436/5436 5437/5437/5437
f 5435/5435/5435 5437/5437/5437 5438/5438/5438
v 86.000000 83.200000 52.500000
vt 0.000000 0.000000
vn 0.000000 0.000000 1.000000
v 86.000000 81.200000 52.500000
vt 1.000000 0.000000
vn 0.000000 0.000000 1.000000
v 97.750000 81.200000 52.500000
vt 1.000000 1.000000
vn 0.000000 0.000000 1.000000
v 97.750000 83.200000 52.500000
vt 0.000000 1.000000
vn 0.000000 0.000000 1.000000
f 5439/5439/5439 5440/5440/5440 5441/5441/5441
f 5439/5439/5439 5441/5441/5441 5442/5442/5442
v 97.750000 83.200000 52.500000
vt 0.000000 0.000000
vn 1.000000 0.000000 0.000000
v 97.750000 81.200000 52.500000
vt 1.000000 0.000000
vn 1.000000 0.000000 0.000000
v 97.750000 88.100000 45.000000
vt 1.000000 1.000000
vn 1.000000 0.000000 0.000000
v 97.750000 90.100000 45.000000
vt 0.000000 1.000000
vn 1.000000 0.000000 0.000000
f 5443/5443/5443 5444/5444/5444 5445/5445/5445
f 5443/5443/5443 5445/5445/5445 5446/5446/5446
v 97.750000 90.100000 45.000000
vt 0.000000 0.000000
vn 0.000000 -0.000000 -1.000000
v 97.750000 88.100000 45.000000
vt 1.000000 0.000000
vn 0.000000 -0.000000 -1.000000
v 86.000000 88.100000 45.000000
vt 1.000000 1.000000
vn 0.000000 -0.000000 -1.000000
v 86.000000 90.100000 45.000000
vt 0.000000 1.000000
vn 0.000000 -0.000000 -1.000000
f 5447/5447/5447 5448/5448/5448 5449/5449/5449
f 5447/5447/5447 5449/5449/5449 5450/5450/5450
v 86.000000 90.100000 45.000000
vt 0.000000 0.000000
vn -1.000000 0.000000 0.000000
v 86.000000 88.100000 45.000000
vt 1.000000 0.000000
vn -1.000000 0.000000 0.000000
v 86.000000 81.200000 52.500000
vt 1.000000 1.000000
vn -1.000000 0.000000 0.000000
v 86.000000 83.200000 52.500000
vt 0.000000 1.000000
vn -1.000000 0.000000 0.000000
f 5451/5451/5451 5452/5452/5452 5453/5453/5453
f 5451/5451/5451 5453/5453/5453 5454/5454/5454
o cottage_roof_dark
usemtl roof_dark
s off
v -12.000000 131.500000 -0.000000
vt 0.000000 0.000000
vn 0.000000 0.735931 -0.677057
v -0.250000 131.500000 -0.000000
vt 1.000000 0.000000
vn 0.000000 0.735931 -0.677057
v -0.250000 124.600000 -7.500000
vt 1.000000 1.000000
vn 0.000000 0.735931 -0.677057
v -12.000000 124.600000 -7.500000
vt 0.000000 1.000000
vn 0.000000 0.735931 -0.677057
f 5455/5455/5455 5456/5456/5456 5457/5457/5457
f 5455/5455/5455 5457/5457/5457 5458/5458/5458
v -12.000000 122.600000 -7.500000
vt 0.000000 0.000000
vn 0.000000 -0.735931 0.677057
v -0.250000 122.600000 -7.500000
vt 1.000000 0.000000
vn 0.000000 -0.735931 0.677057
v -0.250000 129.500000 -0.000000
vt 1.000000 1.000000
vn 0.000000 -0.735931 0.677057
v -12.000000 129.500000 -0.000000
vt 0.000000 1.000000
vn 0.000000 -0.735931 0.677057
f 5459/5459/5459 5460/5460/5460 5461/5461/5461
f 5459/5459/5459 5461/5461/5461 5462/5462/5462
v -12.000000 131.500000 -0.000000
vt 0.000000 0.000000
vn 0.000000 0.000000 1.000000
v -12.000000 129.500000 -0.000000
vt 1.000000 0.000000
vn 0.000000 0.000000 1.000000
v -0.250000 129.500000 -0.000000
vt 1.000000 1.000000
vn 0.000000 0.000000 1.000000
v -0.250000 131.500000 -0.000000
vt 0.000000 1.000000
vn 0.000000 0.000000 1.000000
f 5463/5463/5463 5464/5464/5464 5465/5465/5465
f 5463/5463/5463 5465/5465/5465 5466/5466/5466
v -0.250000 131.500000 -0.000000
vt 0.000000 0.000000
vn 1.000000 0.000000 0.000000
v -0.250000 129.500000 -0.000000
vt 1.000000 0.000000
vn 1.000000 0.000000 0.000000
v -0.250000 122.600000 -7.500000
vt 1.000000 1.000000
vn 1.000000 0.000000 0.000000
v -0.250000 124.600000 -7.500000
vt 0.000000 1.000000
vn 1.000000 0.000000 0.000000
f 5467/5467/5467 5468/5468/5468 5469/5469/5469
f 5467/5467/5467 5469/5469/5469 5470/5470/5470
v -0.250000 124.600000 -7.500000
vt 0.000000 0.000000
vn 0.000000 -0.000000 -1.000000
v -0.250000 122.600000 -7.500000
vt 1.000000 0.000000
vn 0.000000 -0.000000 -1.000000
v -12.000000 122.600000 -7.500000
vt 1.000000 1.000000
vn 0.000000 -0.000000 -1.000000
v -12.000000 124.600000 -7.500000
vt 0.000000 1.000000
vn 0.000000 -0.000000 -1.000000
f 5471/5471/5471 5472/5472/5472 5473/5473/5473
f 5471/5471/5471 5473/5473/5473 5474/5474/5474
v -12.000000 124.600000 -7.500000
vt 0.000000 0.000000
vn -1.000000 0.000000 0.000000
v -12.000000 122.600000 -7.500000
vt 1.000000 0.000000
vn -1.000000 0.000000 0.000000
v -12.000000 129.500000 -0.000000
vt 1.000000 1.000000
vn -1.000000 0.000000 0.000000
v -12.000000 131.500000 -0.000000
vt 0.000000 1.000000
vn -1.000000 0.000000 0.000000
f 5475/5475/5475 5476/5476/5476 5477/5477/5477
f 5475/5475/5475 5477/5477/5477 5478/5478/5478
v 12.500000 131.500000 -0.000000
vt 0.000000 0.000000
vn 0.000000 0.735931 -0.677057
v 24.250000 131.500000 -0.000000
vt 1.000000 0.000000
vn 0.000000 0.735931 -0.677057
v 24.250000 124.600000 -7.500000
vt 1.000000 1.000000
vn 0.000000 0.735931 -0.677057
v 12.500000 124.600000 -7.500000
vt 0.000000 1.000000
vn 0.000000 0.735931 -0.677057
f 5479/5479/5479 5480/5480/5480 5481/5481/5481
f 5479/5479/5479 5481/5481/5481 5482/5482/5482
v 12.500000 122.600000 -7.500000
vt 0.000000 0.000000
vn 0.000000 -0.735931 0.677057
v 24.250000 122.600000 -7.500000
vt 1.000000 0.000000
vn 0.000000 -0.735931 0.677057
v 24.250000 129.500000 -0.000000
vt 1.000000 1.000000
vn 0.000000 -0.735931 0.677057
v 12.500000 129.500000 -0.000000
vt 0.000000 1.000000
vn 0.000000 -0.735931 0.677057
f 5483/5483/5483 5484/5484/5484 5485/5485/5485
f 5483/5483/5483 5485/5485/5485 5486/5486/5486
v 12.500000 131.500000 -0.000000
vt 0.000000 0.000000
vn 0.000000 0.000000 1.000000
v 12.500000 129.500000 -0.000000
vt 1.000000 0.000000
vn 0.000000 0.000000 1.000000
v 24.250000 129.500000 -0.000000
vt 1.000000 1.000000
vn 0.000000 0.000000 1.000000
v 24.250000 131.500000 -0.000000
vt 0.000000 1.000000
vn 0.000000 0.000000 1.000000
f 5487/5487/5487 5488/5488/5488 5489/5489/5489
f 5487/5487/5487 5489/5489/5489 5490/5490/5490
v 24.250000 131.500000 -0.000000
vt 0.000000 0.000000
vn 1.000000 0.000000 0.000000
v 24.250000 129.500000 -0.000000
vt 1.000000 0.000000
vn 1.000000 0.000000 0.000000
v 24.250000 122.600000 -7.500000
vt 1.000000 1.000000
vn 1.000000 0.000000 0.000000
v 24.250000 124.600000 -7.500000
vt 0.000000 1.000000
vn 1.000000 0.000000 0.000000
f 5491/5491/5491 5492/5492/5492 5493/5493/5493
f 5491/5491/5491 5493/5493/5493 5494/5494/5494
v 24.250000 124.600000 -7.500000
vt 0.000000 0.000000
vn 0.000000 -0.000000 -1.000000
v 24.250000 122.600000 -7.500000
vt 1.000000 0.000000
vn 0.000000 -0.000000 -1.000000
v 12.500000 122.600000 -7.500000
vt 1.000000 1.000000
vn 0.000000 -0.000000 -1.000000
v 12.500000 124.600000 -7.500000
vt 0.000000 1.000000
vn 0.000000 -0.000000 -1.000000
f 5495/5495/5495 5496/5496/5496 5497/5497/5497
f 5495/5495/5495 5497/5497/5497 5498/5498/5498
v 12.500000 124.600000 -7.500000
vt 0.000000 0.000000
vn -1.000000 0.000000 0.000000
v 12.500000 122.600000 -7.500000
vt 1.000000 0.000000
vn -1.000000 0.000000 0.000000
v 12.500000 129.500000 -0.000000
vt 1.000000 1.000000
vn -1.000000 0.000000 0.000000
v 12.500000 131.500000 -0.000000
vt 0.000000 1.000000
vn -1.000000 0.000000 0.000000
f 5499/5499/5499 5500/5500/5500 5501/5501/5501
f 5499/5499/5499 5501/5501/5501 5502/5502/5502
v -48.750000 124.600000 -7.500000
vt 0.000000 0.000000
vn 0.000000 0.735931 -0.677057
v -37.000000 124.600000 -7.500000
vt 1.000000 0.000000
vn 0.000000 0.735931 -0.677057
v -37.000000 117.700000 -15.000000
vt 1.000000 1.000000
vn 0.000000 0.735931 -0.677057
v -48.750000 117.700000 -15.000000
vt 0.000000 1.000000
vn 0.000000 0.735931 -0.677057
f 5503/5503/5503 5504/5504/5504 5505/5505/5505
f 5503/5503/5503 5505/5505/5505 5506/5506/5506
v -48.750000 115.700000 -15.000000
vt 0.000000 0.000000
vn 0.000000 -0.735931 0.677057
v -37.000000 115.700000 -15.000000
vt 1.000000 0.000000
vn 0.000000 -0.735931 0.677057
v -37.000000 122.600000 -7.500000
vt 1.000000 1.000000
vn 0.000000 -0.735931 0.677057
v -48.750000 122.600000 -7.500000
vt 0.000000 1.000000
vn 0.000000 -0.735931 0.677057
f 5507/5507/5507 5508/5508/5508 5509/5509/5509
f 5507/5507/5507 5509/5509/5509 5510/5510/5510
v -48.750000 124.600000 -7.500000
vt 0.000000 0.000000
vn 0.000000 0.000000 1.000000
v -48.750000 122.600000 -7.500000
vt 1.000000 0.000000
vn 0.000000 0.000000 1.000000
v -37.000000 122.600000 -7.500000
vt 1.000000 1.000000
vn 0.000000 0.000000 1.000000
v -37.000000 124.600000 -7.500000
vt 0.000000 1.000000
vn 0.000000 0.000000 1.000000
f 5511/5511/5511 5512/5512/5512 5513/5513/5513
f 5511/5511/5511 5513/5513/5513 5514/5514/5514
v -37.000000 124.600000 -7.500000
vt 0.000000 0.000000
vn 1.000000 0.000000 0.000000
v -37.000000 122.600000 -7.500000
vt 1.000000 0.000000
vn 1.000000 0.000000 0.000000
v -37.000000 115.700000 -15.000000
vt 1.000000 1.000000
vn 1.000000 0.000000 0.000000
v -37.000000 117.700000 -15.000000
vt 0.000000 1.000000
vn 1.000000 0.000000 0.000000
f 5515/5515/5515 5516/5516/5516 5517/5517/5517
f 5515/5515/5515 5517/5517/5517 5518/5518/5518
v -37.000000 117.700000 -15.000000
vt 0.000000 0.000000
vn 0.000000 -0.000000 -1.000000
v -37.000000 115.700000 -15.000000
vt 1.000000 0.000000
vn 0.000000 -0.000000 -1.000000
v -48.750000 115.700000 -15.000000
vt 1.000000 1.000000
vn 0.000000 -0.000000 -1.000000
v -48.750000 117.700000 -15.000000
vt 0.000000 1.000000
vn 0.000000 -0.000000 -1.000000
f 5519/5519/5519 5520/5520/5520 5521/5521/5521
f 5519/5519/5519 5521/5521/5521 5522/5522/5522
v -48.750000 117.700000 -15.000000
vt 0.000000 0.000000
vn -1.000000 0.000000 0.000000
v -48.750000 115.700000 -15.000000
vt 1.000000 0.000000
vn -1.000000 0.000000 0.000000
v -48.750000 122.600000 -7.500000
vt 1.000000 1.000000
vn -1.000000 0.000000 0.000000
v -48.750000 124.600000 -7.500000
vt 0.000000 1.000000
vn -1.000000 0.000000 0.000000
f 5523/5523/5523 5524/5524/5524 5525/5525/5525
f 5523/5523/5523 5525/5525/5525 5526/5526/5526
v 24.750000 124.600000 -7.500000
vt 0.000000 0.000000
vn 0.000000 0.735931 -0.677057
v 36.500000 124.600000 -7.500000
vt 1.000000 0.000000
vn 0.000000 0.735931 -0.677057
v 36.500000 117.700000 -15.000000
vt 1.000000 1.000000
vn 0.000000 0.735931 -0.677057
v 24.750000 117.700000 -15.000000
vt 0.000000 1.000000
vn 0.000000 0.735931 -0.677057
f 5527/5527/5527 5528/5528/5528 5529/5529/5529
f 5527/5527/5527 5529/5529/5529 5530/5530/5530
v 24.750000 115.700000 -15.000000
vt 0.000000 0.000000
vn 0.000000 -0.735931 0.677057
v 36.500000 115.700000 -15.000000
vt 1.000000 0.000000
vn 0.000000 -0.735931 0.677057
v 36.500000 122.600000 -7.500000
vt 1.000000 1.000000
vn 0.000000 -0.735931 0.677057
v 24.750000 122.600000 -7.500000
vt 0.000000 1.000000
vn 0.000000 -0.735931 0.677057
f 5531/5531/5531 5532/5532/5532 5533/5533/5533
f 5531/5531/5531 5533/5533/5533 5534/5534/5534
v 24.750000 124.600000 -7.500000
vt 0.000000 0.000000
vn 0.000000 0.000000 1.000000
v 24.750000 122.600000 -7.500000
vt 1.000000 0.000000
vn 0.000000 0.000000 1.000000
v 36.500000 122.600000 -7.500000
vt 1.000000 1.000000
vn 0.000000 0.000000 1.000000
v 36.500000 124.600000 -7.500000
vt 0.000000 1.000000
vn 0.000000 0.000000 1.000000
f 5535/5535/5535 5536/5536/5536 5537/5537/5537
f 5535/5535/5535 5537/5537/5537 5538/5538/5538
v 36.500000 124.600000 -7.500000
vt 0.000000 0.000000
vn 1.000000 0.000000 0.000000
v 36.500000 122.600000 -7.500000
vt 1.000000 0.000000
vn 1.000000 0.000000 0.000000
v 36.500000 115.700000 -15.000000
vt 1.000000 1.000000
vn 1.000000 0.000000 0.000000
v 36.500000 117.700000 -15.000000
vt 0.000000 1.000000
vn 1.000000 0.000000 0.000000
f 5539/5539/5539 5540/5540/5540 5541/5541/5541
f 5539/5539/5539 5541/5541/5541 5542/5542/5542
v 36.500000 117.700000 -15.000000
vt 0.000000 0.000000
vn 0.000000 -0.000000 -1.000000
v 36.500000 115.700000 -15.000000
vt 1.000000 0.000000
vn 0.000000 -0.000000 -1.000000
v 24.750000 115.700000 -15.000000
vt 1.000000 1.000000
vn 0.000000 -0.000000 -1.000000
v 24.750000 117.700000 -15.000000
vt 0.000000 1.000000
vn 0.000000 -0.000000 -1.000000
f 5543/5543/5543 5544/5544/5544 5545/5545/5545
f 5543/5543/5543 5545/5545/5545 5546/5546/5546
v 24.750000 117.700000 -15.000000
vt 0.000000 0.000000
vn -1.000000 0.000000 0.000000
v 24.750000 115.700000 -15.000000
vt 1.000000 0.000000
vn -1.000000 0.000000 0.000000
v 24.750000 122.600000 -7.500000
vt 1.000000 1.000000
vn -1.000000 0.000000 0.000000
v 24.750000 124.600000 -7.500000
vt 0.000000 1.000000
vn -1.000000 0.000000 0.000000
f 5547/5547/5547 5548/5548/5548 5549/5549/5549
f 5547/5547/5547 5549/5549/5549 5550/5550/5550
v 86.000000 124.600000 -7.500000
vt 0.000000 0.000000
vn 0.000000 0.735931 -0.677057
v 97.750000 124.600000 -7.500000
vt 1.000000 0.000000
vn 0.000000 0.735931 -0.677057
v 97.750000 117.700000 -15.000000
vt 1.000000 1.000000
vn 0.000000 0.735931 -0.677057
v 86.000000 117.700000 -15.000000
vt 0.000000 1.000000
vn 0.000000 0.735931 -0.677057
f 5551/5551/5551 5552/5552/5552 5553/5553/5553
f 5551/5551/5551 5553/5553/5553 5554/5554/5554
v 86.000000 115.700000 -15.000000
vt 0.000000 0.000000
vn 0.000000 -0.735931 0.677057
v 97.750000 115.700000 -15.000000
vt 1.000000 0.000000
vn 0.000000 -0.735931 0.677057
v 97.750000 122.600000 -7.500000
vt 1.000000 1.000000
vn 0.000000 -0.735931 0.677057
v 86.000000 122.600000 -7.500000
vt 0.000000 1.000000
vn 0.000000 -0.735931 0.677057
f 5555/5555/5555 5556/5556/5556 5557/5557/5557
f 5555/5555/5555 5557/5557/5557 5558/5558/5558
v 86.000000 124.600000 -7.500000
vt 0.000000 0.000000
vn 0.000000 0.000000 1.000000
v 86.000000 122.600000 -7.500000
vt 1.000000 0.000000
vn 0.000000 0.000000 1.000000
v 97.750000 122.600000 -7.500000
vt 1.000000 1.000000
vn 0.000000 0.000000 1.000000
v 97.750000 124.600000 -7.500000
vt 0.000000 1.000000
vn 0.000000 0.000000 1.000000
f 5559/5559/5559 5560/5560/5560 5561/5561/5561
f 5559/5559/5559 5561/5561/5561 5562/5562/5562
v 97.750000 124.600000 -7.500000
vt 0.000000 0.000000
vn 1.000000 0.000000 0.000000
v 97.750000 122.600000 -7.500000
vt 1.000000 0.000000
vn 1.000000 0.000000 0.000000
v 97.750000 115.700000 -15.000000
vt 1.000000 1.000000
vn 1.000000 0.000000 0.000000
v 97.750000 117.700000 -15.000000
vt 0.000000 1.000000
vn 1.000000 0.000000 0.000000
f 5563/5563/5563 5564/5564/5564 5565/5565/5565
f 5563/5563/5563 5565/5565/5565 5566/5566/5566
v 97.750000 117.700000 -15.000000
vt 0.000000 0.000000
vn 0.000000 -0.000000 -1.000000
v 97.750000 115.700000 -15.000000
vt 1.000000 0.000000
vn 0.000000 -0.000000 -1.000000
v 86.000000 115.700000 -15.000000
vt 1.000000 1.000000
vn 0.000000 -0.000000 -1.000000
v 86.000000 117.700000 -15.000000
vt 0.000000 1.000000
vn 0.000000 -0.000000 -1.000000
f 5567/5567/5567 5568/5568/5568 5569/5569/5569
f 5567/5567/5567 5569/5569/5569 5570/5570/5570
v 86.000000 117.700000 -15.000000
vt 0.000000 0.000000
vn -1.000000 0.000000 0.000000
v 86.000000 115.700000 -15.000000
vt 1.000000 0.000000
vn -1.000000 0.000000 0.000000
v 86.000000 122.600000 -7.500000
vt 1.000000 1.000000
vn -1.000000 0.000000 0.000000
v 86.000000 124.600000 -7.500000
vt 0.000000 1.000000
vn -1.000000 0.000000 0.000000
f 5571/5571/5571 5572/5572/5572 5573/5573/5573
f 5571/5571/5571 5573/5573/5573 5574/5574/5574
v -24.250000 117.700000 -15.000000
vt 0.000000 0.000000
vn 0.000000 0.735931 -0.677057
v -12.500000 117.700000 -15.000000
vt 1.000000 0.000000
vn 0.000000 0.735931 -0.677057
v -12.500000 110.800000 -22.500000
vt 1.000000 1.000000
vn 0.000000 0.735931 -0.677057
v -24.250000 110.800000 -22.500000
vt 0.000000 1.000000
vn 0.000000 0.735931 -0.677057
f 5575/5575/5575 5576/5576/5576 5577/5577/5577
f 5575/5575/5575 5577/5577/5577 5578/5578/5578
v -24.250000 108.800000 -22.500000
vt 0.000000 0.000000
vn 0.000000 -0.735931 0.677057
v -12.500000 108.800000 -22.500000
vt 1.000000 0.000000
vn 0.000000 -0.735931 0.677057
v -12.500000 115.700000 -15.000000
vt 1.000000 1.000000
vn 0.000000 -0.735931 0.677057
v -24.250000 115.700000 -15.000000
vt 0.000000 1.000000
vn 0.000000 -0.735931 0.677057
f 5579/5579/5579 5580/5580/5580 5581/5581/5581
f 5579/5579/5579 5581/5581/5581 5582/5582/5582
v -24.250000 117.700000 -15.000000
vt 0.000000 0.000000
vn 0.000000 0.000000 1.000000
v -24.250000 115.700000 -15.000000
vt 1.000000 0.000000
vn 0.000000 0.000000 1.000000
v -12.500000 115.700000 -15.000000
vt 1.000000 1.000000
vn 0.000000 0.000000 1.000000
v -12.500000 117.700000 -15.000000
vt 0.000000 1.000000
vn 0.000000 0.000000 1.000000
f 5583/5583/5583 5584/5584/5584 5585/5585/5585
f 5583/5583/5583 5585/5585/5585 5586/5586/5586
v -12.500000 117.700000 -15.000000
vt 0.000000 0.000000
vn 1.000000 0.000000 0.000000
v -12.500000 115.700000 -15.000000
vt 1.000000 0.000000
vn 1.000000 0.000000 0.000000
v -12.500000 108.800000 -22.500000
vt 1.000000 1.000000
vn 1.000000 0.000000 0.000000
v -12.500000 110.800000 -22.500000
vt 0.000000 1.000000
vn 1.000000 0.000000 0.000000
f 5587/5587/5587 5588/5588/5588 5589/5589/5589
f 5587/5587/5587 5589/5589/5589 5590/5590/5590
v -12.500000 110.800000 -22.500000
vt 0.000000 0.000000
vn 0.000000 -0.000000 -1.000000
v -12.500000 108.800000 -22.500000
vt 1.000000 0.000000
vn 0.000000 -0.000000 -1.000000
v -24.250000 108.800000 -22.500000
vt 1.000000 1.000000
vn 0.000000 -0.000000 -1.000000
v -24.250000 110.800000 -22.500000
vt 0.000000 1.000000
vn 0.000000 -0.000000 -1.000000
f 5591/5591/5591 5592/5592/5592 5593/5593/5593
f 5591/5591/5591 5593/5593/5593 5594/5594/5594
v -24.250000 110.800000 -22.500000
vt 0.000000 0.000000
vn -1.000000 0.000000 0.000000
v -24.250000 108.800000 -22.500000
vt 1.000000 0.000000
vn -1.000000 0.000000 0.000000
v -24.250000 115.700000 -15.000000
vt 1.000000 1.000000
vn -1.000000 0.000000 0.000000
v -24.250000 117.700000 -15.000000
vt 0.000000 1.000000
vn -1.000000 0.000000 0.000000
f 5595/5595/5595 5596/5596/5596 5597/5597/5597
f 5595/5595/5595 5597/5597/5597 5598/5598/5598
v -12.000000 117.700000 -15.000000
vt 0.000000 0.000000
vn 0.000000 0.735931 -0.677057
v -0.250000 117.700000 -15.000000
vt 1.000000 0.000000
vn 0.000000 0.735931 -0.677057
v -0.250000 110.800000 -22.500000
vt 1.000000 1.000000
vn 0.000000 0.735931 -0.677057
v -12.000000 110.800000 -22.500000
vt 0.000000 1.000000
vn 0.000000 0.735931 -0.677057
f 5599/5599/5599 5600/5600/5600 5601/5601/5601
f 5599/5599/5599 5601/5601/5601 5602/5602/5602
v -12.000000 108.800000 -22.500000
vt 0.000000 0.000000
vn 0.000000 -0.735931 0.677057
v -0.250000 108.800000 -22.500000
vt 1.000000 0.000000
vn 0.000000 -0.735931 0.677057
v -0.250000 115.700000 -15.000000
vt 1.000000 1.000000
vn 0.000000 -0.735931 0.677057
v -12.000000 115.700000 -15.000000
vt 0.000000 1.000000
vn 0.000000 -0.735931 0.677057
f 5603/5603/5603 5604/5604/5604 5605/5605/5605
f 5603/5603/5603 5605/5605/5605 5606/5606/5606
v -12.000000 117.700000 -15.000000
vt 0.000000 0.000000
vn 0.000000 0.000000 1.000000
v -12.000000 115.700000 -15.000000
vt 1.000000 0.000000
vn 0.000000 0.000000 1.000000
v -0.250000 115.700000 -15.000000
vt 1.000000 1.000000
vn 0.000000 0.000000 1.000000
v -0.250000 117.700000 -15.000000
vt 0.000000 1.000000
vn 0.000000 0.000000 1.000000
f 5607/5607/5607 5608/5608/5608 5609/5609/5609
f 5607/5607/5607 5609/5609/5609 5610/5610/5610
v -0.250000 117.700000 -15.000000
vt 0.000000 0.000000
vn 1.000000 0.000000 0.000000
v -0.250000 115.700000 -15.000000
vt 1.000000 0.000000
vn 1.000000 0.000000 0.000000
v -0.250000 108.800000 -22.500000
vt 1.000000 1.000000
vn 1.000000 0.000000 0.000000
v -0.250000 110.800000 -22.500000
vt 0.000000 1.000000
vn 1.000000 0.000000 0.000000
f 5611/5611/5611 5612/5612/5612 5613/5613/5613
f 5611/5611/5611 5613/5613/5613 5614/5614/5614
v -0.250000 110.800000 -22.500000
vt 0.000000 0.000000
vn 0.000000 -0.000000 -1.000000
v -0.250000 108.800000 -22.500000
vt 1.000000 0.000000
vn 0.000000 -0.000000 -1.000000
v -12.000000 108.800000 -22.500000
vt 1.000000 1.000000
vn 0.000000 -0.000000 -1.000000
v -12.000000 110.800000 -22.500000
vt 0.000000 1.000000
vn 0.000000 -0.000000 -1.000000
f 5615/5615/5615 5616/5616/5616 5617/5617/5617
f 5615/5615/5615 5617/5617/5617 5618/5618/5618
v -12.000000 110.800000 -22.500000
vt 0.000000 0.000000
vn -1.000000 0.000000 0.000000
v -12.000000 108.800000 -22.500000
vt 1.000000 0.000000
vn -1.000000 0.000000 0.000000
v -12.000000 115.700000 -15.000000
vt 1.000000 1.000000
vn -1.000000 0.000000 0.000000
v -12.000000 117.700000 -15.000000
vt 0.000000 1.000000
vn -1.000000 0.000000 0.000000
f 5619/5619/5619 5620/5620/5620 5621/5621/5621
f 5619/5619/5619 5621/5621/5621 5622/5622/5622
v -97.750000 110.800000 -22.500000
vt 0.000000 0.000000
vn 0.000000 0.735931 -0.677057
v -86.000000 110.800000 -22.500000
vt 1.000000 0.000000
vn 0.000000 0.735931 -0.677057
v -86.000000 103.900000 -30.000000
vt 1.000000 1.000000
vn 0.000000 0.735931 -0.677057
v -97.750000 103.900000 -30.000000
vt 0.000000 1.000000
vn 0.000000 0.735931 -0.677057
f 5623/5623/5623 5624/5624/5624 5625/5625/5625
f 5623/5623/5623 5625/5625/5625 5626/5626/5626
v -97.750000 101.900000 -30.000000
vt 0.000000 0.000000
vn 0.000000 -0.735931 0.677057
v -86.000000 101.900000 -30.000000
vt 1.000000 0.000000
vn 0.000000 -0.735931 0.677057
v -86.000000 108.800000 -22.500000
vt 1.000000 1.000000
vn 0.000000 -0.735931 0.677057
v -97.750000 108.800000 -22.500000
vt 0.000000 1.000000
vn 0.000000 -0.735931 0.677057
f 5627/5627/5627 5628/5628/5628 5629/5629/5629
f 5627/5627/5627 5629/5629/5629 5630/5630/5630
v -97.750000 110.800000 -22.500000
vt 0.000000 0.000000
vn 0.000000 0.000000 1.000000
v -97.750000 108.800000 -22.500000
vt 1.000000 0.000000
vn 0.000000 0.000000 1.000000
v -86.000000 108.800000 -22.500000
vt 1.000000 1.000000
vn 0.000000 0.000000 1.000000
v -86.000000 110.800000 -22.500000
vt 0.000000 1.000000
vn 0.000000 0.000000 1.000000
f 5631/5631/5631 5632/5632/5632 5633/5633/5633
f 5631/5631/5631 5633/5633/5633 5634/5634/5634
v -86.000000 110.800000 -22.500000
vt 0.000000 0.000000
vn 1.000000 0.000000 0.000000
v -86.000000 108.800000 -22.500000
vt 1.000000 0.000000
vn 1.000000 0.000000 0.000000
v -86.000000 101.900000 -30.000000
vt 1.000000 1.000000
vn 1.000000 0.000000 0.000000
v -86.000000 103.900000 -30.000000
vt 0.000000 1.000000
vn 1.000000 0.000000 0.000000
f 5635/5635/5635 5636/5636/5636 5637/5637/5637
f 5635/5635/5635 5637/5637/5637 5638/5638/5638
v -86.000000 103.900000 -30.000000
vt 0.000000 0.000000
vn 0.000000 -0.000000 -1.000000
v -86.000000 101.900000 -30.000000
vt 1.000000 0.000000
vn 0.000000 -0.000000 -1.000000
v -97.750000 101.900000 -30.000000
vt 1.000000 1.000000
vn 0.000000 -0.000000 -1.000000
v -97.750000 103.900000 -30.000000
vt 0.000000 1.000000
vn 0.000000 -0.000000 -1.000000
f 5639/5639/5639 5640/5640/5640 5641/5641/5641
f 5639/5639/5639 5641/5641/5641 5642/5642/5642
v -97.750000 103.900000 -30.000000
vt 0.000000 0.000000
vn -1.000000 0.000000 0.000000
v -97.750000 101.900000 -30.000000
vt 1.000000 0.000000
vn -1.000000 0.000000 0.000000
v -97.750000 108.800000 -22.500000
vt 1.000000 1.000000
vn -1.000000 0.000000 0.000000
v -97.750000 110.800000 -22.500000
vt 0.000000 1.000000
vn -1.000000 0.000000 0.000000
f 5643/5643/5643 5644/5644/5644 5645/5645/5645
f 5643/5643/5643 5645/5645/5645 5646/5646/5646
v 0.250000 110.800000 -22.500000
vt 0.000000 0.000000
vn 0.000000 0.735931 -0.677057
v 12.000000 110.800000 -22.500000
vt 1.000000 0.000000
vn 0.000000 0.735931 -0.677057
v 12.000000 103.900000 -30.000000
vt 1.000000 1.000000
vn 0.000000 0.735931 -0.677057
v 0.250000 103.900000 -30.000000
vt 0.000000 1.000000
vn 0.000000 0.735931 -0.677057
f 5647/5647/5647 5648/5648/5648 5649/5649/5649
f 5647/5647/5647 5649/5649/5649 5650/5650/5650
v 0.250000 101.900000 -30.000000
vt 0.000000 0.000000
vn 0.000000 -0.735931 0.677057
v 12.000000 101.900000 -30.000000
vt 1.000000 0.000000
vn 0.000000 -0.735931 0.677057
v 12.000000 108.800000 -22.500000
vt 1.000000 1.000000
vn 0.000000 -0.735931 0.677057
v 0.250000 108.800000 -22.500000
vt 0.000000 1.000000
vn 0.000000 -0.735931 0.677057
f 5651/5651/5651 5652/5652/5652 5653/5653/5653
f 5651/5651/5651 5653/5653/5653 5654/5654/5654
v 0.250000 110.800000 -22.500000
vt 0.000000 0.000000
vn 0.000000 0.000000 1.000000
v 0.250000 108.800000 -22.500000
vt 1.000000 0.000000
vn 0.000000 0.000000 1.000000
v 12.000000 108.800000 -22.500000
vt 1.000000 1.000000
vn 0.000000 0.000000 1.000000
v 12.000000 110.800000 -22.500000
vt 0.000000 1.000000
vn 0.000000 0.000000 1.000000
f 5655/5655/5655 5656/5656/5656 5657/5657/5657
f 5655/5655/5655 5657/5657/5657 5658/5658/5658
v 12.000000 110.800000 -22.500000
vt 0.000000 0.000000
vn 1.000000 0.000000 0.000000
v 12.000000 108.800000 -22.500000
vt 1.000000 0.000000
vn 1.000000 0.000000 0.000000
v 12.000000 101.900000 -30.000000
vt 1.000000 1.000000
vn 1.000000 0.000000 0.000000
v 12.000000 103.900000 -30.000000
vt 0.000000 1.000000
vn 1.000000 0.000000 0.000000
f 5659/5659/5659 5660/5660/5660 5661/5661/5661
f 5659/5659/5659 5661/5661/5661 5662/5662/5662
v 12.000000 103.900000 -30.000000
vt 0.000000 0.000000
vn 0.000000 -0.000000 -1.000000
v 12.000000 101.900000 -30.000000
vt 1.000000 0.000000
vn 0.000000 -0.000000 -1.000000
v 0.250000 101.900000 -30.000000
vt 1.000000 1.000000
vn 0.000000 -0.000000 -1.000000
v 0.250000 103.900000 -30.000000
vt 0.000000 1.000000
vn 0.000000 -0.000000 -1.000000
f 5663/5663/5663 5664/5664/5664 5665/5665/5665
f 5663/5663/5663 5665/5665/5665 5666/5666/5666
v 0.250000 103.900000 -30.000000
vt 0.000000 0.000000
vn -1.000000 0.000000 0.000000
v 0.250000 101.900000 -30.000000
vt 1.000000 0.000000
vn -1.000000 0.000000 0.000000
v 0.250000 108.800000 -22.500000
vt 1.000000 1.000000
vn -1.000000 0.000000 0.000000
v 0.250000 110.800000 -22.500000
vt 0.000000 1.000000
vn -1.000000 0.000000 0.000000
f 5667/5667/5667 5668/5668/5668 5669/5669/5669
f 5667/5667/5667 5669/5669/5669 5670/5670/5670
v 37.000000 110.800000 -22.500000
vt 0.000000 0.000000
vn 0.000000 0.735931 -0.677057
v 48.750000 110.800000 -22.500000
vt 1.000000 0.000000
vn 0.000000 0.735931 -0.677057
v 48.750000 103.900000 -30.000000
vt 1.000000 1.000000
vn 0.000000 0.735931 -0.677057
v 37.000000 103.900000 -30.000000
vt 0.000000 1.000000
vn 0.000000 0.735931 -0.677057
f 5671/5671/5671 5672/5672/5672 5673/5673/5673
f 5671/5671/5671 5673/5673/5673 5674/5674/5674
v 37.000000 101.900000 -30.000000
vt 0.000000 0.000000
vn 0.000000 -0.735931 0.677057
v 48.750000 101.900000 -30.000000
vt 1.000000 0.000000
vn 0.000000 -0.735931 0.677057
v 48.750000 108.800000 -22.500000
vt 1.000000 1.000000
vn 0.000000 -0.735931 0.677057
v 37.000000 108.800000 -22.500000
vt 0.000000 1.000000
vn 0.000000 -0.735931 0.677057
f 5675/5675/5675 5676/5676/5676 5677/5677/5677
f 5675/5675/5675 5677/5677/5677 5678/5678/5678
v 37.000000 110.800000 -22.500000
vt 0.000000 0.000000
vn 0.000000 0.000000 1.000000
v 37.000000 108.800000 -22.500000
vt 1.000000 0.000000
vn 0.000000 0.000000 1.000000
v 48.750000 108.800000 -22.500000
vt 1.000000 1.000000
vn 0.000000 0.000000 1.000000
v 48.750000 110.800000 -22.500000
vt 0.000000 1.000000
vn 0.000000 0.000000 1.000000
f 5679/5679/5679 5680/5680/5680 5681/5681/5681
f 5679/5679/5679 5681/5681/5681 5682/5682/5682
v 48.750000 110.800000 -22.500000
vt 0.000000 0.000000
vn 1.000000 0.000000 0.000000
v 48.750000 108.800000 -22.500000
vt 1.000000 0.000000
vn 1.000000 0.000000 0.000000
v 48.750000 101.900000 -30.000000
vt 1.000000 1.000000
vn 1.000000 0.000000 0.000000
v 48.750000 103.900000 -30.000000
vt 0.000000 1.000000
vn 1.000000 0.000000 0.000000
f 5683/5683/5683 5684/5684/5684 5685/5685/5685
f 5683/5683/5683 5685/5685/5685 5686/5686/5686
v 48.750000 103.900000 -30.000000
vt 0.000000 0.000000
vn 0.000000 -0.000000 -1.000000
v 48.750000 101.900000 -30.000000
vt 1.000000 0.000000
vn 0.000000 -0.000000 -1.000000
v 37.000000 101.900000 -30.000000
vt 1.000000 1.000000
vn 0.000000 -0.000000 -1.000000
v 37.000000 103.900000 -30.000000
vt 0.000000 1.000000
vn 0.000000 -0.000000 -1.000000
f 5687/5687/5687 5688/5688/5688 5689/5689/5689
f 5687/5687/5687 5689/5689/5689 5690/5690/5690
v 37.000000 103.900000 -30.000000
vt 0.000000 0.000000
vn -1.000000 0.000000 0.000000
v 37.000000 101.900000 -30.000000
vt 1.000000 0.000000
vn -1.000000 0.000000 0.000000
v 37.000000 108.800000 -22.500000
vt 1.000000 1.000000
vn -1.000000 0.000000 0.000000
v 37.000000 110.800000 -22.500000
vt 0.000000 1.000000
vn -1.000000 0.000000 0.000000
f 5691/5691/5691 5692/5692/5692 5693/5693/5693
f 5691/5691/5691 5693/5693/5693 5694/5694/5694
v -73.250000 103.900000 -30.000000
vt 0.000000 0.000000
vn 0.000000 0.735931 -0.677057
v -61.500000 103.900000 -30.000000
vt 1.000000 0.000000
vn 0.000000 0.735931 -0.677057
v -61.500000 97.000000 -37.500000
vt 1.000000 1.000000
vn 0.000000 0.735931 -0.677057
v -73.250000 97.000000 -37.500000
vt 0.000000 1.000000
vn 0.000000 0.735931 -0.677057
f 5695/5695/5695 5696/5696/5696 5697/5697/5697
f 5695/5695/5695 5697/5697/5697 5698/5698/5698
v -73.250000 95.000000 -37.500000
vt 0.000000 0.000000
vn 0.000000 -0.735931 0.677057
v -61.500000 95.000000 -37.500000
vt 1.000000 0.000000
vn 0.000000 -0.735931 0.677057
v -61.500000 101.900000 -30.000000
vt 1.000000 1.000000
vn 0.000000 -0.735931 0.677057
v -73.250000 101.900000 -30.000000
vt 0.000000 1.000000
vn 0.000000 -0.735931 0.677057
f 5699/5699/5699 5700/5700/5700 5701/5701/5701
f 5699/5699/5699 5701/5701/5701 5702/5702/5702
v -73.250000 103.900000 -30.000000
vt 0.000000 0.000000
vn 0.000000 0.000000 1.000000
v -73.250000 101.900000 -30.000000
vt 1.000000 0.000000
vn 0.000000 0.000000 1.000000
v -61.500000 101.900000 -30.000000
vt 1.000000 1.000000
vn 0.000000 0.000000 1.000000
v -61.500000 103.900000 -30.000000
vt 0.000000 1.000000
vn 0.000000 0.000000 1.000000
f 5703/5703/5703 5704/5704/5704 5705/5705/5705
f 5703/5703/5703 5705/5705/5705 5706/5706/5706
v -61.500000 103.900000 -30.000000
vt 0.000000 0.000000
vn 1.000000 0.000000 0.000000
v -61.500000 101.900000 -30.000000
vt 1.000000 0.000000
vn 1.000000 0.000000 0.000000
v -61.500000 95.000000 -37.500000
vt 1.000000 1.000000
vn 1.000000 0.000000 0.000000
v -61.500000 97.000000 -37.500000
vt 0.000000 1.000000
vn 1.000000 0.000000 0.000000
f 5707/5707/5707 5708/5708/5708 5709/5709/5709
f 5707/5707/5707 5709/5709/5709 5710/5710/5710
v -61.500000 97.000000 -37.500000
vt 0.000000 0.000000
vn 0.000000 -0.000000 -1.000000
v -61.500000 95.000000 -37.500000
vt 1.000000 0.000000
vn 0.000000 -0.000000 -1.000000
v -73.250000 95.000000 -37.500000
vt 1.000000 1.000000
vn 0.000000 -0.000000 -1.000000
v -73.250000 97.000000 -37.500000
vt 0.000000 1.000000
vn 0.000000 -0.000000 -1.000000
f 5711/5711/5711 5712/5712/5712 5713/5713/5713
f 5711/5711/5711 5713/5713/5713 5714/5714/5714
v -73.250000 97.000000 -37.500000
vt 0.000000 0.000000
vn -1.000000 0.000000 0.000000
v -73.250000 95.000000 -37.500000
vt 1.000000 0.000000
vn -1.000000 0.000000 0.000000
v -73.250000 101.900000 -30.000000
vt 1.000000 1.000000
vn -1.000000 0.000000 0.000000
v -73.250000 103.900000 -30.000000
vt 0.000000 1.000000
vn -1.000000 0.000000 0.000000
f 5715/5715/5715 5716/5716/5716 5717/5717/5717
f 5715/5715/5715 5717/5717/5717 5718/5718/5718
v 24.750000 103.900000 -30.000000
vt 0.000000 0.000000
vn 0.000000 0.735931 -0.677057
v 36.500000 103.900000 -30.000000
vt 1.000000 0.000000
vn 0.000000 0.735931 -0.677057
v 36.500000 97.000000 -37.500000
vt 1.000000 1.000000
vn 0.000000 0.735931 -0.677057
v 24.750000 97.000000 -37.500000
vt 0.000000 1.000000
vn 0.000000 0.735931 -0.677057
f 5719/5719/5719 5720/5720/5720 5721/5721/5721
f 5719/5719/5719 5721/5721/5721 5722/5722/5722
v 24.750000 95.000000 -37.500000
vt 0.000000 0.000000
vn 0.000000 -0.735931 0.677057
v 36.500000 95.000000 -37.500000
vt 1.000000 0.000000
vn 0.000000 -0.735931 0.677057
v 36.500000 101.900000 -30.000000
vt 1.000000 1.000000
vn 0.000000 -0.735931 0.677057
v 24.750000 101.900000 -30.000000
vt 0.000000 1.000000
vn 0.000000 -0.735931 0.677057
f 5723/5723/5723 5724/5724/5724 5725/5725/5725
f 5723/5723/5723 5725/5725/5725 5726/5726/5726
v 24.750000 103.900000 -30.000000
vt 0.000000 0.000000
vn 0.000000 0.000000 1.000000
v 24.750000 101.900000 -30.000000
vt 1.000000 0.000000
vn 0.000000 0.000000 1.000000
v 36.500000 101.900000 -30.000000
vt 1.000000 1.000000
vn 0.000000 0.000000 1.000000
v 36.500000 103.900000 -30.000000
vt 0.000000 1.000000
vn 0.000000 0.000000 1.000000
f 5727/5727/5727 5728/5728/5728 5729/5729/5729
f 5727/5727/5727 5729/5729/5729 5730/5730/5730
v 36.500000 103.900000 -30.000000
vt 0.000000 0.000000
vn 1.000000 0.000000 0.000000
v 36.500000 101.900000 -30.000000
vt 1.000000 0.000000
vn 1.000000 0.000000 0.000000
v 36.500000 95.000000 -37.500000
vt 1.000000 1.000000
vn 1.000000 0.000000 0.000000
v 36.500000 97.000000 -37.500000
vt 0.000000 1.000000
vn 1.000000 0.000000 0.000000
f 5731/5731/5731 5732/5732/5732 5733/5733/5733
f 5731/5731/5731 5733/5733/5733 5734/5734/5734
v 36.500000 97.000000 -37.500000
vt 0.000000 0.000000
vn 0.000000 -0.000000 -1.000000
v 36.500000 95.000000 -37.500000
vt 1.000000 0.000000
vn 0.000000 -0.000000 -1.000000
v 24.750000 95.000000 -37.500000
vt 1.000000 1.000000
vn 0.000000 -0.000000 -1.000000
v 24.750000 97.000000 -37.500000
vt 0.000000 1.000000
vn 0.000000 -0.000000 -1.000000
f 5735/5735/5735 5736/5736/5736 5737/5737/5737
f 5735/5735/5735 5737/5737/5737 5738/5738/5738
v 24.750000 97.000000 -37.500000
vt 0.000000 0.000000
vn -1.000000 0.000000 0.000000
v 24.750000 95.000000 -37.500000
vt 1.000000 0.000000
vn -1.000000 0.000000 0.000000
v 24.750000 101.900000 -30.000000
vt 1.000000 1.000000
vn -1.000000 0.000000 0.000000
v 24.750000 103.900000 -30.000000
vt 0.000000 1.000000
vn -1.000000 0.000000 0.000000
f 5739/5739/5739 5740/5740/5740 5741/5741/5741
f 5739/5739/5739 5741/5741/5741 5742/5742/5742
v 61.500000 103.900000 -30.000000
vt 0.000000 0.000000
vn 0.000000 0.735931 -0.677057
v 73.250000 103.900000 -30.000000
vt 1.000000 0.000000
vn 0.000000 0.735931 -0.677057
v 73.250000 97.000000 -37.500000
vt 1.000000 1.000000
vn 0.000000 0.735931 -0.677057
v 61.500000 97.000000 -37.500000
vt 0.000000 1.000000
vn 0.000000 0.735931 -0.677057
f 5743/5743/5743 5744/5744/5744 5745/5745/5745
f 5743/5743/5743 5745/5745/5745 5746/5746/5746
v 61.500000 95.000000 -37.500000
vt 0.000000 0.000000
vn 0.000000 -0.735931 0.677057
v 73.250000 95.000000 -37.500000
vt 1.000000 0.000000
vn 0.000000 -0.735931 0.677057
v 73.250000 101.900000 -30.000000
vt 1.000000 1.000000
vn 0.000000 -0.735931 0.677057
v 61.500000 101.900000 -30.000000
vt 0.000000 1.000000
vn 0.000000 -0.735931 0.677057
f 5747/5747/5747 5748/5748/5748 5749/5749/5749
f 5747/5747/5747 5749/5749/5749 5750/5750/5750
v 61.500000 103.900000 -30.000000
vt 0.000000 0.000000
vn 0.000000 0.000000 1.000000
v 61.500000 101.900000 -30.000000
vt 1.000000 0.000000
vn 0.000000 0.000000 1.000000
v 73.250000 101.900000 -30.000000
vt 1.000000 1.000000
vn 0.000000 0.000000 1.000000
v 73.250000 103.900000 -30.000000
vt 0.000000 1.000000
vn 0.000000 0.000000 1.000000
f 5751/5751/5751 5752/5752/5752 5753/5753/5753
f 5751/5751/5751 5753/5753/5753 5754/5754/5754
v 73.250000 103.900000 -30.000000
vt 0.000000 0.000000
vn 1.000000 0.000000 0.000000
v 73.250000 101.900000 -30.000000
vt 1.000000 0.000000
vn 1.000000 0.000000 0.000000
v 73.250000 95.000000 -37.500000
vt 1.000000 1.000000
vn 1.000000 0.000000 0.000000
v 73.250000 97.000000 -37.500000
vt 0.000000 1.000000
vn 1.000000 0.000000 0.000000
f 5755/5755/5755 5756/5756/5756 5757/5757/5757
f 5755/5755/5755 5757/5757/5757 5758/5758/5758
v 73.250000 97.000000 -37.500000
vt 0.000000 0.000000
vn 0.000000 -0.000000 -1.000000
v 73.250000 95.000000 -37.500000
vt 1.000000 0.000000
vn 0.000000 -0.000000 -1.000000
v 61.500000 95.000000 -37.500000
vt 1.000000 1.000000
vn 0.000000 -0.000000 -1.000000
v 61.500000 97.000000 -37.500000
vt 0.000000 1.000000
vn 0.000000 -0.000000 -1.000000
f 5759/5759/5759 5760/5760/5760 5761/5761/5761
f 5759/5759/5759 5761/5761/5761 5762/5762/5762
v 61.500000 97.000000 -37.500000
vt 0.000000 0.000000
vn -1.000000 0.000000 0.000000
v 61.500000 95.000000 -37.500000
vt 1.000000 0.000000
vn -1.000000 0.000000 0.000000
v 61.500000 101.900000 -30.000000
vt 1.000000 1.000000
vn -1.000000 0.000000 0.000000
v 61.500000 103.900000 -30.000000
vt 0.000000 1.000000
vn -1.000000 0.000000 0.000000
f 5763/5763/5763 5764/5764/5764 5765/5765/5765
f 5763/5763/5763 5765/5765/5765 5766/5766/5766
v -61.000000 97.000000 -37.500000
vt 0.000000 0.000000
vn 0.000000 0.735931 -0.677057
v -49.250000 97.000000 -37.500000
vt 1.000000 0.000000
vn 0.000000 0.735931 -0.677057
v -49.250000 90.100000 -45.000000
vt 1.000000 1.000000
vn 0.000000 0.735931 -0.677057
v -61.000000 90.100000 -45.000000
vt 0.000000 1.000000
vn 0.000000 0.735931 -0.677057
f 5767/5767/5767 5768/5768/5768 5769/5769/5769
f 5767/5767/5767 5769/5769/5769 5770/5770/5770
v -61.000000 88.100000 -45.000000
vt 0.000000 0.000000
vn 0.000000 -0.735931 0.677057
v -49.250000 88.100000 -45.000000
vt 1.000000 0.000000
vn 0.000000 -0.735931 0.677057
v -49.250000 95.000000 -37.500000
vt 1.000000 1.000000
vn 0.000000 -0.735931 0.677057
v -61.000000 95.000000 -37.500000
vt 0.000000 1.000000
vn 0.000000 -0.735931 0.677057
f 5771/5771/5771 5772/5772/5772 5773/5773/5773
f 5771/5771/5771 5773/5773/5773 5774/5774/5774
v -61.000000 97.000000 -37.500000
vt 0.000000 0.000000
vn 0.000000 0.000000 1.000000
v -61.000000 95.000000 -37.500000
vt 1.000000 0.000000
vn 0.000000 0.000000 1.000000
v -49.250000 95.000000 -37.500000
vt 1.000000 1.000000
vn 0.000000 0.000000 1.000000
v -49.250000 97.000000 -37.500000
vt 0.000000 1.000000
vn 0.000000 0.000000 1.000000
f 5775/5775/5775 5776/5776/5776 5777/5777/5777
f 5775/5775/5775 5777/5777/5777 5778/5778/5778
v -49.250000 97.000000 -37.500000
vt 0.000000 0.000000
vn 1.000000 0.000000 0.000000
v -49.250000 95.000000 -37.500000
vt 1.000000 0.000000
vn 1.000000 0.000000 0.000000
v -49.250000 88.100000 -45.000000
vt 1.000000 1.000000
vn 1.000000 0.000000 0.000000
v -49.250000 90.100000 -45.000000
vt 0.000000 1.000000
vn 1.000000 0.000000 0.000000
f 5779/5779/5779 5780/5780/5780 5781/5781/5781
f 5779/5779/5779 5781/5781/5781 5782/5782/5782
v -49.250000 90.100000 -45.000000
vt 0.000000 0.000000
vn 0.000000 -0.000000 -1.000000
v -49.250000 88.100000 -45.000000
vt 1.000000 0.000000
vn 0.000000 -0.000000 -1.000000
v -61.000000 88.100000 -45.000000
vt 1.000000 1.000000
vn 0.000000 -0.000000 -1.000000
v -61.000000 90.100000 -45.000000
vt 0.000000 1.000000
vn 0.000000 -0.000000 -1.000000
f 5783/5783/5783 5784/5784/5784 5785/5785/5785
f 5783/5783/5783 5785/5785/5785 5786/5786/5786
v -61.000000 90.100000 -45.000000
vt 0.000000 0.000000
vn -1.000000 0.000000 0.000000
v -61.000000 88.100000 -45.000000
vt 1.000000 0.000000
vn -1.000000 0.000000 0.000000
v -61.000000 95.000000 -37.500000
vt 1.000000 1.000000
vn -1.000000 0.000000 0.000000
v -61.000000 97.000000 -37.500000
vt 0.000000 1.000000
vn -1.000000 0.000000 0.000000
f 5787/5787/5787 5788/5788/5788 5789/5789/5789
f 5787/5787/5787 5789/5789/5789 5790/5790/5790
v -48.750000 97.000000 -37.500000
vt 0.000000 0.000000
vn 0.000000 0.735931 -0.677057
v -37.000000 97.000000 -37.500000
vt 1.000000 0.000000
vn 0.000000 0.735931 -0.677057
v -37.000000 90.100000 -45.000000
vt 1.000000 1.000000
vn 0.000000 0.735931 -0.677057
v -48.750000 90.100000 -45.000000
vt 0.000000 1.000000
vn 0.000000 0.735931 -0.677057
f 5791/5791/5791 5792/5792/5792 5793/5793/5793
f 5791/5791/5791 5793/5793/5793 5794/5794/5794
v -48.750000 88.100000 -45.000000
vt 0.000000 0.000000
vn 0.000000 -0.735931 0.677057
v -37.000000 88.100000 -45.000000
vt 1.000000 0.000000
vn 0.000000 -0.735931 0.677057
v -37.000000 95.000000 -37.500000
vt 1.000000 1.000000
vn 0.000000 -0.735931 0.677057
v -48.750000 95.000000 -37.500000
vt 0.000000 1.000000
vn 0.000000 -0.735931 0.677057
f 5795/5795/5795 5796/5796/5796 5797/5797/5797
f 5795/5795/5795 5797/5797/5797 5798/5798/5798
v -48.750000 97.000000 -37.500000
vt 0.000000 0.000000
vn 0.000000 0.000000 1.000000
v -48.750000 95.000000 -37.500000
vt 1.000000 0.000000
vn 0.000000 0.000000 1.000000
v -37.000000 95.000000 -37.500000
vt 1.000000 1.000000
vn 0.000000 0.000000 1.000000
v -37.000000 97.000000 -37.500000
vt 0.000000 1.000000
vn 0.000000 0.000000 1.000000
f 5799/5799/5799 5800/5800/5800 5801/5801/5801
f 5799/5799/5799 5801/5801/5801 5802/5802/5802
v -37.000000 97.000000 -37.500000
vt 0.000000 0.000000
vn 1.000000 0.000000 0.000000
v -37.000000 95.000000 -37.500000
vt 1.000000 0.000000
vn 1.000000 0.000000 0.000000
v -37.000000 88.100000 -45.000000
vt 1.000000 1.000000
vn 1.000000 0.000000 0.000000
v -37.000000 90.100000 -45.000000
vt 0.000000 1.000000
vn 1.000000 0.000000 0.000000
f 5803/5803/5803 5804/5804/5804 5805/5805/5805
f 5803/5803/5803 5805/5805/5805 5806/5806/5806
v -37.000000 90.100000 -45.000000
vt 0.000000 0.000000
vn 0.000000 -0.000000 -1.000000
v -37.000000 88.100000 -45.000000
vt 1.000000 0.000000
vn 0.000000 -0.000000 -1.000000
v -48.750000 88.100000 -45.000000
vt 1.000000 1.000000
vn 0.000000 -0.000000 -1.000000
v -48.750000 90.100000 -45.000000
vt 0.000000 1.000000
vn 0.000000 -0.000000 -1.000000
f 5807/5807/5807 5808/5808/5808 5809/5809/5809
f 5807/5807/5807 5809/5809/5809 5810/5810/5810
v -48.750000 90.100000 -45.000000
vt 0.000000 0.000000
vn -1.000000 0.000000 0.000000
v -48.750000 88.100000 -45.000000
vt 1.000000 0.000000
vn -1.000000 0.000000 0.000000
v -48.750000 95.000000 -37.500000
vt 1.000000 1.000000
vn -1.000000 0.000000 0.000000
v -48.750000 97.000000 -37.500000
vt 0.000000 1.000000
vn -1.000000 0.000000 0.000000
f 5811/5811/5811 5812/5812/5812 5813/5813/5813
f 5811/5811/5811 5813/5813/5813 5814/5814/5814
v 73.750000 97.000000 -37.500000
vt 0.000000 0.000000
vn 0.000000 0.735931 -0.677057
v 85.500000 97.000000 -37.500000
vt 1.000000 0.000000
vn 0.000000 0.735931 -0.677057
v 85.500000 90.100000 -45.000000
vt 1.000000 1.000000
vn 0.000000 0.735931 -0.677057
v 73.750000 90.100000 -45.000000
vt 0.000000 1.000000
vn 0.000000 0.735931 -0.677057
f 5815/5815/5815 5816/5816/5816 5817/5817/5817
f 5815/5815/5815 5817/5817/5817 5818/5818/5818
v 73.750000 88.100000 -45.000000
vt 0.000000 0.000000
vn 0.000000 -0.735931 0.677057
v 85.500000 88.100000 -45.000000
vt 1.000000 0.000000
vn 0.000000 -0.735931 0.677057
v 85.500000 95.000000 -37.500000
vt 1.000000 1.000000
vn 0.000000 -0.735931 0.677057
v 73.750000 95.000000 -37.500000
vt 0.000000 1.000000
vn 0.000000 -0.735931 0.677057
f 5819/5819/5819 5820/5820/5820 5821/5821/5821
f 5819/5819/5819 5821/5821/5821 5822/5822/5822
v 73.750000 97.000000 -37.500000
vt 0.000000 0.000000
vn 0.000000 0.000000 1.000000
v 73.750000 95.000000 -37.500000
vt 1.000000 0.000000
vn 0.000000 0.000000 1.000000
v 85.500000 95.000000 -37.500000
vt 1.000000 1.000000
vn 0.000000 0.000000 1.000000
v 85.500000 97.000000 -37.500000
vt 0.000000 1.000000
vn 0.000000 0.000000 1.000000
f 5823/5823/5823 5824/5824/5824 5825/5825/5825
f 5823/5823/5823 5825/5825/5825 5826/5826/5826
v 85.500000 97.000000 -37.500000
vt 0.000000 0.000000
vn 1.000000 0.000000 0.000000
v 85.500000 95.000000 -37.500000
vt 1.000000 0.000000
vn 1.000000 0.000000 0.000000
v 85.500000 88.100000 -45.000000
vt 1.000000 1.000000
vn 1.000000 0.000000 0.000000
v 85.500000 90.100000 -45.000000
vt 0.000000 1.000000
vn 1.000000 0.000000 0.000000
f 5827/5827/5827 5828/5828/5828 5829/5829/5829
f 5827/5827/5827 5829/5829/5829 5830/5830/5830
v 85.500000 90.100000 -45.000000
vt 0.000000 0.000000
vn 0.000000 -0.000000 -1.000000
v 85.500000 88.100000 -45.000000
vt 1.000000 0.000000
vn 0.000000 -0.000000 -1.000000
v 73.750000 88.100000 -45.000000
vt 1.000000 1.000000
vn 0.000000 -0.000000 -1.000000
v 73.750000 90.100000 -45.000000
vt 0.000000 1.000000
vn 0.000000 -0.000000 -1.000000
f 5831/5831/5831 5832/5832/5832 5833/5833/5833
f 5831/5831/5831 5833/5833/5833 5834/5834/5834
v 73.750000 90.100000 -45.000000
vt 0.000000 0.000000
vn -1.000000 0.000000 0.000000
v 73.750000 88.100000 -45.000000
vt 1.000000 0.000000
vn -1.000000 0.000000 0.000000
v 73.750000 95.000000 -37.500000
vt 1.000000 1.000000
vn -1.000000 0.000000 0.000000
v 73.750000 97.000000 -37.500000
vt 0.000000 1.000000
vn -1.000000 0.000000 0.000000
f 5835/5835/5835 5836/5836/5836 5837/5837/5837
f 5835/5835/5835 5837/5837/5837 5838/5838/5838
v 86.000000 97.000000 -37.500000
vt 0.000000 0.000000
vn 0.000000 0.735931 -0.677057
v 97.750000 97.000000 -37.500000
vt 1.000000 0.000000
vn 0.000000 0.735931 -0.677057
v 97.750000 90.100000 -45.000000
vt 1.000000 1.000000
vn 0.000000 0.735931 -0.677057
v 86.000000 90.100000 -45.000000
vt 0.000000 1.000000
vn 0.000000 0.735931 -0.677057
f 5839/5839/5839 5840/5840/5840 5841/5841/5841
f 5839/5839/5839 5841/5841/5841 5842/5842/5842
v 86.000000 88.100000 -45.000000
vt 0.000000 0.000000
vn 0.000000 -0.735931 0.677057
v 97.750000 88.100000 -45.000000
vt 1.000000 0.000000
vn 0.000000 -0.735931 0.677057
v 97.750000 95.000000 -37.500000
vt 1.000000 1.000000
vn 0.000000 -0.735931 0.677057
v 86.000000 95.000000 -37.500000
vt 0.000000 1.000000
vn 0.000000 -0.735931 0.677057
f 5843/5843/5843 5844/5844/5844 5845/5845/5845
f 5843/5843/5843 5845/5845/5845 5846/5846/5846
v 86.000000 97.000000 -37.500000
vt 0.000000 0.000000
vn 0.000000 0.000000 1.000000
v 86.000000 95.000000 -37.500000
vt 1.000000 0.000000
vn 0.000000 0.000000 1.000000
v 97.750000 95.000000 -37.500000
vt 1.000000 1.000000
vn 0.000000 0.000000 1.000000
v 97.750000 97.000000 -37.500000
vt 0.000000 1.000000
vn 0.000000 0.000000 1.000000
f 5847/5847/5847 5848/5848/5848 5849/5849/5849
f 5847/5847/5847 5849/5849/5849 5850/5850/5850
v 97.750000 97.000000 -37.500000
vt 0.000000 0.000000
vn 1.000000 0.000000 0.000000
v 97.750000 95.000000 -37.500000
vt 1.000000 0.000000
vn 1.000000 0.000000 0.000000
v 97.750000 88.100000 -45.000000
vt 1.000000 1.000000
vn 1.000000 0.000000 0.000000
v 97.750000 90.100000 -45.000000
vt 0.000000 1.000000
vn 1.000000 0.000000 0.000000
f 5851/5851/5851 5852/5852/5852 5853/5853/5853
f 5851/5851/5851 5853/5853/5853 5854/5854/5854
v 97.750000 90.100000 -45.000000
vt 0.000000 0.000000
vn 0.000000 -0.000000 -1.000000
v 97.750000 88.100000 -45.000000
vt 1.000000 0.000000
vn 0.000000 -0.000000 -1.000000
v 86.000000 88.100000 -45.000000
vt 1.000000 1.000000
vn 0.000000 -0.000000 -1.000000
v 86.000000 90.100000 -45.000000
vt 0.000000 1.000000
vn 0.000000 -0.000000 -1.000000
f 5855/5855/5855 5856/5856/5856 5857/5857/5857
f 5855/5855/5855 5857/5857/5857 5858/5858/5858
v 86.000000 90.100000 -45.000000
vt 0.000000 0.000000
vn -1.000000 0.000000 0.000000
v 86.000000 88.100000 -45.000000
vt 1.000000 0.000000
vn -1.000000 0.000000 0.000000
v 86.000000 95.000000 -37.500000
vt 1.000000 1.000000
vn -1.000000 0.000000 0.000000
v 86.000000 97.000000 -37.500000
vt 0.000000 1.000000
vn -1.000000 0.000000 0.000000
f 5859/5859/5859 5860/5860/5860 5861/5861/5861
f 5859/5859/5859 5861/5861/5861 5862/5862/5862
v -97.750000 90.100000 -45.000000
vt 0.000000 0.000000
vn 0.000000 0.735931 -0.677057
v -86.000000 90.100000 -45.000000
vt 1.000000 0.000000
vn 0.000000 0.735931 -0.677057
v -86.000000 83.200000 -52.500000
vt 1.000000 1.000000
vn 0.000000 0.735931 -0.677057
v -97.750000 83.200000 -52.500000
vt 0.000000 1.000000
vn 0.000000 0.735931 -0.677057
f 5863/5863/5863 5864/5864/5864 5865/5865/5865
f 5863/5863/5863 5865/5865/5865 5866/5866/5866
v -97.750000 81.200000 -52.500000
vt 0.000000 0.000000
vn 0.000000 -0.735931 0.677057
v -86.000000 81.200000 -52.500000
vt 1.000000 0.000000
vn 0.000000 -0.735931 0.677057
v -86.000000 88.100000 -45.000000
vt 1.000000 1.000000
vn 0.000000 -0.735931 0.677057
v -97.750000 88.100000 -45.000000
vt 0.000000 1.000000
vn 0.000000 -0.735931 0.677057
f 5867/5867/5867 5868/5868/5868 5869/5869/5869
f 5867/5867/5867 5869/5869/5869 5870/5870/5870
v -97.750000 90.100000 -45.000000
vt 0.000000 0.000000
vn 0.000000 0.000000 1.000000
v -97.750000 88.100000 -45.000000
vt 1.000000 0.000000
vn 0.000000 0.000000 1.000000
v -86.000000 88.100000 -45.000000
vt 1.000000 1.000000
vn 0.000000 0.000000 1.000000
v -86.000000 90.100000 -45.000000
vt 0.000000 1.000000
vn 0.000000 0.000000 1.000000
f 5871/5871/5871 5872/5872/5872 5873/5873/5873
f 5871/5871/5871 5873/5873/5873 5874/5874/5874
v -86.000000 90.100000 -45.000000
vt 0.000000 0.000000
vn 1.000000 0.000000 0.000000
v -86.000000 88.100000 -45.000000
vt 1.000000 0.000000
vn 1.000000 0.000000 0.000000
v -86.000000 81.200000 -52.500000
vt 1.000000 1.000000
vn 1.000000 0.000000 0.000000
v -86.000000 83.200000 -52.500000
vt 0.000000 1.000000
vn 1.000000 0.000000 0.000000
f 5875/5875/5875 5876/5876/5876 5877/5877/5877
f 5875/5875/5875 5877/5877/5877 5878/5878/5878
v -86.000000 83.200000 -52.500000
vt 0.000000 0.000000
vn 0.000000 -0.000000 -1.000000
v -86.000000 81.200000 -52.500000
vt 1.000000 0.000000
vn 0.000000 -0.000000 -1.000000
v -97.750000 81.200000 -52.500000
vt 1.000000 1.000000
vn 0.000000 -0.000000 -1.000000
v -97.750000 83.200000 -52.500000
vt 0.000000 1.000000
vn 0.000000 -0.000000 -1.000000
f 5879/5879/5879 5880/5880/5880 5881/5881/5881
f 5879/5879/5879 5881/5881/5881 5882/5882/5882
v -97.750000 83.200000 -52.500000
vt 0.000000 0.000000
vn -1.000000 0.000000 0.000000
v -97.750000 81.200000 -52.500000
vt 1.000000 0.000000
vn -1.000000 0.000000 0.000000
v -97.750000 88.100000 -45.000000
vt 1.000000 1.000000
vn -1.000000 0.000000 0.000000
v -97.750000 90.100000 -45.000000
vt 0.000000 1.000000
vn -1.000000 0.000000 0.000000
f 5883/5883/5883 5884/5884/5884 5885/5885/5885
f 5883/5883/5883 5885/5885/5885 5886/5886/5886
v -24.250000 90.100000 -45.000000
vt 0.000000 0.000000
vn 0.000000 0.735931 -0.677057
v -12.500000 90.100000 -45.000000
vt 1.000000 0.000000
vn 0.000000 0.735931 -0.677057
v -12.500000 83.200000 -52.500000
vt 1.000000 1.000000
vn 0.000000 0.735931 -0.677057
v -24.250000 83.200000 -52.500000
vt 0.000000 1.000000
vn 0.000000 0.735931 -0.677057
f 5887/5887/5887 5888/5888/5888 5889/5889/5889
f 5887/5887/5887 5889/5889/5889 5890/5890/5890
v -24.250000 81.200000 -52.500000
vt 0.000000 0.000000
vn 0.000000 -0.735931 0.677057
v -12.500000 81.200000 -52.500000
vt 1.000000 0.000000
vn 0.000000 -0.735931 0.677057
v -12.500000 88.100000 -45.000000
vt 1.000000 1.000000
vn 0.000000 -0.735931 0.677057
v -24.250000 88.100000 -45.000000
vt 0.000000 1.000000
vn 0.000000 -0.735931 0.677057
f 5891/5891/5891 5892/5892/5892 5893/5893/5893
f 5891/5891/5891 5893/5893/5893 5894/5894/5894
v -24.250000 90.100000 -45.000000
vt 0.000000 0.000000
vn 0.000000 0.000000 1.000000
v -24.250000 88.100000 -45.000000
vt 1.000000 0.000000
vn 0.000000 0.000000 1.000000
v -12.500000 88.100000 -45.000000
vt 1.000000 1.000000
vn 0.000000 0.000000 1.000000
v -12.500000 90.100000 -45.000000
vt 0.000000 1.000000
vn 0.000000 0.000000 1.000000
f 5895/5895/5895 5896/5896/5896 5897/5897/5897
f 5895/5895/5895 5897/5897/5897 5898/5898/5898
v -12.500000 90.100000 -45.000000
vt 0.000000 0.000000
vn 1.000000 0.000000 0.000000
v -12.500000 88.100000 -45.000000
vt 1.000000 0.000000
vn 1.000000 0.000000 0.000000
v -12.500000 81.200000 -52.500000
vt 1.000000 1.000000
vn 1.000000 0.000000 0.000000
v -12.500000 83.200000 -52.500000
vt 0.000000 1.000000
vn 1.000000 0.000000 0.000000
f 5899/5899/5899 5900/5900/5900 5901/5901/5901
f 5899/5899/5899 5901/5901/5901 5902/5902/5902
v -12.500000 83.200000 -52.500000
vt 0.000000 0.000000
vn 0.000000 -0.000000 -1.000000
v -12.500000 81.200000 -52.500000
vt 1.000000 0.000000
vn 0.000000 -0.000000 -1.000000
v -24.250000 81.200000 -52.500000
vt 1.000000 1.000000
vn 0.000000 -0.000000 -1.000000
v -24.250000 83.200000 -52.500000
vt 0.000000 1.000000
vn 0.000000 -0.000000 -1.000000
f 5903/5903/5903 5904/5904/5904 5905/5905/5905
f 5903/5903/5903 5905/5905/5905 5906/5906/5906
v -24.250000 83.200000 -52.500000
vt 0.000000 0.000000
vn -1.000000 0.000000 0.000000
v -24.250000 81.200000 -52.500000
vt 1.000000 0.000000
vn -1.000000 0.000000 0.000000
v -24.250000 88.100000 -45.000000
vt 1.000000 1.000000
vn -1.000000 0.000000 0.000000
v -24.250000 90.100000 -45.000000
vt 0.000000 1.000000
vn -1.000000 0.000000 0.000000
f 5907/5907/5907 5908/5908/5908 5909/5909/5909
f 5907/5907/5907 5909/5909/5909 5910/5910/5910
v 37.000000 90.100000 -45.000000
vt 0.000000 0.000000
vn 0.000000 0.735931 -0.677057
v 48.750000 90.100000 -45.000000
vt 1.000000 0.000000
vn 0.000000 0.735931 -0.677057
v 48.750000 83.200000 -52.500000
vt 1.000000 1.000000
vn 0.000000 0.735931 -0.677057
v 37.000000 83.200000 -52.500000
vt 0.000000 1.000000
vn 0.000000 0.735931 -0.677057
f 5911/5911/5911 5912/5912/5912 5913/5913/5913
f 5911/5911/5911 5913/5913/5913 5914/5914/5914
v 37.000000 81.200000 -52.500000
vt 0.000000 0.000000
vn 0.000000 -0.735931 0.677057
v 48.750000 81.200000 -52.500000
vt 1.000000 0.000000
vn 0.000000 -0.735931 0.677057
v 48.750000 88.100000 -45.000000
vt 1.000000 1.000000
vn 0.000000 -0.735931 0.677057
v 37.000000 88.100000 -45.000000
vt 0.000000 1.000000
vn 0.000000 -0.735931 0.677057
f 5915/5915/5915 5916/5916/5916 5917/5917/5917
f 5915/5915/5915 5917/5917/5917 5918/5918/5918
v 37.000000 90.100000 -45.000000
vt 0.000000 0.000000
vn 0.000000 0.000000 1.000000
v 37.000000 88.100000 -45.000000
vt 1.000000 0.000000
vn 0.000000 0.000000 1.000000
v 48.750000 88.100000 -45.000000
vt 1.000000 1.000000
vn 0.000000 0.000000 1.000000
v 48.750000 90.100000 -45.000000
vt 0.000000 1.000000
vn 0.000000 0.000000 1.000000
f 5919/5919/5919 5920/5920/5920 5921/5921/5921
f 5919/5919/5919 5921/5921/5921 5922/5922/5922
v 48.750000 90.100000 -45.000000
vt 0.000000 0.000000
vn 1.000000 0.000000 0.000000
v 48.750000 88.100000 -45.000000
vt 1.000000 0.000000
vn 1.000000 0.000000 0.000000
v 48.750000 81.200000 -52.500000
vt 1.000000 1.000000
vn 1.000000 0.000000 0.000000
v 48.750000 83.200000 -52.500000
vt 0.000000 1.000000
vn 1.000000 0.000000 0.000000
f 5923/5923/5923 5924/5924/5924 5925/5925/5925
f 5923/5923/5923 5925/5925/5925 5926/5926/5926
v 48.750000 83.200000 -52.500000
vt 0.000000 0.000000
vn 0.000000 -0.000000 -1.000000
v 48.750000 81.200000 -52.500000
vt 1.000000 0.000000
vn 0.000000 -0.000000 -1.000000
v 37.000000 81.200000 -52.500000
vt 1.000000 1.000000
vn 0.000000 -0.000000 -1.000000
v 37.000000 83.200000 -52.500000
vt 0.000000 1.000000
vn 0.000000 -0.000000 -1.000000
f 5927/5927/5927 5928/5928/5928 5929/5929/5929
f 5927/5927/5927 5929/5929/5929 5930/5930/5930
v 37.000000 83.200000 -52.500000
vt 0.000000 0.000000
vn -1.000000 0.000000 0.000000
v 37.000000 81.200000 -52.500000
vt 1.000000 0.000000
vn -1.000000 0.000000 0.000000
v 37.000000 88.100000 -45.000000
vt 1.000000 1.000000
vn -1.000000 0.000000 0.000000
v 37.000000 90.100000 -45.000000
vt 0.000000 1.000000
vn -1.000000 0.000000 0.000000
f 5931/5931/5931 5932/5932/5932 5933/5933/5933
f 5931/5931/5931 5933/5933/5933 5934/5934/5934
v -12.000000 124.600000 7.500000
vt 0.000000 0.000000
vn -0.000000 0.735931 0.677057
v -0.250000 124.600000 7.500000
vt 1.000000 0.000000
vn -0.000000 0.735931 0.677057
v -0.250000 131.500000 0.000000
vt 1.000000 1.000000
vn -0.000000 0.735931 0.677057
v -12.000000 131.500000 0.000000
vt 0.000000 1.000000
vn -0.000000 0.735931 0.677057
f 5935/5935/5935 5936/5936/5936 5937/5937/5937
f 5935/5935/5935 5937/5937/5937 5938/5938/5938
v -12.000000 129.500000 0.000000
vt 0.000000 0.000000
vn 0.000000 -0.735931 -0.677057
v -0.250000 129.500000 0.000000
vt 1.000000 0.000000
vn 0.000000 -0.735931 -0.677057
v -0.250000 122.600000 7.500000
vt 1.000000 1.000000
vn 0.000000 -0.735931 -0.677057
v -12.000000 122.600000 7.500000
vt 0.000000 1.000000
vn 0.000000 -0.735931 -0.677057
f 5939/5939/5939 5940/5940/5940 5941/5941/5941
f 5939/5939/5939 5941/5941/5941 5942/5942/5942
v -12.000000 124.600000 7.500000
vt 0.000000 0.000000
vn 0.000000 0.000000 1.000000
v -12.000000 122.600000 7.500000
vt 1.000000 0.000000
vn 0.000000 0.000000 1.000000
v -0.250000 122.600000 7.500000
vt 1.000000 1.000000
vn 0.000000 0.000000 1.000000
v -0.250000 124.600000 7.500000
vt 0.000000 1.000000
vn 0.000000 0.000000 1.000000
f 5943/5943/5943 5944/5944/5944 5945/5945/5945
f 5943/5943/5943 5945/5945/5945 5946/5946/5946
v -0.250000 124.600000 7.500000
vt 0.000000 0.000000
vn 1.000000 0.000000 0.000000
v -0.250000 122.600000 7.500000
vt 1.000000 0.000000
vn 1.000000 0.000000 0.000000
v -0.250000 129.500000 0.000000
vt 1.000000 1.000000
vn 1.000000 0.000000 0.000000
v -0.250000 131.500000 0.000000
vt 0.000000 1.000000
vn 1.000000 0.000000 0.000000
f 5947/5947/5947 5948/5948/5948 5949/5949/5949
f 5947/5947/5947 5949/5949/5949 5950/5950/5950
v -0.250000 131.500000 0.000000
vt 0.000000 0.000000
vn 0.000000 -0.000000 -1.000000
v -0.250000 129.500000 0.000000
vt 1.000000 0.000000
vn 0.000000 -0.000000 -1.000000
v -12.000000 129.500000 0.000000
vt 1.000000 1.000000
vn 0.000000 -0.000000 -1.000000
v -12.000000 131.500000 0.000000
vt 0.000000 1.000000
vn 0.000000 -0.000000 -1.000000
f 5951/5951/5951 5952/5952/5952 5953/5953/5953
f 5951/5951/5951 5953/5953/5953 5954/5954/5954
v -12.000000 131.500000 0.000000
vt 0.000000 0.000000
vn -1.000000 0.000000 0.000000
v -12.000000 129.500000 0.000000
vt 1.000000 0.000000
vn -1.000000 0.000000 0.000000
v -12.000000 122.600000 7.500000
vt 1.000000 1.000000
vn -1.000000 0.000000 0.000000
v -12.000000 124.600000 7.500000
vt 0.000000 1.000000
vn -1.000000 0.000000 0.000000
f 5955/5955/5955 5956/5956/5956 5957/5957/5957
f 5955/5955/5955 5957/5957/5957 5958/5958/5958
v 12.500000 124.600000 7.500000
vt 0.000000 0.000000
vn -0.000000 0.735931 0.677057
v 24.250000 124.600000 7.500000
vt 1.000000 0.000000
vn -0.000000 0.735931 0.677057
v 24.250000 131.500000 0.000000
vt 1.000000 1.000000
vn -0.000000 0.735931 0.677057
v 12.500000 131.500000 0.000000
vt 0.000000 1.000000
vn -0.000000 0.735931 0.677057
f 5959/5959/5959 5960/5960/5960 5961/5961/5961
f 5959/5959/5959 5961/5961/5961 5962/5962/5962
v 12.500000 129.500000 0.000000
vt 0.000000 0.000000
vn 0.000000 -0.735931 -0.677057
v 24.250000 129.500000 0.000000
vt 1.000000 0.000000
vn 0.000000 -0.735931 -0.677057
v 24.250000 122.600000 7.500000
vt 1.000000 1.000000
vn 0.000000 -0.735931 -0.677057
v 12.500000 122.600000 7.500000
vt 0.000000 1.000000
vn 0.000000 -0.735931 -0.677057
f 5963/5963/5963 5964/5964/5964 5965/5965/5965
f 5963/5963/5963 5965/5965/5965 5966/5966/5966
v 12.500000 124.600000 7.500000
vt 0.000000 0.000000
vn 0.000000 0.000000 1.000000
v 12.500000 122.600000 7.500000
vt 1.000000 0.000000
vn 0.000000 0.000000 1.000000
v 24.250000 122.600000 7.500000
vt 1.000000 1.000000
vn 0.000000 0.000000 1.000000
v 24.250000 124.600000 7.500000
vt 0.000000 1.000000
vn 0.000000 0.000000 1.000000
f 5967/5967/5967 5968/5968/5968 5969/5969/5969
f 5967/5967/5967 5969/5969/5969 5970/5970/5970
v 24.250000 124.600000 7.500000
vt 0.000000 0.000000
vn 1.000000 0.000000 0.000000
v 24.250000 122.600000 7.500000
vt 1.000000 0.000000
vn 1.000000 0.000000 0.000000
v 24.250000 129.500000 0.000000
vt 1.000000 1.000000
vn 1.000000 0.000000 0.000000
v 24.250000 131.500000 0.000000
vt 0.000000 1.000000
vn 1.000000 0.000000 0.000000
f 5971/5971/5971 5972/5972/5972 5973/5973/5973
f 5971/5971/5971 5973/5973/5973 5974/5974/5974
v 24.250000 131.500000 0.000000
vt 0.000000 0.000000
vn 0.000000 -0.000000 -1.000000
v 24.250000 129.500000 0.000000
vt 1.000000 0.000000
vn 0.000000 -0.000000 -1.000000
v 12.500000 129.500000 0.000000
vt 1.000000 1.000000
vn 0.000000 -0.000000 -1.000000
v 12.500000 131.500000 0.000000
vt 0.000000 1.000000
vn 0.000000 -0.000000 -1.000000
f 5975/5975/5975 5976/5976/5976 5977/5977/5977
f 5975/5975/5975 5977/5977/5977 5978/5978/5978
v 12.500000 131.500000 0.000000
vt 0.000000 0.000000
vn -1.000000 0.000000 0.000000
v 12.500000 129.500000 0.000000
vt 1.000000 0.000000
vn -1.000000 0.000000 0.000000
v 12.500000 122.600000 7.500000
vt 1.000000 1.000000
vn -1.000000 0.000000 0.000000
v 12.500000 124.600000 7.500000
vt 0.000000 1.000000
vn -1.000000 0.000000 0.000000
f 5979/5979/5979 5980/5980/5980 5981/5981/5981
f 5979/5979/5979 5981/5981/5981 5982/5982/5982
v -48.750000 117.700000 15.000000
vt 0.000000 0.000000
vn -0.000000 0.735931 0.677057
v -37.000000 117.700000 15.000000
vt 1.000000 0.000000
vn -0.000000 0.735931 0.677057
v -37.000000 124.600000 7.500000
vt 1.000000 1.000000
vn -0.000000 0.735931 0.677057
v -48.750000 124.600000 7.500000
vt 0.000000 1.000000
vn -0.000000 0.735931 0.677057
f 5983/5983/5983 5984/5984/5984 5985/5985/5985
f 5983/5983/5983 5985/5985/5985 5986/5986/5986
v -48.750000 122.600000 7.500000
vt 0.000000 0.000000
vn 0.000000 -0.735931 -0.677057
v -37.000000 122.600000 7.500000
vt 1.000000 0.000000
vn 0.000000 -0.735931 -0.677057
v -37.000000 115.700000 15.000000
vt 1.000000 1.000000
vn 0.000000 -0.735931 -0.677057
v -48.750000 115.700000 15.000000
vt 0.000000 1.000000
vn 0.000000 -0.735931 -0.677057
f 5987/5987/5987 5988/5988/5988 5989/5989/5989
f 5987/5987/5987 5989/5989/5989 5990/5990/5990
v -48.750000 117.700000 15.000000
vt 0.000000 0.000000
vn 0.000000 0.000000 1.000000
v -48.750000 115.700000 15.000000
vt 1.000000 0.000000
vn 0.000000 0.000000 1.000000
v -37.000000 115.700000 15.000000
vt 1.000000 1.000000
vn 0.000000 0.000000 1.000000
v -37.000000 117.700000 15.000000
vt 0.000000 1.000000
vn 0.000000 0.000000 1.000000
f 5991/5991/5991 5992/5992/5992 5993/5993/5993
f 5991/5991/5991 5993/5993/5993 5994/5994/5994
v -37.000000 117.700000 15.000000
vt 0.000000 0.000000
vn 1.000000 0.000000 0.000000
v -37.000000 115.700000 15.000000
vt 1.000000 0.000000
vn 1.000000 0.000000 0.000000
v -37.000000 122.600000 7.500000
vt 1.000000 1.000000
vn 1.000000 0.000000 0.000000
v -37.000000 124.600000 7.500000
vt 0.000000 1.000000
vn 1.000000 0.000000 0.000000
f 5995/5995/5995 5996/5996/5996 5997/5997/5997
f 5995/5995/5995 5997/5997/5997 5998/5998/5998
v -37.000000 124.600000 7.500000
vt 0.000000 0.000000
vn 0.000000 -0.000000 -1.000000
v -37.000000 122.600000 7.500000
vt 1.000000 0.000000
vn 0.000000 -0.000000 -1.000000
v -48.750000 122.600000 7.500000
vt 1.000000 1.000000
vn 0.000000 -0.000000 -1.000000
v -48.750000 124.600000 7.500000
vt 0.000000 1.000000
vn 0.000000 -0.000000 -1.000000
f 5999/5999/5999 6000/6000/6000 6001/6001/6001
f 5999/5999/5999 6001/6001/6001 6002/6002/6002
v -48.750000 124.600000 7.500000
vt 0.000000 0.000000
vn -1.000000 0.000000 0.000000
v -48.750000 122.600000 7.500000
vt 1.000000 0.000000
vn -1.000000 0.000000 0.000000
v -48.750000 115.700000 15.000000
vt 1.000000 1.000000
vn -1.000000 0.000000 0.000000
v -48.750000 117.700000 15.000000
vt 0.000000 1.000000
vn -1.000000 0.000000 0.000000
f 6003/6003/6003 6004/6004/6004 6005/6005/6005
f 6003/6003/6003 6005/6005/6005 6006/6006/6006
v 24.750000 117.700000 15.000000
vt 0.000000 0.000000
vn -0.000000 0.735931 0.677057
v 36.500000 117.700000 15.000000
vt 1.000000 0.000000
vn -0.000000 0.735931 0.677057
v 36.500000 124.600000 7.500000
vt 1.000000 1.000000
vn -0.000000 0.735931 0.677057
v 24.750000 124.600000 7.500000
vt 0.000000 1.000000
vn -0.000000 0.735931 0.677057
f 6007/6007/6007 6008/6008/6008 6009/6009/6009
f 6007/6007/6007 6009/6009/6009 6010/6010/6010
v 24.750000 122.600000 7.500000
vt 0.000000 0.000000
vn 0.000000 -0.735931 -0.677057
v 36.500000 122.600000 7.500000
vt 1.000000 0.000000
vn 0.000000 -0.735931 -0.677057
v 36.500000 115.700000 15.000000
vt 1.000000 1.000000
vn 0.000000 -0.735931 -0.677057
v 24.750000 115.700000 15.000000
vt 0.000000 1.000000
vn 0.000000 -0.735931 -0.677057
f 6011/6011/6011 6012/6012/6012 6013/6013/6013
f 6011/6011/6011 6013/6013/6013 6014/6014/6014
v 24.750000 117.700000 15.000000
vt 0.000000 0.000000
vn 0.000000 0.000000 1.000000
v 24.750000 115.700000 15.000000
vt 1.000000 0.000000
vn 0.000000 0.000000 1.000000
v 36.500000 115.700000 15.000000
vt 1.000000 1.000000
vn 0.000000 0.000000 1.000000
v 36.500000 117.700000 15.000000
vt 0.000000 1.000000
vn 0.000000 0.000000 1.000000
f 6015/6015/6015 6016/6016/6016 6017/6017/6017
f 6015/6015/6015 6017/6017/6017 6018/6018/6018
v 36.500000 117.700000 15.000000
vt 0.000000 0.000000
vn 1.000000 0.000000 0.000000
v 36.500000 115.700000 15.000000
vt 1.000000 0.000000
vn 1.000000 0.000000 0.000000
v 36.500000 122.600000 7.500000
vt 1.000000 1.000000
vn 1.000000 0.000000 0.000000
v 36.500000 124.600000 7.500000
vt 0.000000 1.000000
vn 1.000000 0.000000 0.000000
f 6019/6019/6019 6020/6020/6020 6021/6021/6021
f 6019/6019/6019 6021/6021/6021 6022/6022/6022
v 36.500000 124.600000 7.500000
vt 0.000000 0.000000
vn 0.000000 -0.000000 -1.000000
v 36.500000 122.600000 7.500000
vt 1.000000 0.000000
vn 0.000000 -0.000000 -1.000000
v 24.750000 122.600000 7.500000
vt 1.000000 1.000000
vn 0.000000 -0.000000 -1.000000
v 24.750000 124.600000 7.500000
vt 0.000000 1.000000
vn 0.000000 -0.000000 -1.000000
f 6023/6023/6023 6024/6024/6024 6025/6025/6025
f 6023/6023/6023 6025/6025/6025 6026/6026/6026
v 24.750000 124.600000 7.500000
vt 0.000000 0.000000
vn -1.000000 0.000000 0.000000
v 24.750000 122.600000 7.500000
vt 1.000000 0.000000
vn -1.000000 0.000000 0.000000
v 24.750000 115.700000 15.000000
vt 1.000000 1.000000
vn -1.000000 0.000000 0.000000
v 24.750000 117.700000 15.000000
vt 0.000000 1.000000
vn -1.000000 0.000000 0.000000
f 6027/6027/6027 6028/6028/6028 6029/6029/6029
f 6027/6027/6027 6029/6029/6029 6030/6030/6030
v 86.000000 117.700000 15.000000
vt 0.000000 0.000000
vn -0.000000 0.735931 0.677057
v 97.750000 117.700000 15.000000
vt 1.000000 0.000000
vn -0.000000 0.735931 0.677057
v 97.750000 124.600000 7.500000
vt 1.000000 1.000000
vn -0.000000 0.735931 0.677057
v 86.000000 124.600000 7.500000
vt 0.000000 1.000000
vn -0.000000 0.735931 0.677057
f 6031/6031/6031 6032/6032/6032 6033/6033/6033
f 6031/6031/6031 6033/6033/6033 6034/6034/6034
v 86.000000 122.600000 7.500000
vt 0.000000 0.000000
vn 0.000000 -0.735931 -0.677057
v 97.750000 122.600000 7.500000
vt 1.000000 0.000000
vn 0.000000 -0.735931 -0.677057
v 97.750000 115.700000 15.000000
vt 1.000000 1.000000
vn 0.000000 -0.735931 -0.677057
v 86.000000 115.700000 15.000000
vt 0.000000 1.000000
vn 0.000000 -0.735931 -0.677057
f 6035/6035/6035 6036/6036/6036 6037/6037/6037
f 6035/6035/6035 6037/6037/6037 6038/6038/6038
v 86.000000 117.700000 15.000000
vt 0.000000 0.000000
vn 0.000000 0.000000 1.000000
v 86.000000 115.700000 15.000000
vt 1.000000 0.000000
vn 0.000000 0.000000 1.000000
v 97.750000 115.700000 15.000000
vt 1.000000 1.000000
vn 0.000000 0.000000 1.000000
v 97.750000 117.700000 15.000000
vt 0.000000 1.000000
vn 0.000000 0.000000 1.000000
f 6039/6039/6039 6040/6040/6040 6041/6041/6041
f 6039/6039/6039 6041/6041/6041 6042/6042/6042
v 97.750000 117.700000 15.000000
vt 0.000000 0.000000
vn 1.000000 0.000000 0.000000
v 97.750000 115.700000 15.000000
vt 1.000000 0.000000
vn 1.000000 0.000000 0.000000
v 97.750000 122.600000 7.500000
vt 1.000000 1.000000
vn 1.000000 0.000000 0.000000
v 97.750000 124.600000 7.500000
vt 0.000000 1.000000
vn 1.000000 0.000000 0.000000
f 6043/6043/6043 6044/6044/6044 6045/6045/6045
f 6043/6043/6043 6045/6045/6045 6046/6046/6046
v 97.750000 124.600000 7.500000
vt 0.000000 0.000000
vn 0.000000 -0.000000 -1.000000
v 97.750000 122.600000 7.500000
vt 1.000000 0.000000
vn 0.000000 -0.000000 -1.000000
v 86.000000 122.600000 7.500000
vt 1.000000 1.000000
vn 0.000000 -0.000000 -1.000000
v 86.000000 124.600000 7.500000
vt 0.000000 1.000000
vn 0.000000 -0.000000 -1.000000
f 6047/6047/6047 6048/6048/6048 6049/6049/6049
f 6047/6047/6047 6049/6049/6049 6050/6050/6050
v 86.000000 124.600000 7.500000
vt 0.000000 0.000000
vn -1.000000 0.000000 0.000000
v 86.000000 122.600000 7.500000
vt 1.000000 0.000000
vn -1.000000 0.000000 0.000000
v 86.000000 115.700000 15.000000
vt 1.000000 1.000000
vn -1.000000 0.000000 0.000000
v 86.000000 117.700000 15.000000
vt 0.000000 1.000000
vn -1.000000 0.000000 0.000000
f 6051/6051/6051 6052/6052/6052 6053/6053/6053
f 6051/6051/6051 6053/6053/6053 6054/6054/6054
v -24.250000 110.800000 22.500000
vt 0.000000 0.000000
vn -0.000000 0.735931 0.677057
v -12.500000 110.800000 22.500000
vt 1.000000 0.000000
vn -0.000000 0.735931 0.677057
v -12.500000 117.700000 15.000000
vt 1.000000 1.000000
vn -0.000000 0.735931 0.677057
v -24.250000 117.700000 15.000000
vt 0.000000 1.000000
vn -0.000000 0.735931 0.677057
f 6055/6055/6055 6056/6056/6056 6057/6057/6057
f 6055/6055/6055 6057/6057/6057 6058/6058/6058
v -24.250000 115.700000 15.000000
vt 0.000000 0.000000
vn 0.000000 -0.735931 -0.677057
v -12.500000 115.700000 15.000000
vt 1.000000 0.000000
vn 0.000000 -0.735931 -0.677057
v -12.500000 108.800000 22.500000
vt 1.000000 1.000000
vn 0.000000 -0.735931 -0.677057
v -24.250000 108.800000 22.500000
vt 0.000000 1.000000
vn 0.000000 -0.735931 -0.677057
f 6059/6059/6059 6060/6060/6060 6061/6061/6061
f 6059/6059/6059 6061/6061/6061 6062/6062/6062
v -24.250000 110.800000 22.500000
vt 0.000000 0.000000
vn 0.000000 0.000000 1.000000
v -24.250000 108.800000 22.500000
vt 1.000000 0.000000
vn 0.000000 0.000000 1.000000
v -12.500000 108.800000 22.500000
vt 1.000000 1.000000
vn 0.000000 0.000000 1.000000
v -12.500000 110.800000 22.500000
vt 0.000000 1.000000
vn 0.000000 0.000000 1.000000
f 6063/6063/6063 6064/6064/6064 6065/6065/6065
f 6063/6063/6063 6065/6065/6065 6066/6066/6066
v -12.500000 110.800000 22.500000
vt 0.000000 0.000000
vn 1.000000 0.000000 0.000000
v -12.500000 108.800000 22.500000
vt 1.000000 0.000000
vn 1.000000 0.000000 0.000000
v -12.500000 115.700000 15.000000
vt 1.000000 1.000000
vn 1.000000 0.000000 0.000000
v -12.500000 117.700000 15.000000
vt 0.000000 1.000000
vn 1.000000 0.000000 0.000000
f 6067/6067/6067 6068/6068/6068 6069/6069/6069
f 6067/6067/6067 6069/6069/6069 6070/6070/6070
v -12.500000 117.700000 15.000000
vt 0.000000 0.000000
vn 0.000000 -0.000000 -1.000000
v -12.500000 115.700000 15.000000
vt 1.000000 0.000000
vn 0.000000 -0.000000 -1.000000
v -24.250000 115.700000 15.000000
vt 1.000000 1.000000
vn 0.000000 -0.000000 -1.000000
v -24.250000 117.700000 15.000000
vt 0.000000 1.000000
vn 0.000000 -0.000000 -1.000000
f 6071/6071/6071 6072/6072/6072 6073/6073/6073
f 6071/6071/6071 6073/6073/6073 6074/6074/6074
v -24.250000 117.700000 15.000000
vt 0.000000 0.000000
vn -1.000000 0.000000 0.000000
v -24.250000 115.700000 15.000000
vt 1.000000 0.000000
vn -1.000000 0.000000 0.000000
v -24.250000 108.800000 22.500000
vt 1.000000 1.000000
vn -1.000000 0.000000 0.000000
v -24.250000 110.800000 22.500000
vt 0.000000 1.000000
vn -1.000000 0.000000 0.000000
f 6075/6075/6075 6076/6076/6076 6077/6077/6077
f 6075/6075/6075 6077/6077/6077 6078/6078/6078
v -12.000000 110.800000 22.500000
vt 0.000000 0.000000
vn -0.000000 0.735931 0.677057
v -0.250000 110.800000 22.500000
vt 1.000000 0.000000
vn -0.000000 0.735931 0.677057
v -0.250000 117.700000 15.000000
vt 1.000000 1.000000
vn -0.000000 0.735931 0.677057
v -12.000000 117.700000 15.000000
vt 0.000000 1.000000
vn -0.000000 0.735931 0.677057
f 6079/6079/6079 6080/6080/6080 6081/6081/6081
f 6079/6079/6079 6081/6081/6081 6082/6082/6082
v -12.000000 115.700000 15.000000
vt 0.000000 0.000000
vn 0.000000 -0.735931 -0.677057
v -0.250000 115.700000 15.000000
vt 1.000000 0.000000
vn 0.000000 -0.735931 -0.677057
v -0.250000 108.800000 22.500000
vt 1.000000 1.000000
vn 0.000000 -0.735931 -0.677057
v -12.000000 108.800000 22.500000
vt 0.000000 1.000000
vn 0.000000 -0.735931 -0.677057
f 6083/6083/6083 6084/6084/6084 6085/6085/6085
f 6083/6083/6083 6085/6085/6085 6086/6086/6086
v -12.000000 110.800000 22.500000
vt 0.000000 0.000000
vn 0.000000 0.000000 1.000000
v -12.000000 108.800000 22.500000
vt 1.000000 0.000000
vn 0.000000 0.000000 1.000000
v -0.250000 108.800000 22.500000
vt 1.000000 1.000000
vn 0.000000 0.000000 1.000000
v -0.250000 110.800000 22.500000
vt 0.000000 1.000000
vn 0.000000 0.000000 1.000000
f 6087/6087/6087 6088/6088/6088 6089/6089/6089
f 6087/6087/6087 6089/6089/6089 6090/6090/6090
v -0.250000 110.800000 22.500000
vt 0.000000 0.000000
vn 1.000000 0.000000 0.000000
v -0.250000 108.800000 22.500000
vt 1.000000 0.000000
vn 1.000000 0.000000 0.000000
v -0.250000 115.700000 15.000000
vt 1.000000 1.000000
vn 1.000000 0.000000 0.000000
v -0.250000 117.700000 15.000000
vt 0.000000 1.000000
vn 1.000000 0.000000 0.000000
f 6091/6091/6091 6092/6092/6092 6093/6093/6093
f 6091/6091/6091 6093/6093/6093 6094/6094/6094
v -0.250000 117.700000 15.000000
vt 0.000000 0.000000
vn 0.000000 -0.000000 -1.000000
v -0.250000 115.700000 15.000000
vt 1.000000 0.000000
vn 0.000000 -0.000000 -1.000000
v -12.000000 115.700000 15.000000
vt 1.000000 1.000000
vn 0.000000 -0.000000 -1.000000
v -12.000000 117.700000 15.000000
vt 0.000000 1.000000
vn 0.000000 -0.000000 -1.000000
f 6095/6095/6095 6096/6096/6096 6097/6097/6097
f 6095/6095/6095 6097/6097/6097 6098/6098/6098
v -12.000000 117.700000 15.000000
vt 0.000000 0.000000
vn -1.000000 0.000000 0.000000
v -12.000000 115.700000 15.000000
vt 1.000000 0.000000
vn -1.000000 0.000000 0.000000
v -12.000000 108.800000 22.500000
vt 1.000000 1.000000
vn -1.000000 0.000000 0.000000
v -12.000000 110.800000 22.500000
vt 0.000000 1.000000
vn -1.000000 0.000000 0.000000
f 6099/6099/6099 6100/6100/6100 6101/6101/6101
f 6099/6099/6099 6101/6101/6101 6102/6102/6102
v -97.750000 103.900000 30.000000
vt 0.000000 0.000000
vn -0.000000 0.735931 0.677057
v -86.000000 103.900000 30.000000
vt 1.000000 0.000000
vn -0.000000 0.735931 0.677057
v -86.000000 110.800000 22.500000
vt 1.000000 1.000000
vn -0.000000 0.735931 0.677057
v -97.750000 110.800000 22.500000
vt 0.000000 1.000000
vn -0.000000 0.735931 0.677057
f 6103/6103/6103 6104/6104/6104 6105/6105/6105
f 6103/6103/6103 6105/6105/6105 6106/6106/6106
v -97.750000 108.800000 22.500000
vt 0.000000 0.000000
vn 0.000000 -0.735931 -0.677057
v -86.000000 108.800000 22.500000
vt 1.000000 0.000000
vn 0.000000 -0.735931 -0.677057
v -86.000000 101.900000 30.000000
vt 1.000000 1.000000
vn 0.000000 -0.735931 -0.677057
v -97.750000 101.900000 30.000000
vt 0.000000 1.000000
vn 0.000000 -0.735931 -0.677057
f 6107/6107/6107 6108/6108/6108 6109/6109/6109
f 6107/6107/6107 6109/6109/6109 6110/6110/6110
v -97.750000 103.900000 30.000000
vt 0.000000 0.000000
vn 0.000000 0.000000 1.000000
v -97.750000 101.900000 30.000000
vt 1.000000 0.000000
vn 0.000000 0.000000 1.000000
v -86.000000 101.900000 30.000000
vt 1.000000 1.000000
vn 0.000000 0.000000 1.000000
v -86.000000 103.900000 30.000000
vt 0.000000 1.000000
vn 0.000000 0.000000 1.000000
f 6111/6111/6111 6112/6112/6112 6113/6113/6113
f 6111/6111/6111 6113/6113/6113 6114/6114/6114
v -86.000000 103.900000 30.000000
vt 0.000000 0.000000
vn 1.000000 0.000000 0.000000
v -86.000000 101.900000 30.000000
vt 1.000000 0.000000
vn 1.000000 0.000000 0.000000
v -86.000000 108.800000 22.500000
vt 1.000000 1.000000
vn 1.000000 0.000000 0.000000
v -86.000000 110.800000 22.500000
vt 0.000000 1.000000
vn 1.000000 0.000000 0.000000
f 6115/6115/6115 6116/6116/6116 6117/6117/6117
f 6115/6115/6115 6117/6117/6117 6118/6118/6118
v -86.000000 110.800000 22.500000
vt 0.000000 0.000000
vn 0.000000 -0.000000 -1.000000
v -86.000000 108.800000 22.500000
vt 1.000000 0.000000
vn 0.000000 -0.000000 -1.000000
v -97.750000 108.800000 22.500000
vt 1.000000 1.000000
vn 0.000000 -0.000000 -1.000000
v -97.750000 110.800000 22.500000
vt 0.000000 1.000000
vn 0.000000 -0.000000 -1.000000
f 6119/6119/6119 6120/6120/6120 6121/6121/6121
f 6119/6119/6119 6121/6121/6121 6122/6122/6122
v -97.750000 110.800000 22.500000
vt 0.000000 0.000000
vn -1.000000 0.000000 0.000000
v -97.750000 108.800000 22.500000
vt 1.000000 0.000000
vn -1.000000 0.000000 0.000000
v -97.750000 101.900000 30.000000
vt 1.000000 1.000000
vn -1.000000 0.000000 0.000000
v -97.750000 103.900000 30.000000
vt 0.000000 1.000000
vn -1.000000 0.000000 0.000000
f 6123/6123/6123 6124/6124/6124 6125/6125/6125
f 6123/6123/6123 6125/6125/6125 6126/6126/6126
v 0.250000 103.900000 30.000000
vt 0.000000 0.000000
vn -0.000000 0.735931 0.677057
v 12.000000 103.900000 30.000000
vt 1.000000 0.000000
vn -0.000000 0.735931 0.677057
v 12.000000 110.800000 22.500000
vt 1.000000 1.000000
vn -0.000000 0.735931 0.677057
v 0.250000 110.800000 22.500000
vt 0.000000 1.000000
vn -0.000000 0.735931 0.677057
f 6127/6127/6127 6128/6128/6128 6129/6129/6129
f 6127/6127/6127 6129/6129/6129 6130/6130/6130
v 0.250000 108.800000 22.500000
vt 0.000000 0.000000
vn 0.000000 -0.735931 -0.677057
v 12.000000 108.800000 22.500000
vt 1.000000 0.000000
vn 0.000000 -0.735931 -0.677057
v 12.000000 101.900000 30.000000
vt 1.000000 1.000000
vn 0.000000 -0.735931 -0.677057
v 0.250000 101.900000 30.000000
vt 0.000000 1.000000
vn 0.000000 -0.735931 -0.677057
f 6131/6131/6131 6132/6132/6132 6133/6133/6133
f 6131/6131/6131 6133/6133/6133 6134/6134/6134
v 0.250000 103.900000 30.000000
vt 0.000000 0.000000
vn 0.000000 0.000000 1.000000
v 0.250000 101.900000 30.000000
vt 1.000000 0.000000
vn 0.000000 0.000000 1.000000
v 12.000000 101.900000 30.000000
vt 1.000000 1.000000
vn 0.000000 0.000000 1.000000
v 12.000000 103.900000 30.000000
vt 0.000000 1.000000
vn 0.000000 0.000000 1.000000
f 6135/6135/6135 6136/6136/6136 6137/6137/6137
f 6135/6135/6135 6137/6137/6137 6138/6138/6138
v 12.000000 103.900000 30.000000
vt 0.000000 0.000000
vn 1.000000 0.000000 0.000000
v 12.000000 101.900000 30.000000
vt 1.000000 0.000000
vn 1.000000 0.000000 0.000000
v 12.000000 108.800000 22.500000
vt 1.000000 1.000000
vn 1.000000 0.000000 0.000000
v 12.000000 110.800000 22.500000
vt 0.000000 1.000000
vn 1.000000 0.000000 0.000000
f 6139/6139/6139 6140/6140/6140 6141/6141/6141
f 6139/6139/6139 6141/6141/6141 6142/6142/6142
v 12.000000 110.800000 22.500000
vt 0.000000 0.000000
vn 0.000000 -0.000000 -1.000000
v 12.000000 108.800000 22.500000
vt 1.000000 0.000000
vn 0.000000 -0.000000 -1.000000
v 0.250000 108.800000 22.500000
vt 1.000000 1.000000
vn 0.000000 -0.000000 -1.000000
v 0.250000 110.800000 22.500000
vt 0.000000 1.000000
vn 0.000000 -0.000000 -1.000000
f 6143/6143/6143 6144/6144/6144 6145/6145/6145
f 6143/6143/6143 6145/6145/6145 6146/6146/6146
v 0.250000 110.800000 22.500000
vt 0.000000 0.000000
vn -1.000000 0.000000 0.000000
v 0.250000 108.800000 22.500000
vt 1.000000 0.000000
vn -1.000000 0.000000 0.000000
v 0.250000 101.900000 30.000000
vt 1.000000 1.000000
vn -1.000000 0.000000 0.000000
v 0.250000 103.900000 30.000000
vt 0.000000 1.000000
vn -1.000000 0.000000 0.000000
f 6147/6147/6147 6148/6148/6148 6149/6149/6149
f 6147/6147/6147 6149/6149/6149 6150/6150/6150
v 37.000000 103.900000 30.000000
vt 0.000000 0.000000
vn -0.000000 0.735931 0.677057
v 48.750000 103.900000 30.000000
vt 1.000000 0.000000
vn -0.000000 0.735931 0.677057
v 48.750000 110.800000 22.500000
vt 1.000000 1.000000
vn -0.000000 0.735931 0.677057
v 37.000000 110.800000 22.500000
vt 0.000000 1.000000
vn -0.000000 0.735931 0.677057
f 6151/6151/6151 6152/6152/6152 6153/6153/6153
f 6151/6151/6151 6153/6153/6153 6154/6154/6154
v 37.000000 108.800000 22.500000
vt 0.000000 0.000000
vn 0.000000 -0.735931 -0.677057
v 48.750000 108.800000 22.500000
vt 1.000000 0.000000
vn 0.000000 -0.735931 -0.677057
v 48.750000 101.900000 30.000000
vt 1.000000 1.000000
vn 0.000000 -0.735931 -0.677057
v 37.000000 101.900000 30.000000
vt 0.000000 1.000000
vn 0.000000 -0.735931 -0.677057
f 6155/6155/6155 6156/6156/6156 6157/6157/6157
f 6155/6155/6155 6157/6157/6157 6158/6158/6158
v 37.000000 103.900000 30.000000
vt 0.000000 0.000000
vn 0.000000 0.000000 1.000000
v 37.000000 101.900000 30.000000
vt 1.000000 0.000000
vn 0.000000 0.000000 1.000000
v 48.750000 101.900000 30.000000
vt 1.000000 1.000000
vn 0.000000 0.000000 1.000000
v 48.750000 103.900000 30.000000
vt 0.000000 1.000000
vn 0.000000 0.000000 1.000000
f 6159/6159/6159 6160/6160/6160 6161/6161/6161
f 6159/6159/6159 6161/6161/6161 6162/6162/6162
v 48.750000 103.900000 30.000000
vt 0.000000 0.000000
vn 1.000000 0.000000 0.000000
v 48.750000 101.900000 30.000000
vt 1.000000 0.000000
vn 1.000000 0.000000 0.000000
v 48.750000 108.800000 22.500000
vt 1.000000 1.000000
vn 1.000000 0.000000 0.000000
v 48.750000 110.800000 22.500000
vt 0.000000 1.000000
vn 1.000000 0.000000 0.000000
f 6163/6163/6163 6164/6164/6164 6165/6165/6165
f 6163/6163/6163 6165/6165/6165 6166/6166/6166
v 48.750000 110.800000 22.500000
vt 0.000000 0.000000
vn 0.000000 -0.000000 -1.000000
v 48.750000 108.800000 22.500000
vt 1.000000 0.000000
vn 0.000000 -0.000000 -1.000000
v 37.000000 108.800000 22.500000
vt 1.000000 1.000000
vn 0.000000 -0.000000 -1.000000
v 37.000000 110.800000 22.500000
vt 0.000000 1.000000
vn 0.000000 -0.000000 -1.000000
f 6167/6167/6167 6168/6168/6168 6169/6169/6169
f 6167/6167/6167 6169/6169/6169 6170/6170/6170
v 37.000000 110.800000 22.500000
vt 0.000000 0.000000
vn -1.000000 0.000000 0.000000
v 37.000000 108.800000 22.500000
vt 1.000000 0.000000
vn -1.000000 0.000000 0.000000
v 37.000000 101.900000 30.000000
vt 1.000000 1.000000
vn -1.000000 0.000000 0.000000
v 37.000000 103.900000 30.000000
vt 0.000000 1.000000
vn -1.000000 0.000000 0.000000
f 6171/6171/6171 6172/6172/6172 6173/6173/6173
f 6171/6171/6171 6173/6173/6173 6174/6174/6174
v -73.250000 97.000000 37.500000
vt 0.000000 0.000000
vn -0.000000 0.735931 0.677057
v -61.500000 97.000000 37.500000
vt 1.000000 0.000000
vn -0.000000 0.735931 0.677057
v -61.500000 103.900000 30.000000
vt 1.000000 1.000000
vn -0.000000 0.735931 0.677057
v -73.250000 103.900000 30.000000
vt 0.000000 1.000000
vn -0.000000 0.735931 0.677057
f 6175/6175/6175 6176/6176/6176 6177/6177/6177
f 6175/6175/6175 6177/6177/6177 6178/6178/6178
v -73.250000 101.900000 30.000000
vt 0.000000 0.000000
vn 0.000000 -0.735931 -0.677057
v -61.500000 101.900000 30.000000
vt 1.000000 0.000000
vn 0.000000 -0.735931 -0.677057
v -61.500000 95.000000 37.500000
vt 1.000000 1.000000
vn 0.000000 -0.735931 -0.677057
v -73.250000 95.000000 37.500000
vt 0.000000 1.000000
vn 0.000000 -0.735931 -0.677057
f 6179/6179/6179 6180/6180/6180 6181/6181/6181
f 6179/6179/6179 6181/6181/6181 6182/6182/6182
v -73.250000 97.000000 37.500000
vt 0.000000 0.000000
vn 0.000000 0.000000 1.000000
v -73.250000 95.000000 37.500000
vt 1.000000 0.000000
vn 0.000000 0.000000 1.000000
v -61.500000 95.000000 37.500000
vt 1.000000 1.000000
vn 0.000000 0.000000 1.000000
v -61.500000 97.000000 37.500000
vt 0.000000 1.000000
vn 0.000000 0.000000 1.000000
f 6183/6183/6183 6184/6184/6184 6185/6185/6185
f 6183/6183/6183 6185/6185/6185 6186/6186/6186
v -61.500000 97.000000 37.500000
vt 0.000000 0.000000
vn 1.000000 0.000000 0.000000
v -61.500000 95.000000 37.500000
vt 1.000000 0.000000
vn 1.000000 0.000000 0.000000
v -61.500000 101.900000 30.000000
vt 1.000000 1.000000
vn 1.000000 0.000000 0.000000
v -61.500000 103.900000 30.000000
vt 0.000000 1.000000
vn 1.000000 0.000000 0.000000
f 6187/6187/6187 6188/6188/6188 6189/6189/6189
f 6187/6187/6187 6189/6189/6189 6190/6190/6190
v -61.500000 103.900000 30.000000
vt 0.000000 0.000000
vn 0.000000 -0.000000 -1.000000
v -61.500000 101.900000 30.000000
vt 1.000000 0.000000
vn 0.000000 -0.000000 -1.000000
v -73.250000 101.900000 30.000000
vt 1.000000 1.000000
vn 0.000000 -0.000000 -1.000000
v -73.250000 103.900000 30.000000
vt 0.000000 1.000000
vn 0.000000 -0.000000 -1.000000
f 6191/6191/6191 6192/6192/6192 6193/6193/6193
f 6191/6191/6191 6193/6193/6193 6194/6194/6194
v -73.250000 103.900000 30.000000
vt 0.000000 0.000000
vn -1.000000 0.000000 0.000000
v -73.250000 101.900000 30.000000
vt 1.000000 0.000000
vn -1.000000 0.000000 0.000000
v -73.250000 95.000000 37.500000
vt 1.000000 1.000000
vn -1.000000 0.000000 0.000000
v -73.250000 97.000000 37.500000
vt 0.000000 1.000000
vn -1.000000 0.000000 0.000000
f 6195/6195/6195 6196/6196/6196 6197/6197/6197
f 6195/6195/6195 6197/6197/6197 6198/6198/6198
v 24.750000 97.000000 37.500000
vt 0.000000 0.000000
vn -0.000000 0.735931 0.677057
v 36.500000 97.000000 37.500000
vt 1.000000 0.000000
vn -0.000000 0.735931 0.677057
v 36.500000 103.900000 30.000000
vt 1.000000 1.000000
vn -0.000000 0.735931 0.677057
v 24.750000 103.900000 30.000000
vt 0.000000 1.000000
vn -0.000000 0.735931 0.677057
f 6199/6199/6199 6200/6200/6200 6201/6201/6201
f 6199/6199/6199 6201/6201/6201 6202/6202/6202
v 24.750000 101.900000 30.000000
vt 0.000000 0.000000
vn 0.000000 -0.735931 -0.677057
v 36.500000 101.900000 30.000000
vt 1.000000 0.000000
vn 0.000000 -0.735931 -0.677057
v 36.500000 95.000000 37.500000
vt 1.000000 1.000000
vn 0.000000 -0.735931 -0.677057
v 24.750000 95.000000 37.500000
vt 0.000000 1.000000
vn 0.000000 -0.735931 -0.677057
f 6203/6203/6203 6204/6204/6204 6205/6205/6205
f 6203/6203/6203 6205/6205/6205 6206/6206/6206
v 24.750000 97.000000 37.500000
vt 0.000000 0.000000
vn 0.000000 0.000000 1.000000
v 24.750000 95.000000 37.500000
vt 1.000000 0.000000
vn 0.000000 0.000000 1.000000
v 36.500000 95.000000 37.500000
vt 1.000000 1.000000
vn 0.000000 0.000000 1.000000
v 36.500000 97.000000 37.500000
vt 0.000000 1.000000
vn 0.000000 0.000000 1.000000
f 6207/6207/6207 6208/6208/6208 6209/6209/6209
f 6207/6207/6207 6209/6209/6209 6210/6210/6210
v 36.500000 97.000000 37.500000
vt 0.000000 0.000000
vn 1.000000 0.000000 0.000000
v 36.500000 95.000000 37.500000
vt 1.000000 0.000000
vn 1.000000 0.000000 0.000000
v 36.500000 101.900000 30.000000
vt 1.000000 1.000000
vn 1.000000 0.000000 0.000000
v 36.500000 103.900000 30.000000
vt 0.000000 1.000000
vn 1.000000 0.000000 0.000000
f 6211/6211/6211 6212/6212/6212 6213/6213/6213
f 6211/6211/6211 6213/6213/6213 6214/6214/6214
v 36.500000 103.900000 30.000000
vt 0.000000 0.000000
vn 0.000000 -0.000000 -1.000000
v 36.500000 101.900000 30.000000
vt 1.000000 0.000000
vn 0.000000 -0.000000 -1.000000
v 24.750000 101.900000 30.000000
vt 1.000000 1.000000
vn 0.000000 -0.000000 -1.000000
v 24.750000 103.900000 30.000000
vt 0.000000 1.000000
vn 0.000000 -0.000000 -1.000000
f 6215/6215/6215 6216/6216/6216 6217/6217/6217
f 6215/6215/6215 6217/6217/6217 6218/6218/6218
v 24.750000 103.900000 30.000000
vt 0.000000 0.000000
vn -1.000000 0.000000 0.000000
v 24.750000 101.900000 30.000000
vt 1.000000 0.000000
vn -1.000000 0.000000 0.000000
v 24.750000 95.000000 37.500000
vt 1.000000 1.000000
vn -1.000000 0.000000 0.000000
v 24.750000 97.000000 37.500000
vt 0.000000 1.000000
vn -1.000000 0.000000 0.000000
f 6219/6219/6219 6220/6220/6220 6221/6221/6221
f 6219/6219/6219 6221/6221/6221 6222/6222/6222
v 61.500000 97.000000 37.500000
vt 0.000000 0.000000
vn -0.000000 0.735931 0.677057
v 73.250000 97.000000 37.500000
vt 1.000000 0.000000
vn -0.000000 0.735931 0.677057
v 73.250000 103.900000 30.000000
vt 1.000000 1.000000
vn -0.000000 0.735931 0.677057
v 61.500000 103.900000 30.000000
vt 0.000000 1.000000
vn -0.000000 0.735931 0.677057
f 6223/6223/6223 6224/6224/6224 6225/6225/6225
f 6223/6223/6223 6225/6225/6225 6226/6226/6226
v 61.500000 101.900000 30.000000
vt 0.000000 0.000000
vn 0.000000 -0.735931 -0.677057
v 73.250000 101.900000 30.000000
vt 1.000000 0.000000
vn 0.000000 -0.735931 -0.677057
v 73.250000 95.000000 37.500000
vt 1.000000 1.000000
vn 0.000000 -0.735931 -0.677057
v 61.500000 95.000000 37.500000
vt 0.000000 1.000000
vn 0.000000 -0.735931 -0.677057
f 6227/6227/6227 6228/6228/6228 6229/6229/6229
f 6227/6227/6227 6229/6229/6229 6230/6230/6230
v 61.500000 97.000000 37.500000
vt 0.000000 0.000000
vn 0.000000 0.000000 1.000000
v 61.500000 95.000000 37.500000
vt 1.000000 0.000000
vn 0.000000 0.000000 1.000000
v 73.250000 95.000000 37.500000
vt 1.000000 1.000000
vn 0.000000 0.000000 1.000000
v 73.250000 97.000000 37.500000
vt 0.000000 1.000000
vn 0.000000 0.000000 1.000000
f 6231/6231/6231 6232/6232/6232 6233/6233/6233
f 6231/6231/6231 6233/6233/6233 6234/6234/6234
v 73.250000 97.000000 37.500000
vt 0.000000 0.000000
vn 1.000000 0.000000 0.000000
v 73.250000 95.000000 37.500000
vt 1.000000 0.000000
vn 1.000000 0.000000 0.000000
v 73.250000 101.900000 30.000000
vt 1.000000 1.000000
vn 1.000000 0.000000 0.000000
v 73.250000 103.900000 30.000000
vt 0.000000 1.000000
vn 1.000000 0.000000 0.000000
f 6235/6235/6235 6236/6236/6236 6237/6237/6237
f 6235/6235/6235 6237/6237/6237 6238/6238/6238
v 73.250000 103.900000 30.000000
vt 0.000000 0.000000
vn 0.000000 -0.000000 -1.000000
v 73.250000 101.900000 30.000000
vt 1.000000 0.000000
vn 0.000000 -0.000000 -1.000000
v 61.500000 101.900000 30.000000
vt 1.000000 1.000000
vn 0.000000 -0.000000 -1.000000
v 61.500000 103.900000 30.000000
vt 0.000000 1.000000
vn 0.000000 -0.000000 -1.000000
f 6239/6239/6239 6240/6240/6240 6241/6241/6241
f 6239/6239/6239 6241/6241/6241 6242/6242/6242
v 61.500000 103.900000 30.000000
vt 0.000000 0.000000
vn -1.000000 0.000000 0.000000
v 61.500000 101.900000 30.000000
vt 1.000000 0.000000
vn -1.000000 0.000000 0.000000
v 61.500000 95.000000 37.500000
vt 1.000000 1.000000
vn -1.000000 0.000000 0.000000
v 61.500000 97.000000 37.500000
vt 0.000000 1.000000
vn -1.000000 0.000000 0.000000
f 6243/6243/6243 6244/6244/6244 6245/6245/6245
f 6243/6243/6243 6245/6245/6245 6246/6246/6246
v -61.000000 90.100000 45.000000
vt 0.000000 0.000000
vn -0.000000 0.735931 0.677057
v -49.250000 90.100000 45.000000
vt 1.000000 0.000000
vn -0.000000 0.735931 0.677057
v -49.250000 97.000000 37.500000
vt 1.000000 1.000000
vn -0.000000 0.735931 0.677057
v -61.000000 97.000000 37.500000
vt 0.000000 1.000000
vn -0.000000 0.735931 0.677057
f 6247/6247/6247 6248/6248/6248 6249/6249/6249
f 6247/6247/6247 6249/6249/6249 6250/6250/6250
v -61.000000 95.000000 37.500000
vt 0.000000 0.000000
vn 0.000000 -0.735931 -0.677057
v -49.250000 95.000000 37.500000
vt 1.000000 0.000000
vn 0.000000 -0.735931 -0.677057
v -49.250000 88.100000 45.000000
vt 1.000000 1.000000
vn 0.000000 -0.735931 -0.677057
v -61.000000 88.100000 45.000000
vt 0.000000 1.000000
vn 0.000000 -0.735931 -0.677057
f 6251/6251/6251 6252/6252/6252 6253/6253/6253
f 6251/6251/6251 6253/6253/6253 6254/6254/6254
v -61.000000 90.100000 45.000000
vt 0.000000 0.000000
vn 0.000000 0.000000 1.000000
v -61.000000 88.100000 45.000000
vt 1.000000 0.000000
vn 0.000000 0.000000 1.000000
v -49.250000 88.100000 45.000000
vt 1.000000 1.000000
vn 0.000000 0.000000 1.000000
v -49.250000 90.100000 45.000000
vt 0.000000 1.000000
vn 0.000000 0.000000 1.000000
f 6255/6255/6255 6256/6256/6256 6257/6257/6257
f 6255/6255/6255 6257/6257/6257 6258/6258/6258
v -49.250000 90.100000 45.000000
vt 0.000000 0.000000
vn 1.000000 0.000000 0.000000
v -49.250000 88.100000 45.000000
vt 1.000000 0.000000
vn 1.000000 0.000000 0.000000
v -49.250000 95.000000 37.500000
vt 1.000000 1.000000
vn 1.000000 0.000000 0.000000
v -49.250000 97.000000 37.500000
vt 0.000000 1.000000
vn 1.000000 0.000000 0.000000
f 6259/6259/6259 6260/6260/6260 6261/6261/6261
f 6259/6259/6259 6261/6261/6261 6262/6262/6262
v -49.250000 97.000000 37.500000
vt 0.000000 0.000000
vn 0.000000 -0.000000 -1.000000
v -49.250000 95.000000 37.500000
vt 1.000000 0.000000
vn 0.000000 -0.000000 -1.000000
v -61.000000 95.000000 37.500000
vt 1.000000 1.000000
vn 0.000000 -0.000000 -1.000000
v -61.000000 97.000000 37.500000
vt 0.000000 1.000000
vn 0.000000 -0.000000 -1.000000
f 6263/6263/6263 6264/6264/6264 6265/6265/6265
f 6263/6263/6263 6265/6265/6265 6266/6266/6266
v -61.000000 97.000000 37.500000
vt 0.000000 0.000000
vn -1.000000 0.000000 0.000000
v -61.000000 95.000000 37.500000
vt 1.000000 0.000000
vn -1.000000 0.000000 0.000000
v -61.000000 88.100000 45.000000
vt 1.000000 1.000000
vn -1.000000 0.000000 0.000000
v -61.000000 90.100000 45.000000
vt 0.000000 1.000000
vn -1.000000 0.000000 0.000000
f 6267/6267/6267 6268/6268/6268 6269/6269/6269
f 6267/6267/6267 6269/6269/6269 6270/6270/6270
v -48.750000 90.100000 45.000000
vt 0.000000 0.000000
vn -0.000000 0.735931 0.677057
v -37.000000 90.100000 45.000000
vt 1.000000 0.000000
vn -0.000000 0.735931 0.677057
v -37.000000 97.000000 37.500000
vt 1.000000 1.000000
vn -0.000000 0.735931 0.677057
v -48.750000 97.000000 37.500000
vt 0.000000 1.000000
vn -0.000000 0.735931 0.677057
f 6271/6271/6271 6272/6272/6272 6273/6273/6273
f 6271/6271/6271 6273/6273/6273 6274/6274/6274
v -48.750000 95.000000 37.500000
vt 0.000000 0.000000
vn 0.000000 -0.735931 -0.677057
v -37.000000 95.000000 37.500000
vt 1.000000 0.000000
vn 0.000000 -0.735931 -0.677057
v -37.000000 88.100000 45.000000
vt 1.000000 1.000000
vn 0.000000 -0.735931 -0.677057
v -48.750000 88.100000 45.000000
vt 0.000000 1.000000
vn 0.000000 -0.735931 -0.677057
f 6275/6275/6275 6276/6276/6276 6277/6277/6277
f 6275/6275/6275 6277/6277/6277 6278/6278/6278
v -48.750000 90.100000 45.000000
vt 0.000000 0.000000
vn 0.000000 0.000000 1.000000
v -48.750000 88.100000 45.000000
vt 1.000000 0.000000
vn 0.000000 0.000000 1.000000
v -37.000000 88.100000 45.000000
vt 1.000000 1.000000
vn 0.000000 0.000000 1.000000
v -37.000000 90.100000 45.000000
vt 0.000000 1.000000
vn 0.000000 0.000000 1.000000
f 6279/6279/6279 6280/6280/6280 6281/6281/6281
f 6279/6279/6279 6281/6281/6281 6282/6282/6282
v -37.000000 90.100000 45.000000
vt 0.000000 0.000000
vn 1.000000 0.000000 0.000000
v -37.000000 88.100000 45.000000
vt 1.000000 0.000000
vn 1.000000 0.000000 0.000000
v -37.000000 95.000000 37.500000
vt 1.000000 1.000000
vn 1.000000 0.000000 0.000000
v -37.000000 97.000000 37.500000
vt 0.000000 1.000000
vn 1.000000 0.000000 0.000000
f 6283/6283/6283 6284/6284/6284 6285/6285/6285
f 6283/6283/6283 6285/6285/6285 6286/6286/6286
v -37.000000 97.000000 37.500000
vt 0.000000 0.000000
vn 0.000000 -0.000000 -1.000000
v -37.000000 95.000000 37.500000
vt 1.000000 0.000000
vn 0.000000 -0.000000 -1.000000
v -48.750000 95.000000 37.500000
vt 1.000000 1.000000
vn 0.000000 -0.000000 -1.000000
v -48.750000 97.000000 37.500000
vt 0.000000 1.000000
vn 0.000000 -0.000000 -1.000000
f 6287/6287/6287 6288/6288/6288 6289/6289/6289
f 6287/6287/6287 6289/6289/6289 6290/6290/6290
v -48.750000 97.000000 37.500000
vt 0.000000 0.000000
vn -1.000000 0.000000 0.000000
v -48.750000 95.000000 37.500000
vt 1.000000 0.000000
vn -1.000000 0.000000 0.000000
v -48.750000 88.100000 45.000000
vt 1.000000 1.000000
vn -1.000000 0.000000 0.000000
v -48.750000 90.100000 45.000000
vt 0.000000 1.000000
vn -1.000000 0.000000 0.000000
f 6291/6291/6291 6292/6292/6292 6293/6293/6293
f 6291/6291/6291 6293/6293/6293 6294/6294/6294
v 73.750000 90.100000 45.000000
vt 0.000000 0.000000
vn -0.000000 0.735931 0.677057
v 85.500000 90.100000 45.000000
vt 1.000000 0.000000
vn -0.000000 0.735931 0.677057
v 85.500000 97.000000 37.500000
vt 1.000000 1.000000
vn -0.000000 0.735931 0.677057
v 73.750000 97.000000 37.500000
vt 0.000000 1.000000
vn -0.000000 0.735931 0.677057
f 6295/6295/6295 6296/6296/6296 6297/6297/6297
f 6295/6295/6295 6297/6297/6297 6298/6298/6298
v 73.750000 95.000000 37.500000
vt 0.000000 0.000000
vn 0.000000 -0.735931 -0.677057
v 85.500000 95.000000 37.500000
vt 1.000000 0.000000
vn 0.000000 -0.735931 -0.677057
v 85.500000 88.100000 45.000000
vt 1.000000 1.000000
vn 0.000000 -0.735931 -0.677057
v 73.750000 88.100000 45.000000
vt 0.000000 1.000000
vn 0.000000 -0.735931 -0.677057
f 6299/6299/6299 6300/6300/6300 6301/6301/6301
f 6299/6299/6299 6301/6301/6301 6302/6302/6302
v 73.750000 90.100000 45.000000
vt 0.000000 0.000000
vn 0.000000 0.000000 1.000000
v 73.750000 88.100000 45.000000
vt 1.000000 0.000000
vn 0.000000 0.000000 1.000000
v 85.500000 88.100000 45.000000
vt 1.000000 1.000000
vn 0.000000 0.000000 1.000000
v 85.500000 90.100000 45.000000
vt 0.000000 1.000000
vn 0.000000 0.000000 1.000000
f 6303/6303/6303 6304/6304/6304 6305/6305/6305
f 6303/6303/6303 6305/6305/6305 6306/6306/6306
v 85.500000 90.100000 45.000000
vt 0.000000 0.000000
vn 1.000000 0.000000 0.000000
v 85.500000 88.100000 45.000000
vt 1.000000 0.000000
vn 1.000000 0.000000 0.000000
v 85.500000 95.000000 37.500000
vt 1.000000 1.000000
vn 1.000000 0.000000 0.000000
v 85.500000 97.000000 37.500000
vt 0.000000 1.000000
vn 1.000000 0.000000 0.000000
f 6307/6307/6307 6308/6308/6308 6309/6309/6309
f 6307/6307/6307 6309/6309/6309 6310/6310/6310
v 85.500000 97.000000 37.500000
vt 0.000000 0.000000
vn 0.000000 -0.000000 -1.000000
v 85.500000 95.000000 37.500000
vt 1.000000 0.000000
vn 0.000000 -0.000000 -1.000000
v 73.750000 95.000000 37.500000
vt 1.000000 1.000000
vn 0.000000 -0.000000 -1.000000
v 73.750000 97.000000 37.500000
vt 0.000000 1.000000
vn 0.000000 -0.000000 -1.000000
f 6311/6311/6311 6312/6312/6312 6313/6313/6313
f 6311/6311/6311 6313/6313/6313 6314/6314/6314
v 73.750000 97.000000 37.500000
vt 0.000000 0.000000
vn -1.000000 0.000000 0.000000
v 73.750000 95.000000 37.500000
vt 1.000000 0.000000
vn -1.000000 0.000000 0.000000
v 73.750000 88.100000 45.000000
vt 1.000000 1.000000
vn -1.000000 0.000000 0.000000
v 73.750000 90.100000 45.000000
vt 0.000000 1.000000
vn -1.000000 0.000000 0.000000
f 6315/6315/6315 6316/6316/6316 6317/6317/6317
f 6315/6315/6315 6317/6317/6317 6318/6318/6318
v 86.000000 90.100000 45.000000
vt 0.000000 0.000000
vn -0.000000 0.735931 0.677057
v 97.750000 90.100000 45.000000
vt 1.000000 0.000000
vn -0.000000 0.735931 0.677057
v 97.750000 97.000000 37.500000
vt 1.000000 1.000000
vn -0.000000 0.735931 0.677057
v 86.000000 97.000000 37.500000
vt 0.000000 1.000000
vn -0.000000 0.735931 0.677057
f 6319/6319/6319 6320/6320/6320 6321/6321/6321
f 6319/6319/6319 6321/6321/6321 6322/6322/6322
v 86.000000 95.000000 37.500000
vt 0.000000 0.000000
vn 0.000000 -0.735931 -0.677057
v 97.750000 95.000000 37.500000
vt 1.000000 0.000000
vn 0.000000 -0.735931 -0.677057
v 97.750000 88.100000 45.000000
vt 1.000000 1.000000
vn 0.000000 -0.735931 -0.677057
v 86.000000 88.100000 45.000000
vt 0.000000 1.000000
vn 0.000000 -0.735931 -0.677057
f 6323/6323/6323 6324/6324/6324 6325/6325/6325
f 6323/6323/6323 6325/6325/6325 6326/6326/6326
v 86.000000 90.100000 45.000000
vt 0.000000 0.000000
vn 0.000000 0.000000 1.000000
v 86.000000 88.100000 45.000000
vt 1.000000 0.000000
vn 0.000000 0.000000 1.000000
v 97.750000 88.100000 45.000000
vt 1.000000 1.000000
vn 0.000000 0.000000 1.000000
v 97.750000 90.100000 45.000000
vt 0.000000 1.000000
vn 0.000000 0.000000 1.000000
f 6327/6327/6327 6328/6328/6328 6329/6329/6329
f 6327/6327/6327 6329/6329/6329 6330/6330/6330
v 97.750000 90.100000 45.000000
vt 0.000000 0.000000
vn 1.000000 0.000000 0.000000
v 97.750000 88.100000 45.000000
vt 1.000000 0.000000
vn 1.000000 0.000000 0.000000
v 97.750000 95.000000 37.500000
vt 1.000000 1.000000
vn 1.000000 0.000000 0.000000
v 97.750000 97.000000 37.500000
vt 0.000000 1.000000
vn 1.000000 0.000000 0.000000
f 6331/6331/6331 6332/6332/6332 6333/6333/6333
f 6331/6331/6331 6333/6333/6333 6334/6334/6334
v 97.750000 97.000000 37.500000
vt 0.000000 0.000000
vn 0.000000 -0.000000 -1.000000
v 97.750000 95.000000 37.500000
vt 1.000000 0.000000
vn 0.000000 -0.000000 -1.000000
v 86.000000 95.000000 37.500000
vt 1.000000 1.000000
vn 0.000000 -0.000000 -1.000000
v 86.000000 97.000000 37.500000
vt 0.000000 1.000000
vn 0.000000 -0.000000 -1.000000
f 6335/6335/6335 6336/6336/6336 6337/6337/6337
f 6335/6335/6335 6337/6337/6337 6338/6338/6338
v 86.000000 97.000000 37.500000
vt 0.000000 0.000000
vn -1.000000 0.000000 0.000000
v 86.000000 95.000000 37.500000
vt 1.000000 0.000000
vn -1.000000 0.000000 0.000000
v 86.000000 88.100000 45.000000
vt 1.000000 1.000000
vn -1.000000 0.000000 0.000000
v 86.000000 90.100000 45.000000
vt 0.000000 1.000000
vn -1.000000 0.000000 0.000000
f 6339/6339/6339 6340/6340/6340 6341/6341/6341
f 6339/6339/6339 6341/6341/6341 6342/6342/6342
v -97.750000 83.200000 52.500000
vt 0.000000 0.000000
vn -0.000000 0.735931 0.677057
v -86.000000 83.200000 52.500000
vt 1.000000 0.000000
vn -0.000000 0.735931 0.677057
v -86.000000 90.100000 45.000000
vt 1.000000 1.000000
vn -0.000000 0.735931 0.677057
v -97.750000 90.100000 45.000000
vt 0.000000 1.000000
vn -0.000000 0.735931 0.677057
f 6343/6343/6343 6344/6344/6344 6345/6345/6345
f 6343/6343/6343 6345/6345/6345 6346/6346/6346
v -97.750000 88.100000 45.000000
vt 0.000000 0.000000
vn 0.000000 -0.735931 -0.677057
v -86.000000 88.100000 45.000000
vt 1.000000 0.000000
vn 0.000000 -0.735931 -0.677057
v -86.000000 81.200000 52.500000
vt 1.000000 1.000000
vn 0.000000 -0.735931 -0.677057
v -97.750000 81.200000 52.500000
vt 0.000000 1.000000
vn 0.000000 -0.735931 -0.677057
f 6347/6347/6347 6348/6348/6348 6349/6349/6349
f 6347/6347/6347 6349/6349/6349 6350/6350/6350
v -97.750000 83.200000 52.500000
vt 0.000000 0.000000
vn 0.000000 0.000000 1.000000
v -97.750000 81.200000 52.500000
vt 1.000000 0.000000
vn 0.000000 0.000000 1.000000
v -86.000000 81.200000 52.500000
vt 1.000000 1.000000
vn 0.000000 0.000000 1.000000
v -86.000000 83.200000 52.500000
vt 0.000000 1.000000
vn 0.000000 0.000000 1.000000
f 6351/6351/6351 6352/6352/6352 6353/6353/6353
f 6351/6351/6351 6353/6353/6353 6354/6354/6354
v -86.000000 83.200000 52.500000
vt 0.000000 0.000000
vn 1.000000 0.000000 0.000000
v -86.000000 81.200000 52.500000
vt 1.000000 0.000000
vn 1.000000 0.000000 0.000000
v -86.000000 88.100000 45.000000
vt 1.000000 1.000000
vn 1.000000 0.000000 0.000000
v -86.000000 90.100000 45.000000
vt 0.000000 1.000000
vn 1.000000 0.000000 0.000000
f 6355/6355/6355 6356/6356/6356 6357/6357/6357
f 6355/6355/6355 6357/6357/6357 6358/6358/6358
v -86.000000 90.100000 45.000000
vt 0.000000 0.000000
vn 0.000000 -0.000000 -1.000000
v -86.000000 88.100000 45.000000
vt 1.000000 0.000000
vn 0.000000 -0.000000 -1.000000
v -97.750000 88.100000 45.000000
vt 1.000000 1.000000
vn 0.000000 -0.000000 -1.000000
v -97.750000 90.100000 45.000000
vt 0.000000 1.000000
vn 0.000000 -0.000000 -1.000000
f 6359/6359/6359 6360/6360/6360 6361/6361/6361
f 6359/6359/6359 6361/6361/6361 6362/6362/6362
v -97.750000 90.100000 45.000000
vt 0.000000 0.000000
vn -1.000000 0.000000 0.000000
v -97.750000 88.100000 45.000000
vt 1.000000 0.000000
vn -1.000000 0.000000 0.000000
v -97.750000 81.200000 52.500000
vt 1.000000 1.000000
vn -1.000000 0.000000 0.000000
v -97.750000 83.200000 52.500000
vt 0.000000 1.000000
vn -1.000000 0.000000 0.000000
f 6363/6363/6363 6364/6364/6364 6365/6365/6365
f 6363/6363/6363 6365/6365/6365 6366/6366/6366
v -24.250000 83.200000 52.500000
vt 0.000000 0.000000
vn -0.000000 0.735931 0.677057
v -12.500000 83.200000 52.500000
vt 1.000000 0.000000
vn -0.000000 0.735931 0.677057
v -12.500000 90.100000 45.000000
vt 1.000000 1.000000
vn -0.000000 0.735931 0.677057
v -24.250000 90.100000 45.000000
vt 0.000000 1.000000
vn -0.000000 0.735931 0.677057
f 6367/6367/6367 6368/6368/6368 6369/6369/6369
f 6367/6367/6367 6369/6369/6369 6370/6370/6370
v -24.250000 88.100000 45.000000
vt 0.000000 0.000000
vn 0.000000 -0.735931 -0.677057
v -12.500000 88.100000 45.000000
vt 1.000000 0.000000
vn 0.000000 -0.735931 -0.677057
v -12.500000 81.200000 52.500000
vt 1.000000 1.000000
vn 0.000000 -0.735931 -0.677057
v -24.250000 81.200000 52.500000
vt 0.000000 1.000000
vn 0.000000 -0.735931 -0.677057
f 6371/6371/6371 6372/6372/6372 6373/6373/6373
f 6371/6371/6371 6373/6373/6373 6374/6374/6374
v -24.250000 83.200000 52.500000
vt 0.000000 0.000000
vn 0.000000 0.000000 1.000000
v -24.250000 81.200000 52.500000
vt 1.000000 0.000000
vn 0.000000 0.000000 1.000000
v -12.500000 81.200000 52.500000
vt 1.000000 1.000000
vn 0.000000 0.000000 1.000000
v -12.500000 83.200000 52.500000
vt 0.000000 1.000000
vn 0.000000 0.000000 1.000000
f 6375/6375/6375 6376/6376/6376 6377/6377/6377
f 6375/6375/6375 6377/6377/6377 6378/6378/6378
v -12.500000 83.200000 52.500000
vt 0.000000 0.000000
vn 1.000000 0.000000 0.000000
v -12.500000 81.200000 52.500000
vt 1.000000 0.000000
vn 1.000000 0.000000 0.000000
v -12.500000 88.100000 45.000000
vt 1.000000 1.000000
vn 1.000000 0.000000 0.000000
v -12.500000 90.100000 45.000000
vt 0.000000 1.000000
vn 1.000000 0.000000 0.000000
f 6379/6379/6379 6380/6380/6380 6381/6381/6381
f 6379/6379/6379 6381/6381/6381 6382/6382/6382
v -12.500000 90.100000 45.000000
vt 0.000000 0.000000
vn 0.000000 -0.000000 -1.000000
v -12.500000 88.100000 45.000000
vt 1.000000 0.000000
vn 0.000000 -0.000000 -1.000000
v -24.250000 88.100000 45.000000
vt 1.000000 1.000000
vn 0.000000 -0.000000 -1.000000
v -24.250000 90.100000 45.000000
vt 0.000000 1.000000
vn 0.000000 -0.000000 -1.000000
f 6383/6383/6383 6384/6384/6384 6385/6385/6385
f 6383/6383/6383 6385/6385/6385 6386/6386/6386
v -24.250000 90.100000 45.000000
vt 0.000000 0.000000
vn -1.000000 0.000000 0.000000
v -24.250000 88.100000 45.000000
vt 1.000000 0.000000
vn -1.000000 0.000000 0.000000
v -24.250000 81.200000 52.500000
vt 1.000000 1.000000
vn -1.000000 0.000000 0.000000
v -24.250000 83.200000 52.500000
vt 0.000000 1.000000
vn -1.000000 0.000000 0.000000
f 6387/6387/6387 6388/6388/6388 6389/6389/6389
f 6387/6387/6387 6389/6389/6389 6390/6390/6390
v 37.000000 83.200000 52.500000
vt 0.000000 0.000000
vn -0.000000 0.735931 0.677057
v 48.750000 83.200000 52.500000
vt 1.000000 0.000000
vn -0.000000 0.735931 0.677057
v 48.750000 90.100000 45.000000
vt 1.000000 1.000000
vn -0.000000 0.735931 0.677057
v 37.000000 90.100000 45.000000
vt 0.000000 1.000000
vn -0.000000 0.735931 0.677057
f 6391/6391/6391 6392/6392/6392 6393/6393/6393
f 6391/6391/6391 6393/6393/6393 6394/6394/6394
v 37.000000 88.100000 45.000000
vt 0.000000 0.000000
vn 0.000000 -0.735931 -0.677057
v 48.750000 88.100000 45.000000
vt 1.000000 0.000000
vn 0.000000 -0.735931 -0.677057
v 48.750000 81.200000 52.500000
vt 1.000000 1.000000
vn 0.000000 -0.735931 -0.677057
v 37.000000 81.200000 52.500000
vt 0.000000 1.000000
vn 0.000000 -0.735931 -0.677057
f 6395/6395/6395 6396/6396/6396 6397/6397/6397
f 6395/6395/6395 6397/6397/6397 6398/6398/6398
v 37.000000 83.200000 52.500000
vt 0.000000 0.000000
vn 0.000000 0.000000 1.000000
v 37.000000 81.200000 52.500000
vt 1.000000 0.000000
vn 0.000000 0.000000 1.000000
v 48.750000 81.200000 52.500000
vt 1.000000 1.000000
vn 0.000000 0.000000 1.000000
v 48.750000 83.200000 52.500000
vt 0.000000 1.000000
vn 0.000000 0.000000 1.000000
f 6399/6399/6399 6400/6400/6400 6401/6401/6401
f 6399/6399/6399 6401/6401/6401 6402/6402/6402
v 48.750000 83.200000 52.500000
vt 0.000000 0.000000
vn 1.000000 0.000000 0.000000
v 48.750000 81.200000 52.500000
vt 1.000000 0.000000
vn 1.000000 0.000000 0.000000
v 48.750000 88.100000 45.000000
vt 1.000000 1.000000
vn 1.000000 0.000000 0.000000
v 48.750000 90.100000 45.000000
vt 0.000000 1.000000
vn 1.000000 0.000000 0.000000
f 6403/6403/6403 6404/6404/6404 6405/6405/6405
f 6403/6403/6403 6405/6405/6405 6406/6406/6406
v 48.750000 90.100000 45.000000
vt 0.000000 0.000000
vn 0.000000 -0.000000 -1.000000
v 48.750000 88.100000 45.000000
vt 1.000000 0.000000
vn 0.000000 -0.000000 -1.000000
v 37.000000 88.100000 45.000000
vt 1.000000 1.000000
vn 0.000000 -0.000000 -1.000000
v 37.000000 90.100000 45.000000
vt 0.000000 1.000000
vn 0.000000 -0.000000 -1.000000
f 6407/6407/6407 6408/6408/6408 6409/6409/6409
f 6407/6407/6407 6409/6409/6409 6410/6410/6410
v 37.000000 90.100000 45.000000
vt 0.000000 0.000000
vn -1.000000 0.000000 0.000000
v 37.000000 88.100000 45.000000
vt 1.000000 0.000000
vn -1.000000 0.000000 0.000000
v 37.000000 81.200000 52.500000
vt 1.000000 1.000000
vn -1.000000 0.000000 0.000000
v 37.000000 83.200000 52.500000
vt 0.000000 1.000000
vn -1.000000 0.000000 0.000000
f 6411/6411/6411 6412/6412/6412 6413/6413/6413
f 6411/6411/6411 6413/6413/6413 6414/6414/6414
v -100.000000 129.000000 2.500000
vt 0.000000 0.000000
vn 0.000000 0.000000 1.000000
v 100.000000 129.000000 2.500000
vt 1.000000 0.000000
vn 0.000000 0.000000 1.000000
v 100.000000 134.000000 2.500000
vt 1.000000 1.000000
vn 0.000000 0.000000 1.000000
v -100.000000 134.000000 2.500000
vt 0.000000 1.000000
vn 0.000000 0.000000 1.000000
f 6415/6415/6415 6416/6416/6416 6417/6417/6417
f 6415/6415/6415 6417/6417/6417 6418/6418/6418
v 100.000000 129.000000 -2.500000
vt 0.000000 0.000000
vn 0.000000 0.000000 -1.000000
v -100.000000 129.000000 -2.500000
vt 1.000000 0.000000
vn 0.000000 0.000000 -1.000000
v -100.000000 134.000000 -2.500000
vt 1.000000 1.000000
vn 0.000000 0.000000 -1.000000
v 100.000000 134.000000 -2.500000
vt 0.000000 1.000000
vn 0.000000 0.000000 -1.000000
f 6419/6419/6419 6420/6420/6420 6421/6421/6421
f 6419/6419/6419 6421/6421/6421 6422/6422/6422
v 100.000000 129.000000 2.500000
vt 0.000000 0.000000
vn 1.000000 0.000000 0.000000
v 100.000000 129.000000 -2.500000
vt 1.000000 0.000000
vn 1.000000 0.000000 0.000000
v 100.000000 134.000000 -2.500000
vt 1.000000 1.000000
vn 1.000000 0.000000 0.000000
v 100.000000 134.000000 2.500000
vt 0.000000 1.000000
vn 1.000000 0.000000 0.000000
f 6423/6423/6423 6424/6424/6424 6425/6425/6425
f 6423/6423/6423 6425/6425/6425 6426/6426/6426
v -100.000000 129.000000 -2.500000
vt 0.000000 0.000000
vn -1.000000 0.000000 0.000000
v -100.000000 129.000000 2.500000
vt 1.000000 0.000000
vn -1.000000 0.000000 0.000000
v -100.000000 134.000000 2.500000
vt 1.000000 1.000000
vn -1.000000 0.000000 0.000000
v -100.000000 134.000000 -2.500000
vt 0.000000 1.000000
vn -1.000000 0.000000 0.000000
f 6427/6427/6427 6428/6428/6428 6429/6429/6429
f 6427/6427/6427 6429/6429/6429 6430/6430/6430
v -100.000000 134.000000 2.500000
vt 0.000000 0.000000
vn -0.000000 1.000000 0.000000
v 100.000000 134.000000 2.500000
vt 1.000000 0.000000
vn -0.000000 1.000000 0.000000
v 100.000000 134.000000 -2.500000
vt 1.000000 1.000000
vn -0.000000 1.000000 0.000000
v -100.000000 134.000000 -2.500000
vt 0.000000 1.000000
vn -0.000000 1.000000 0.000000
f 6431/6431/6431 6432/6432/6432 6433/6433/6433
f 6431/6431/6431 6433/6433/6433 6434/6434/6434
v -100.000000 129.000000 -2.500000
vt 0.000000 0.000000
vn 0.000000 -1.000000 0.000000
v 100.000000 129.000000 -2.500000
vt 1.000000 0.000000
vn 0.000000 -1.000000 0.000000
v 100.000000 129.000000 2.500000
vt 1.000000 1.000000
vn 0.000000 -1.000000 0.000000
v -100.000000 129.000000 2.500000
vt 0.000000 1.000000
vn 0.000000 -1.000000 0.000000
f 6435/6435/6435 6436/6436/6436 6437/6437/6437
f 6435/6435/6435 6437/6437/6437 6438/6438/6438
v 44.000000 153.000000 -8.000000
vt 0.000000 0.000000
vn 0.000000 0.000000 1.000000
v 59.000000 153.000000 -8.000000
vt 1.000000 0.000000
vn 0.000000 0.000000 1.000000
v 59.000000 154.000000 -8.000000
vt 1.000000 1.000000
vn 0.000000 0.000000 1.000000
v 44.000000 154.000000 -8.000000
vt 0.000000 1.000000
vn 0.000000 0.000000 1.000000
f 6439/6439/6439 6440/6440/6440 6441/6441/6441
f 6439/6439/6439 6441/6441/6441 6442/6442/6442
v 59.000000 153.000000 -22.000000
vt 0.000000 0.000000
vn 0.000000 0.000000 -1.000000
v 44.000000 153.000000 -22.000000
vt 1.000000 0.000000
vn 0.000000 0.000000 -1.000000
v 44.000000 154.000000 -22.000000
vt 1.000000 1.000000
vn 0.000000 0.000000 -1.000000
v 59.000000 154.000000 -22.000000
vt 0.000000 1.000000
vn 0.000000 0.000000 -1.000000
f 6443/6443/6443 6444/6444/6444 6445/6445/6445
f 6443/6443/6443 6445/6445/6445 6446/6446/6446
v 59.000000 153.000000 -8.000000
vt 0.000000 0.000000
vn 1.000000 0.000000 0.000000
v 59.000000 153.000000 -22.000000
vt 1.000000 0.000000
vn 1.000000 0.000000 0.000000
v 59.000000 154.000000 -22.000000
vt 1.000000 1.000000
vn 1.000000 0.000000 0.000000
v 59.000000 154.000000 -8.000000
vt 0.000000 1.000000
vn 1.000000 0.000000 0.000000
f 6447/6447/6447 6448/6448/6448 6449/6449/6449
f 6447/6447/6447 6449/6449/6449 6450/6450/6450
v 44.000000 153.000000 -22.000000
vt 0.000000 0.000000
vn -1.000000 0.000000 0.000000
v 44.000000 153.000000 -8.000000
vt 1.000000 0.000000
vn -1.000000 0.000000 0.000000
v 44.000000 154.000000 -8.000000
vt 1.000000 1.000000
vn -1.000000 0.000000 0.000000
v 44.000000 154.000000 -22.000000
vt 0.000000 1.000000
vn -1.000000 0.000000 0.000000
f 6451/6451/6451 6452/6452/6452 6453/6453/6453
f 6451/6451/6451 6453/6453/6453 6454/6454/6454
v 44.000000 154.000000 -8.000000
vt 0.000000 0.000000
vn 0.000000 1.000000 0.000000
v 59.000000 154.000000 -8.000000
vt 1.000000 0.000000
vn 0.000000 1.000000 0.000000
v 59.000000 154.000000 -22.000000
vt 1.000000 1.000000
vn 0.000000 1.000000 0.000000
v 44.000000 154.000000 -22.000000
vt 0.000000 1.000000
vn 0.000000 1.000000 0.000000
f 6455/6455/6455 6456/6456/6456 6457/6457/6457
f 6455/6455/6455 6457/6457/6457 6458/6458/6458
v 44.000000 153.000000 -22.000000
vt 0.000000 0.000000
vn 0.000000 -1.000000 0.000000
v 59.000000 153.000000 -22.000000
vt 1.000000 0.000000
vn 0.000000 -1.000000 0.000000
v 59.000000 153.000000 -8.000000
vt 1.000000 1.000000
vn 0.000000 -1.000000 0.000000
v 44.000000 153.000000 -8.000000
vt 0.000000 1.000000
vn 0.000000 -1.000000 0.000000
f 6459/6459/6459 6460/6460/6460 6461/6461/6461
f 6459/6459/6459 6461/6461/6461 6462/6462/6462
o cottage_door
usemtl door
s off
v -14.000000 10.000000 43.000000
vt 0.755000 0.255000
vn 0.000000 0.000000 1.000000
v 14.000000 10.000000 43.000000
vt 0.995000 0.255000
vn 0.000000 0.000000 1.000000
v 14.000000 59.000000 43.000000
vt 0.995000 0.495000
vn 0.000000 0.000000 1.000000
v -14.000000 59.000000 43.000000
vt 0.755000 0.495000
vn 0.000000 0.000000 1.000000
f 6463/6463/6463 6464/6464/6464 6465/6465/6465
f 6463/6463/6463 6465/6465/6465 6466/6466/6466
v 14.000000 10.000000 40.000000
vt 0.755000 0.255000
vn 0.000000 0.000000 -1.000000
v -14.000000 10.000000 40.000000
vt 0.995000 0.255000
vn 0.000000 0.000000 -1.000000
v -14.000000 59.000000 40.000000
vt 0.995000 0.495000
vn 0.000000 0.000000 -1.000000
v 14.000000 59.000000 40.000000
vt 0.755000 0.495000
vn 0.000000 0.000000 -1.000000
f 6467/6467/6467 6468/6468/6468 6469/6469/6469
f 6467/6467/6467 6469/6469/6469 6470/6470/6470
v 14.000000 10.000000 43.000000
vt 0.755000 0.255000
vn 1.000000 0.000000 0.000000
v 14.000000 10.000000 40.000000
vt 0.995000 0.255000
vn 1.000000 0.000000 0.000000
v 14.000000 59.000000 40.000000
vt 0.995000 0.495000
vn 1.000000 0.000000 0.000000
v 14.000000 59.000000 43.000000
vt 0.755000 0.495000
vn 1.000000 0.000000 0.000000
f 6471/6471/6471 6472/6472/6472 6473/6473/6473
f 6471/6471/6471 6473/6473/6473 6474/6474/6474
v -14.000000 10.000000 40.000000
vt 0.755000 0.255000
vn -1.000000 0.000000 0.000000
v -14.000000 10.000000 43.000000
vt 0.995000 0.255000
vn -1.000000 0.000000 0.000000
v -14.000000 59.000000 43.000000
vt 0.995000 0.495000
vn -1.000000 0.000000 0.000000
v -14.000000 59.000000 40.000000
vt 0.755000 0.495000
vn -1.000000 0.000000 0.000000
f 6475/6475/6475 6476/6476/6476 6477/6477/6477
f 6475/6475/6475 6477/6477/6477 6478/6478/6478
v -14.000000 59.000000 43.000000
vt 0.755000 0.255000
vn 0.000000 1.000000 0.000000
v 14.000000 59.000000 43.000000
vt 0.995000 0.255000
vn 0.000000 1.000000 0.000000
v 14.000000 59.000000 40.000000
vt 0.995000 0.495000
vn 0.000000 1.000000 0.000000
v -14.000000 59.000000 40.000000
vt 0.755000 0.495000
vn 0.000000 1.000000 0.000000
f 6479/6479/6479 6480/6480/6480 6481/6481/6481
f 6479/6479/6479 6481/6481/6481 6482/6482/6482
v -14.000000 10.000000 40.000000
vt 0.755000 0.255000
vn 0.000000 -1.000000 0.000000
v 14.000000 10.000000 40.000000
vt 0.995000 0.255000
vn 0.000000 -1.000000 0.000000
v 14.000000 10.000000 43.000000
vt 0.995000 0.495000
vn 0.000000 -1.000000 0.000000
v -14.000000 10.000000 43.000000
vt 0.755000 0.495000
vn 0.000000 -1.000000 0.000000
f 6483/6483/6483 6484/6484/6484 6485/6485/6485
f 6483/6483/6483 6485/6485/6485 6486/6486/6486
v -76.000000 34.000000 45.000000
vt 0.755000 0.255000
vn 0.000000 0.000000 1.000000
v -70.000000 34.000000 45.000000
vt 0.995000 0.255000
vn 0.000000 0.000000 1.000000
v -70.000000 63.000000 45.000000
vt 0.995000 0.495000
vn 0.000000 0.000000 1.000000
v -76.000000 63.000000 45.000000
vt 0.755000 0.495000
vn 0.000000 0.000000 1.000000
f 6487/6487/6487 6488/6488/6488 6489/6489/6489
f 6487/6487/6487 6489/6489/6489 6490/6490/6490
v -70.000000 34.000000 42.000000
vt 0.755000 0.255000
vn 0.000000 0.000000 -1.000000
v -76.000000 34.000000 42.000000
vt 0.995000 0.255000
vn 0.000000 0.000000 -1.000000
v -76.000000 63.000000 42.000000
vt 0.995000 0.495000
vn 0.000000 0.000000 -1.000000
v -70.000000 63.000000 42.000000
vt 0.755000 0.495000
vn 0.000000 0.000000 -1.000000
f 6491/6491/6491 6492/6492/6492 6493/6493/6493
f 6491/6491/6491 6493/6493/6493 6494/6494/6494
v -70.000000 34.000000 45.000000
vt 0.755000 0.255000
vn 1.000000 0.000000 0.000000
v -70.000000 34.000000 42.000000
vt 0.995000 0.255000
vn 1.000000 0.000000 0.000000
v -70.000000 63.000000 42.000000
vt 0.995000 0.495000
vn 1.000000 0.000000 0.000000
v -70.000000 63.000000 45.000000
vt 0.755000 0.495000
vn 1.000000 0.000000 0.000000
f 6495/6495/6495 6496/6496/6496 6497/6497/6497
f 6495/6495/6495 6497/6497/6497 6498/6498/6498
v -76.000000 34.000000 42.000000
vt 0.755000 0.255000
vn -1.000000 0.000000 0.000000
v -76.000000 34.000000 45.000000
vt 0.995000 0.255000
vn -1.000000 0.000000 0.000000
v -76.000000 63.000000 45.000000
vt 0.995000 0.495000
vn -1.000000 0.000000 0.000000
v -76.000000 63.000000 42.000000
vt 0.755000 0.495000
vn -1.000000 0.000000 0.000000
f 6499/6499/6499 6500/6500/6500 6501/6501/6501
f 6499/6499/6499 6501/6501/6501 6502/6502/6502
v -76.000000 63.000000 45.000000
vt 0.755000 0.255000
vn 0.000000 1.000000 0.000000
v -70.000000 63.000000 45.000000
vt 0.995000 0.255000
vn 0.000000 1.000000 0.000000
v -70.000000 63.000000 42.000000
vt 0.995000 0.495000
vn 0.000000 1.000000 0.000000
v -76.000000 63.000000 42.000000
vt 0.755000 0.495000
vn 0.000000 1.000000 0.000000
f 6503/6503/6503 6504/6504/6504 6505/6505/6505
f 6503/6503/6503 6505/6505/6505 6506/6506/6506
v -76.000000 34.000000 42.000000
vt 0.755000 0.255000
vn 0.000000 -1.000000 0.000000
v -70.000000 34.000000 42.000000
vt 0.995000 0.255000
vn 0.000000 -1.000000 0.000000
v -70.000000 34.000000 45.000000
vt 0.995000 0.495000
vn 0.000000 -1.000000 0.000000
v -76.000000 34.000000 45.000000
vt 0.755000 0.495000
vn 0.000000 -1.000000 0.000000
f 6507/6507/6507 6508/6508/6508 6509/6509/6509
f 6507/6507/6507 6509/6509/6509 6510/6510/6510
v -40.000000 34.000000 45.000000
vt 0.755000 0.255000
vn 0.000000 0.000000 1.000000
v -34.000000 34.000000 45.000000
vt 0.995000 0.255000
vn 0.000000 0.000000 1.000000
v -34.000000 63.000000 45.000000
vt 0.995000 0.495000
vn 0.000000 0.000000 1.000000
v -40.000000 63.000000 45.000000
vt 0.755000 0.495000
vn 0.000000 0.000000 1.000000
f 6511/6511/6511 6512/6512/6512 6513/6513/6513
f 6511/6511/6511 6513/6513/6513 6514/6514/6514
v -34.000000 34.000000 42.000000
vt 0.755000 0.255000
vn 0.000000 0.000000 -1.000000
v -40.000000 34.000000 42.000000
vt 0.995000 0.255000
vn 0.000000 0.000000 -1.000000
v -40.000000 63.000000 42.000000
vt 0.995000 0.495000
vn 0.000000 0.000000 -1.000000
v -34.000000 63.000000 42.000000
vt 0.755000 0.495000
vn 0.000000 0.000000 -1.000000
f 6515/6515/6515 6516/6516/6516 6517/6517/6517
f 6515/6515/6515 6517/6517/6517 6518/6518/6518
v -34.000000 34.000000 45.000000
vt 0.755000 0.255000
vn 1.000000 0.000000 0.000000
v -34.000000 34.000000 42.000000
vt 0.995000 0.255000
vn 1.000000 0.000000 0.000000
v -34.000000 63.000000 42.000000
vt 0.995000 0.495000
vn 1.000000 0.000000 0.000000
v -34.000000 63.000000 45.000000
vt 0.755000 0.495000
vn 1.000000 0.000000 0.000000
f 6519/6519/6519 6520/6520/6520 6521/6521/6521
f 6519/6519/6519 6521/6521/6521 6522/6522/6522
v -40.000000 34.000000 42.000000
vt 0.755000 0.255000
vn -1.000000 0.000000 0.000000
v -40.000000 34.000000 45.000000
vt 0.995000 0.255000
vn -1.000000 0.000000 0.000000
v -40.000000 63.000000 45.000000
vt 0.995000 0.495000
vn -1.000000 0.000000 0.000000
v -40.000000 63.000000 42.000000
vt 0.755000 0.495000
vn -1.000000 0.000000 0.000000
f 6523/6523/6523 6524/6524/6524 6525/6525/6525
f 6523/6523/6523 6525/6525/6525 6526/6526/6526
v -40.000000 63.000000 45.000000
vt 0.755000 0.255000
vn 0.000000 1.000000 0.000000
v -34.000000 63.000000 45.000000
vt 0.995000 0.255000
vn 0.000000 1.000000 0.000000
v -34.000000 63.000000 42.000000
vt 0.995000 0.495000
vn 0.000000 1.000000 0.000000
v -40.000000 63.000000 42.000000
vt 0.755000 0.495000
vn 0.000000 1.000000 0.000000
f 6527/6527/6527 6528/6528/6528 6529/6529/6529
f 6527/6527/6527 6529/6529/6529 6530/6530/6530
v -40.000000 34.000000 42.000000
vt 0.755000 0.255000
vn 0.000000 -1.000000 0.000000
v -34.000000 34.000000 42.000000
vt 0.995000 0.255000
vn 0.000000 -1.000000 0.000000
v -34.000000 34.000000 45.000000
vt 0.995000 0.495000
vn 0.000000 -1.000000 0.000000
v -40.000000 34.000000 45.000000
vt 0.755000 0.495000
vn 0.000000 -1.000000 0.000000
f 6531/6531/6531 6532/6532/6532 6533/6533/6533
f 6531/6531/6531 6533/6533/6533 6534/6534/6534
v 34.000000 34.000000 45.000000
vt 0.755000 0.255000
vn 0.000000 0.000000 1.000000
v 40.000000 34.000000 45.000000
vt 0.995000 0.255000
vn 0.000000 0.000000 1.000000
v 40.000000 63.000000 45.000000
vt 0.995000 0.495000
vn 0.000000 0.000000 1.000000
v 34.000000 63.000000 45.000000
vt 0.755000 0.495000
vn 0.000000 0.000000 1.000000
f 6535/6535/6535 6536/6536/6536 6537/6537/6537
f 6535/6535/6535 6537/6537/6537 6538/6538/6538
v 40.000000 34.000000 42.000000
vt 0.755000 0.255000
vn 0.000000 0.000000 -1.000000
v 34.000000 34.000000 42.000000
vt 0.995000 0.255000
vn 0.000000 0.000000 -1.000000
v 34.000000 63.000000 42.000000
vt 0.995000 0.495000
vn 0.000000 0.000000 -1.000000
v 40.000000 63.000000 42.000000
vt 0.755000 0.495000
vn 0.000000 0.000000 -1.000000
f 6539/6539/6539 6540/6540/6540 6541/6541/6541
f 6539/6539/6539 6541/6541/6541 6542/6542/6542
v 40.000000 34.000000 45.000000
vt 0.755000 0.255000
vn 1.000000 0.000000 0.000000
v 40.000000 34.000000 42.000000
vt 0.995000 0.255000
vn 1.000000 0.000000 0.000000
v 40.000000 63.000000 42.000000
vt 0.995000 0.495000
vn 1.000000 0.000000 0.000000
v 40.000000 63.000000 45.000000
vt 0.755000 0.495000
vn 1.000000 0.000000 0.000000
f 6543/6543/6543 6544/6544/6544 6545/6545/6545
f 6543/6543/6543 6545/6545/6545 6546/6546/6546
v 34.000000 34.000000 42.000000
vt 0.755000 0.255000
vn -1.000000 0.000000 0.000000
v 34.000000 34.000000 45.000000
vt 0.995000 0.255000
vn -1.000000 0.000000 0.000000
v 34.000000 63.000000 45.000000
vt 0.995000 0.495000
vn -1.000000 0.000000 0.000000
v 34.000000 63.000000 42.000000
vt 0.755000 0.495000
vn -1.000000 0.000000 0.000000
f 6547/6547/6547 6548/6548/6548 6549/6549/6549
f 6547/6547/6547 6549/6549/6549 6550/6550/6550
v 34.000000 63.000000 45.000000
vt 0.755000 0.255000
vn 0.000000 1.000000 0.000000
v 40.000000 63.000000 45.000000
vt 0.995000 0.255000
vn 0.000000 1.000000 0.000000
v 40.000000 63.000000 42.000000
vt 0.995000 0.495000
vn 0.000000 1.000000 0.000000
v 34.000000 63.000000 42.000000
vt 0.755000 0.495000
vn 0.000000 1.000000 0.000000
f 6551/6551/6551 6552/6552/6552 6553/6553/6553
f 6551/6551/6551 6553/6553/6553 6554/6554/6554
v 34.000000 34.000000 42.000000
vt 0.755000 0.255000
vn 0.000000 -1.000000 0.000000
v 40.000000 34.000000 42.000000
vt 0.995000 0.255000
vn 0.000000 -1.000000 0.000000
v 40.000000 34.000000 45.000000
vt 0.995000 0.495000
vn 0.000000 -1.000000 0.000000
v 34.000000 34.000000 45.000000
vt 0.755000 0.495000
vn 0.000000 -1.000000 0.000000
f 6555/6555/6555 6556/6556/6556 6557/6557/6557
f 6555/6555/6555 6557/6557/6557 6558/6558/6558
v 70.000000 34.000000 45.000000
vt 0.755000 0.255000
vn 0.000000 0.000000 1.000000
v 76.000000 34.000000 45.000000
vt 0.995000 0.255000
vn 0.000000 0.000000 1.000000
v 76.000000 63.000000 45.000000
vt 0.995000 0.495000
vn 0.000000 0.000000 1.000000
v 70.000000 63.000000 45.000000
vt 0.755000 0.495000
vn 0.000000 0.000000 1.000000
f 6559/6559/6559 6560/6560/6560 6561/6561/6561
f 6559/6559/6559 6561/6561/6561 6562/6562/6562
v 76.000000 34.000000 42.000000
vt 0.755000 0.255000
vn 0.000000 0.000000 -1.000000
v 70.000000 34.000000 42.000000
vt 0.995000 0.255000
vn 0.000000 0.000000 -1.000000
v 70.000000 63.000000 42.000000
vt 0.995000 0.495000
vn 0.000000 0.000000 -1.000000
v 76.000000 63.000000 42.000000
vt 0.755000 0.495000
vn 0.000000 0.000000 -1.000000
f 6563/6563/6563 6564/6564/6564 6565/6565/6565
f 6563/6563/6563 6565/6565/6565 6566/6566/6566
v 76.000000 34.000000 45.000000
vt 0.755000 0.255000
vn 1.000000 0.000000 0.000000
v 76.000000 34.000000 42.000000
vt 0.995000 0.255000
vn 1.000000 0.000000 0.000000
v 76.000000 63.000000 42.000000
vt 0.995000 0.495000
vn 1.000000 0.000000 0.000000
v 76.000000 63.000000 45.000000
vt 0.755000 0.495000
vn 1.000000 0.000000 0.000000
f 6567/6567/6567 6568/6568/6568 6569/6569/6569
f 6567/6567/6567 6569/6569/6569 6570/6570/6570
v 70.000000 34.000000 42.000000
vt 0.755000 0.255000
vn -1.000000 0.000000 0.000000
v 70.000000 34.000000 45.000000
vt 0.995000 0.255000
vn -1.000000 0.000000 0.000000
v 70.000000 63.000000 45.000000
vt 0.995000 0.495000
vn -1.000000 0.000000 0.000000
v 70.000000 63.000000 42.000000
vt 0.755000 0.495000
vn -1.000000 0.000000 0.000000
f 6571/6571/6571 6572/6572/6572 6573/6573/6573
f 6571/6571/6571 6573/6573/6573 6574/6574/6574
v 70.000000 63.000000 45.000000
vt 0.755000 0.255000
vn 0.000000 1.000000 0.000000
v 76.000000 63.000000 45.000000
vt 0.995000 0.255000
vn 0.000000 1.000000 0.000000
v 76.000000 63.000000 42.000000
vt 0.995000 0.495000
vn 0.000000 1.000000 0.000000
v 70.000000 63.000000 42.000000
vt 0.755000 0.495000
vn 0.000000 1.000000 0.000000
f 6575/6575/6575 6576/6576/6576 6577/6577/6577
f 6575/6575/6575 6577/6577/6577 6578/6578/6578
v 70.000000 34.000000 42.000000
vt 0.755000 0.255000
vn 0.000000 -1.000000 0.000000
v 76.000000 34.000000 42.000000
vt 0.995000 0.255000
vn 0.000000 -1.000000 0.000000
v 76.000000 34.000000 45.000000
vt 0.995000 0.495000
vn 0.000000 -1.000000 0.000000
v 70.000000 34.000000 45.000000
vt 0.755000 0.495000
vn 0.000000 -1.000000 0.000000
f 6579/6579/6579 6580/6580/6580 6581/6581/6581
f 6579/6579/6579 6581/6581/6581 6582/6582/6582
o cottage_brass
usemtl brass
s off
v 8.000000 31.000000 46.000000
vt 0.000000 0.000000
vn 0.000000 0.000000 1.000000
v 11.000000 31.000000 46.000000
vt 1.000000 0.000000
vn 0.000000 0.000000 1.000000
v 11.000000 35.000000 46.000000
vt 1.000000 1.000000
vn 0.000000 0.000000 1.000000
v 8.000000 35.000000 46.000000
vt 0.000000 1.000000
vn 0.000000 0.000000 1.000000
f 6583/6583/6583 6584/6584/6584 6585/6585/6585
f 6583/6583/6583 6585/6585/6585 6586/6586/6586
v 11.000000 31.000000 43.000000
vt 0.000000 0.000000
vn 0.000000 0.000000 -1.000000
v 8.000000 31.000000 43.000000
vt 1.000000 0.000000
vn 0.000000 0.000000 -1.000000
v 8.000000 35.000000 43.000000
vt 1.000000 1.000000
vn 0.000000 0.000000 -1.000000
v 11.000000 35.000000 43.000000
vt 0.000000 1.000000
vn 0.000000 0.000000 -1.000000
f 6587/6587/6587 6588/6588/6588 6589/6589/6589
f 6587/6587/6587 6589/6589/6589 6590/6590/6590
v 11.000000 31.000000 46.000000
vt 0.000000 0.000000
vn 1.000000 0.000000 0.000000
v 11.000000 31.000000 43.000000
vt 1.000000 0.000000
vn 1.000000 0.000000 0.000000
v 11.000000 35.000000 43.000000
vt 1.000000 1.000000
vn 1.000000 0.000000 0.000000
v 11.000000 35.000000 46.000000
vt 0.000000 1.000000
vn 1.000000 0.000000 0.000000
f 6591/6591/6591 6592/6592/6592 6593/6593/6593
f 6591/6591/6591 6593/6593/6593 6594/6594/6594
v 8.000000 31.000000 43.000000
vt 0.000000 0.000000
vn -1.000000 0.000000 0.000000
v 8.000000 31.000000 46.000000
vt 1.000000 0.000000
vn -1.000000 0.000000 0.000000
v 8.000000 35.000000 46.000000
vt 1.000000 1.000000
vn -1.000000 0.000000 0.000000
v 8.000000 35.000000 43.000000
vt 0.000000 1.000000
vn -1.000000 0.000000 0.000000
f 6595/6595/6595 6596/6596/6596 6597/6597/6597
f 6595/6595/6595 6597/6597/6597 6598/6598/6598
v 8.000000 35.000000 46.000000
vt 0.000000 0.000000
vn 0.000000 1.000000 0.000000
v 11.000000 35.000000 46.000000
vt 1.000000 0.000000
vn 0.000000 1.000000 0.000000
v 11.000000 35.000000 43.000000
vt 1.000000 1.000000
vn 0.000000 1.000000 0.000000
v 8.000000 35.000000 43.000000
vt 0.000000 1.000000
vn 0.000000 1.000000 0.000000
f 6599/6599/6599 6600/6600/6600 6601/6601/6601
f 6599/6599/6599 6601/6601/6601 6602/6602/6602
v 8.000000 31.000000 43.000000
vt 0.000000 0.000000
vn 0.000000 -1.000000 0.000000
v 11.000000 31.000000 43.000000
vt 1.000000 0.000000
vn 0.000000 -1.000000 0.000000
v 11.000000 31.000000 46.000000
vt 1.000000 1.000000
vn 0.000000 -1.000000 0.000000
v 8.000000 31.000000 46.000000
vt 0.000000 1.000000
vn 0.000000 -1.000000 0.000000
f 6603/6603/6603 6604/6604/6604 6605/6605/6605
f 6603/6603/6603 6605/6605/6605 6606/6606/6606
o cottage_glass
usemtl glass
s off
v -68.000000 36.000000 43.000000
vt 0.000000 0.000000
vn 0.000000 0.000000 1.000000
v -42.000000 36.000000 43.000000
vt 1.000000 0.000000
vn 0.000000 0.000000 1.000000
v -42.000000 61.000000 43.000000
vt 1.000000 1.000000
vn 0.000000 0.000000 1.000000
v -68.000000 61.000000 43.000000
vt 0.000000 1.000000
vn 0.000000 0.000000 1.000000
f 6607/6607/6607 6608/6608/6608 6609/6609/6609
f 6607/6607/6607 6609/6609/6609 6610/6610/6610
v -42.000000 36.000000 41.000000
vt 0.000000 0.000000
vn 0.000000 0.000000 -1.000000
v -68.000000 36.000000 41.000000
vt 1.000000 0.000000
vn 0.000000 0.000000 -1.000000
v -68.000000 61.000000 41.000000
vt 1.000000 1.000000
vn 0.000000 0.000000 -1.000000
v -42.000000 61.000000 41.000000
vt 0.000000 1.000000
vn 0.000000 0.000000 -1.000000
f 6611/6611/6611 6612/6612/6612 6613/6613/6613
f 6611/6611/6611 6613/6613/6613 6614/6614/6614
v -42.000000 36.000000 43.000000
vt 0.000000 0.000000
vn 1.000000 0.000000 0.000000
v -42.000000 36.000000 41.000000
vt 1.000000 0.000000
vn 1.000000 0.000000 0.000000
v -42.000000 61.000000 41.000000
vt 1.000000 1.000000
vn 1.000000 0.000000 0.000000
v -42.000000 61.000000 43.000000
vt 0.000000 1.000000
vn 1.000000 0.000000 0.000000
f 6615/6615/6615 6616/6616/6616 6617/6617/6617
f 6615/6615/6615 6617/6617/6617 6618/6618/6618
v -68.000000 36.000000 41.000000
vt 0.000000 0.000000
vn -1.000000 0.000000 0.000000
v -68.000000 36.000000 43.000000
vt 1.000000 0.000000
vn -1.000000 0.000000 0.000000
v -68.000000 61.000000 43.000000
vt 1.000000 1.000000
vn -1.000000 0.000000 0.000000
v -68.000000 61.000000 41.000000
vt 0.000000 1.000000
vn -1.000000 0.000000 0.000000
f 6619/6619/6619 6620/6620/6620 6621/6621/6621
f 6619/6619/6619 6621/6621/6621 6622/6622/6622
v -68.000000 61.000000 43.000000
vt 0.000000 0.000000
vn 0.000000 1.000000 0.000000
v -42.000000 61.000000 43.000000
vt 1.000000 0.000000
vn 0.000000 1.000000 0.000000
v -42.000000 61.000000 41.000000
vt 1.000000 1.000000
vn 0.000000 1.000000 0.000000
v -68.000000 61.000000 41.000000
vt 0.000000 1.000000
vn 0.000000 1.000000 0.000000
f 6623/6623/6623 6624/6624/6624 6625/6625/6625
f 6623/6623/6623 6625/6625/6625 6626/6626/6626
v -68.000000 36.000000 41.000000
vt 0.000000 0.000000
vn 0.000000 -1.000000 0.000000
v -42.000000 36.000000 41.000000
vt 1.000000 0.000000
vn 0.000000 -1.000000 0.000000
v -42.000000 36.000000 43.000000
vt 1.000000 1.000000
vn 0.000000 -1.000000 0.000000
v -68.000000 36.000000 43.000000
vt 0.000000 1.000000
vn 0.000000 -1.000000 0.000000
f 6627/6627/6627 6628/6628/6628 6629/6629/6629
f 6627/6627/6627 6629/6629/6629 6630/6630/6630
v 42.000000 36.000000 43.000000
vt 0.000000 0.000000
vn 0.000000 0.000000 1.000000
v 68.000000 36.000000 43.000000
vt 1.000000 0.000000
vn 0.000000 0.000000 1.000000
v 68.000000 61.000000 43.000000
vt 1.000000 1.000000
vn 0.000000 0.000000 1.000000
v 42.000000 61.000000 43.000000
vt 0.000000 1.000000
vn 0.000000 0.000000 1.000000
f 6631/6631/6631 6632/6632/6632 6633/6633/6633
f 6631/6631/6631 6633/6633/6633 6634/6634/6634
v 68.000000 36.000000 41.000000
vt 0.000000 0.000000
vn 0.000000 0.000000 -1.000000
v 42.000000 36.000000 41.000000
vt 1.000000 0.000000
vn 0.000000 0.000000 -1.000000
v 42.000000 61.000000 41.000000
vt 1.000000 1.000000
vn 0.000000 0.000000 -1.000000
v 68.000000 61.000000 41.000000
vt 0.000000 1.000000
vn 0.000000 0.000000 -1.000000
f 6635/6635/6635 6636/6636/6636 6637/6637/6637
f 6635/6635/6635 6637/6637/6637 6638/6638/6638
v 68.000000 36.000000 43.000000
vt 0.000000 0.000000
vn 1.000000 0.000000 0.000000
v 68.000000 36.000000 41.000000
vt 1.000000 0.000000
vn 1.000000 0.000000 0.000000
v 68.000000 61.000000 41.000000
vt 1.000000 1.000000
vn 1.000000 0.000000 0.000000
v 68.000000 61.000000 43.000000
vt 0.000000 1.000000
vn 1.000000 0.000000 0.000000
f 6639/6639/6639 6640/6640/6640 6641/6641/6641
f 6639/6639/6639 6641/6641/6641 6642/6642/6642
v 42.000000 36.000000 41.000000
vt 0.000000 0.000000
vn -1.000000 0.000000 0.000000
v 42.000000 36.000000 43.000000
vt 1.000000 0.000000
vn -1.000000 0.000000 0.000000
v 42.000000 61.000000 43.000000
vt 1.000000 1.000000
vn -1.000000 0.000000 0.000000
v 42.000000 61.000000 41.000000
vt 0.000000 1.000000
vn -1.000000 0.000000 0.000000
f 6643/6643/6643 6644/6644/6644 6645/6645/6645
f 6643/6643/6643 6645/6645/6645 6646/6646/6646
v 42.000000 61.000000 43.000000
vt 0.000000 0.000000
vn 0.000000 1.000000 0.000000
v 68.000000 61.000000 43.000000
vt 1.000000 0.000000
vn 0.000000 1.000000 0.000000
v 68.000000 61.000000 41.000000
vt 1.000000 1.000000
vn 0.000000 1.000000 0.000000
v 42.000000 61.000000 41.000000
vt 0.000000 1.000000
vn 0.000000 1.000000 0.000000
f 6647/6647/6647 6648/6648/6648 6649/6649/6649
f 6647/6647/6647 6649/6649/6649 6650/6650/6650
v 42.000000 36.000000 41.000000
vt 0.000000 0.000000
vn 0.000000 -1.000000 0.000000
v 68.000000 36.000000 41.000000
vt 1.000000 0.000000
vn 0.000000 -1.000000 0.000000
v 68.000000 36.000000 43.000000
vt 1.000000 1.000000
vn 0.000000 -1.000000 0.000000
v 42.000000 36.000000 43.000000
vt 0.000000 1.000000
vn 0.000000 -1.000000 0.000000
f 6651/6651/6651 6652/6652/6652 6653/6653/6653
f 6651/6651/6651 6653/6653/6653 6654/6654/6654
v -13.000000 36.000000 -40.000000
vt 0.000000 0.000000
vn 0.000000 0.000000 1.000000
v 13.000000 36.000000 -40.000000
vt 1.000000 0.000000
vn 0.000000 0.000000 1.000000
v 13.000000 60.000000 -40.000000
vt 1.000000 1.000000
vn 0.000000 0.000000 1.000000
v -13.000000 60.000000 -40.000000
vt 0.000000 1.000000
vn 0.000000 0.000000 1.000000
f 6655/6655/6655 6656/6656/6656 6657/6657/6657
f 6655/6655/6655 6657/6657/6657 6658/6658/6658
v 13.000000 36.000000 -42.000000
vt 0.000000 0.000000
vn 0.000000 0.000000 -1.000000
v -13.000000 36.000000 -42.000000
vt 1.000000 0.000000
vn 0.000000 0.000000 -1.000000
v -13.000000 60.000000 -42.000000
vt 1.000000 1.000000
vn 0.000000 0.000000 -1.000000
v 13.000000 60.000000 -42.000000
vt 0.000000 1.000000
vn 0.000000 0.000000 -1.000000
f 6659/6659/6659 6660/6660/6660 6661/6661/6661
f 6659/6659/6659 6661/6661/6661 6662/6662/6662
v 13.000000 36.000000 -40.000000
vt 0.000000 0.000000
vn 1.000000 0.000000 0.000000
v 13.000000 36.000000 -42.000000
vt 1.000000 0.000000
vn 1.000000 0.000000 0.000000
v 13.000000 60.000000 -42.000000
vt 1.000000 1.000000
vn 1.000000 0.000000 0.000000
v 13.000000 60.000000 -40.000000
vt 0.000000 1.000000
vn 1.000000 0.000000 0.000000
f 6663/6663/6663 6664/6664/6664 6665/6665/6665
f 6663/6663/6663 6665/6665/6665 6666/6666/6666
v -13.000000 36.000000 -42.000000
vt 0.000000 0.000000
vn -1.000000 0.000000 0.000000
v -13.000000 36.000000 -40.000000
vt 1.000000 0.000000
vn -1.000000 0.000000 0.000000
v -13.000000 60.000000 -40.000000
vt 1.000000 1.000000
vn -1.000000 0.000000 0.000000
v -13.000000 60.000000 -42.000000
vt 0.000000 1.000000
vn -1.000000 0.000000 0.000000
f 6667/6667/6667 6668/6668/6668 6669/6669/6669
f 6667/6667/6667 6669/6669/6669 6670/6670/6670
v -13.000000 60.000000 -40.000000
vt 0.000000 0.000000
vn 0.000000 1.000000 0.000000
v 13.000000 60.000000 -40.000000
vt 1.000000 0.000000
vn 0.000000 1.000000 0.000000
v 13.000000 60.000000 -42.000000
vt 1.000000 1.000000
vn 0.000000 1.000000 0.000000
v -13.000000 60.000000 -42.000000
vt 0.000000 1.000000
vn 0.000000 1.000000 0.000000
f 6671/6671/6671 6672/6672/6672 6673/6673/6673
f 6671/6671/6671 6673/6673/6673 6674/6674/6674
v -13.000000 36.000000 -42.000000
vt 0.000000 0.000000
vn 0.000000 -1.000000 0.000000
v 13.000000 36.000000 -42.000000
vt 1.000000 0.000000
vn 0.000000 -1.000000 0.000000
v 13.000000 36.000000 -40.000000
vt 1.000000 1.000000
vn 0.000000 -1.000000 0.000000
v -13.000000 36.000000 -40.000000
vt 0.000000 1.000000
vn 0.000000 -1.000000 0.000000
f 6675/6675/6675 6676/6676/6676 6677/6677/6677
f 6675/6675/6675 6677/6677/6677 6678/6678/6678
o cottage_brick
usemtl brick
s off
v 42.000000 101.000000 -6.000000
vt 0.255000 0.255000
vn 0.000000 0.000000 1.000000
v 61.000000 101.000000 -6.000000
vt 0.495000 0.255000
vn 0.000000 0.000000 1.000000
v 61.000000 150.000000 -6.000000
vt 0.495000 0.495000
vn 0.000000 0.000000 1.000000
v 42.000000 150.000000 -6.000000
vt 0.255000 0.495000
vn 0.000000 0.000000 1.000000
f 6679/6679/6679 6680/6680/6680 6681/6681/6681
f 6679/6679/6679 6681/6681/6681 6682/6682/6682
v 61.000000 101.000000 -24.000000
vt 0.255000 0.255000
vn 0.000000 0.000000 -1.000000
v 42.000000 101.000000 -24.000000
vt 0.495000 0.255000
vn 0.000000 0.000000 -1.000000
v 42.000000 150.000000 -24.000000
vt 0.495000 0.495000
vn 0.000000 0.000000 -1.000000
v 61.000000 150.000000 -24.000000
vt 0.255000 0.495000
vn 0.000000 0.000000 -1.000000
f 6683/6683/6683 6684/6684/6684 6685/6685/6685
f 6683/6683/6683 6685/6685/6685 6686/6686/6686
v 61.000000 101.000000 -6.000000
vt 0.255000 0.255000
vn 1.000000 0.000000 0.000000
v 61.000000 101.000000 -24.000000
vt 0.495000 0.255000
vn 1.000000 0.000000 0.000000
v 61.000000 150.000000 -24.000000
vt 0.495000 0.495000
vn 1.000000 0.000000 0.000000
v 61.000000 150.000000 -6.000000
vt 0.255000 0.495000
vn 1.000000 0.000000 0.000000
f 6687/6687/6687 6688/6688/6688 6689/6689/6689
f 6687/6687/6687 6689/6689/6689 6690/6690/6690
v 42.000000 101.000000 -24.000000
vt 0.255000 0.255000
vn -1.000000 0.000000 0.000000
v 42.000000 101.000000 -6.000000
vt 0.495000 0.255000
vn -1.000000 0.000000 0.000000
v 42.000000 150.000000 -6.000000
vt 0.495000 0.495000
vn -1.000000 0.000000 0.000000
v 42.000000 150.000000 -24.000000
vt 0.255000 0.495000
vn -1.000000 0.000000 0.000000
f 6691/6691/6691 6692/6692/6692 6693/6693/6693
f 6691/6691/6691 6693/6693/6693 6694/6694/6694
v 42.000000 150.000000 -6.000000
vt 0.255000 0.255000
vn 0.000000 1.000000 0.000000
v 61.000000 150.000000 -6.000000
vt 0.495000 0.255000
vn 0.000000 1.000000 0.000000
v 61.000000 150.000000 -24.000000
vt 0.495000 0.495000
vn 0.000000 1.000000 0.000000
v 42.000000 150.000000 -24.000000
vt 0.255000 0.495000
vn 0.000000 1.000000 0.000000
f 6695/6695/6695 6696/6696/6696 6697/6697/6697
f 6695/6695/6695 6697/6697/6697 6698/6698/6698
v 42.000000 101.000000 -24.000000
vt 0.255000 0.255000
vn 0.000000 -1.000000 0.000000
v 61.000000 101.000000 -24.000000
vt 0.495000 0.255000
vn 0.000000 -1.000000 0.000000
v 61.000000 101.000000 -6.000000
vt 0.495000 0.495000
vn 0.000000 -1.000000 0.000000
v 42.000000 101.000000 -6.000000
vt 0.255000 0.495000
vn 0.000000 -1.000000 0.000000
f 6699/6699/6699 6700/6700/6700 6701/6701/6701
f 6699/6699/6699 6701/6701/6701 6702/6702/6702
